{
  "source_pdf": "references/cartledge_2017_dsp_fiber_nonlinearities.pdf",
  "source_page_1_based": 8,
  "source_page_png": "outputs/eval/source_page8.png",
  "source_plot_crop": "outputs/eval/source_plot_crop.png",
  "generated_plot_full": "outputs/eval/generated_plot_full.png",
  "generated_plot_crop": "outputs/eval/generated_plot_crop.png",
  "source_bbox_xyxy": [
    969,
    461,
    1451,
    924
  ],
  "generated_bbox_xyxy": [
    160,
    160,
    1662,
    1360
  ],
  "best_resize_only_axis_alignment": "flip_lr",
  "best_resize_only_metrics": {
    "mae_rgb_full": 16.316469192504883,
    "rmse_rgb_full": 55.4566650390625,
    "mae_by_channel_full": [
      14.825692176818848,
      14.599149703979492,
      19.570758819580078
    ],
    "rmse_by_channel_full": [
      50.86846923828125,
      53.40669631958008,
      61.544525146484375
    ],
    "signal_pixel_count": 279393,
    "signal_pixel_fraction": 0.15501165113182425,
    "ssim_full_rgb": 0.8540785312652588,
    "mae_rgb_signal": 104.53274536132812,
    "rmse_rgb_signal": 140.7898712158203,
    "mae_by_channel_signal": [
      94.85948181152344,
      93.56230163574219,
      125.45376586914062
    ],
    "rmse_by_channel_signal": [
      129.1277313232422,
      135.5927734375,
      156.25120544433594
    ]
  },
  "best_registered_axis_alignment": "rot180",
  "best_registered_metrics": {
    "mae_rgb_full": 9.622575759887695,
    "rmse_rgb_full": 39.633567810058594,
    "mae_by_channel_full": [
      8.622184753417969,
      7.326098442077637,
      12.917882919311523
    ],
    "rmse_by_channel_full": [
      35.36040496826172,
      35.0903205871582,
      47.23828887939453
    ],
    "signal_pixel_count": 235352,
    "signal_pixel_fraction": 0.13057700843320016,
    "ssim_full_rgb": 0.8833558559417725,
    "mae_rgb_signal": 73.33594512939453,
    "rmse_rgb_signal": 109.64429473876953,
    "mae_by_channel_signal": [
      65.60823059082031,
      55.90005111694336,
      98.48629760742188
    ],
    "rmse_by_channel_signal": [
      97.8065414428711,
      97.0849380493164,
      130.6865997314453
    ],
    "optimizer_success": true,
    "optimizer_fun_working_rgb_rmse": 67.94193267822266,
    "tx_px": 8.85755487090925,
    "ty_px": -9.541196836494178,
    "sx": 0.8388543819998318,
    "sy": 1.037562105796747,
    "work_width": 420,
    "work_height": 335
  },
  "all_alignment_trials": {
    "identity": {
      "mae_rgb_full": 16.31845474243164,
      "rmse_rgb_full": 55.46022415161133,
      "mae_by_channel_full": [
        14.827518463134766,
        14.601080894470215,
        19.573822021484375
      ],
      "rmse_by_channel_full": [
        50.87105178833008,
        53.410404205322266,
        61.54877853393555
      ],
      "signal_pixel_count": 279391,
      "signal_pixel_fraction": 0.15501054150022192,
      "ssim_full_rgb": 0.8540733456611633,
      "mae_rgb_signal": 104.54537963867188,
      "rmse_rgb_signal": 140.79930114746094,
      "mae_by_channel_signal": [
        94.87240600585938,
        93.57628631591797,
        125.47579193115234
      ],
      "rmse_by_channel_signal": [
        129.13458251953125,
        135.6025390625,
        156.2624053955078
      ]
    },
    "flip_lr": {
      "mae_rgb_full": 16.316469192504883,
      "rmse_rgb_full": 55.4566650390625,
      "mae_by_channel_full": [
        14.825692176818848,
        14.599149703979492,
        19.570758819580078
      ],
      "rmse_by_channel_full": [
        50.86846923828125,
        53.40669631958008,
        61.544525146484375
      ],
      "signal_pixel_count": 279393,
      "signal_pixel_fraction": 0.15501165113182425,
      "ssim_full_rgb": 0.8540785312652588,
      "mae_rgb_signal": 104.53274536132812,
      "rmse_rgb_signal": 140.7898712158203,
      "mae_by_channel_signal": [
        94.85948181152344,
        93.56230163574219,
        125.45376586914062
      ],
      "rmse_by_channel_signal": [
        129.1277313232422,
        135.5927734375,
        156.25120544433594
      ]
    },
    "flip_ud": {
      "mae_rgb_full": 16.319284439086914,
      "rmse_rgb_full": 55.461910247802734,
      "mae_by_channel_full": [
        14.814194679260254,
        14.587778091430664,
        19.568317413330078
      ],
      "rmse_by_channel_full": [
        50.886749267578125,
        53.41581344604492,
        61.544647216796875
      ],
      "signal_pixel_count": 279414,
      "signal_pixel_fraction": 0.15502330226364847,
      "ssim_full_rgb": 0.8540719151496887,
      "mae_rgb_signal": 104.54370880126953,
      "rmse_rgb_signal": 140.7979736328125,
      "mae_by_channel_signal": [
        94.78601837158203,
        93.48786926269531,
        125.43757629394531
      ],
      "rmse_by_channel_signal": [
        129.16799926757812,
        135.6087646484375,
        156.24839782714844
      ]
    },
    "rot180": {
      "mae_rgb_full": 16.317256927490234,
      "rmse_rgb_full": 55.458351135253906,
      "mae_by_channel_full": [
        14.811942100524902,
        14.585421562194824,
        19.565162658691406
      ],
      "rmse_by_channel_full": [
        50.884098052978516,
        53.41202926635742,
        61.54042434692383
      ],
      "signal_pixel_count": 279409,
      "signal_pixel_fraction": 0.1550205281846427,
      "ssim_full_rgb": 0.8540781140327454,
      "mae_rgb_signal": 104.53282165527344,
      "rmse_rgb_signal": 140.79022216796875,
      "mae_by_channel_signal": [
        94.77155303955078,
        93.47342681884766,
        125.42027282714844
      ],
      "rmse_by_channel_signal": [
        129.1624298095703,
        135.600341796875,
        156.23907470703125
      ]
    },
    "transpose": {
      "mae_rgb_full": 16.384811401367188,
      "rmse_rgb_full": 55.56621170043945,
      "mae_by_channel_full": [
        14.867847442626953,
        14.629582405090332,
        19.664690017700195
      ],
      "rmse_by_channel_full": [
        50.9637565612793,
        53.49026107788086,
        61.69712448120117
      ],
      "signal_pixel_count": 278863,
      "signal_pixel_fraction": 0.1547175987572126,
      "ssim_full_rgb": 0.8540715575218201,
      "mae_rgb_signal": 105.05985260009766,
      "rmse_rgb_signal": 141.1820068359375,
      "mae_by_channel_signal": [
        95.21126556396484,
        93.82954406738281,
        126.19987487792969
      ],
      "rmse_by_channel_signal": [
        129.47000122070312,
        135.9106903076172,
        156.77133178710938
      ]
    },
    "transpose_flip_lr": {
      "mae_rgb_full": 16.386974334716797,
      "rmse_rgb_full": 55.57000732421875,
      "mae_by_channel_full": [
        14.871025085449219,
        14.633035659790039,
        19.668088912963867
      ],
      "rmse_by_channel_full": [
        50.966373443603516,
        53.494319915771484,
        61.70173645019531
      ],
      "signal_pixel_count": 278873,
      "signal_pixel_fraction": 0.15472314691522415,
      "ssim_full_rgb": 0.854065477848053,
      "mae_rgb_signal": 105.06996154785156,
      "rmse_rgb_signal": 141.18911743164062,
      "mae_by_channel_signal": [
        95.2258071899414,
        93.84571838378906,
        126.21427154541016
      ],
      "rmse_by_channel_signal": [
        129.4744415283203,
        135.91868591308594,
        156.78038024902344
      ]
    },
    "transpose_flip_ud": {
      "mae_rgb_full": 16.38412094116211,
      "rmse_rgb_full": 55.564788818359375,
      "mae_by_channel_full": [
        14.881382942199707,
        14.643184661865234,
        19.66961097717285
      ],
      "rmse_by_channel_full": [
        50.953155517578125,
        53.486610412597656,
        61.697654724121094
      ],
      "signal_pixel_count": 278846,
      "signal_pixel_fraction": 0.15470816688859299,
      "ssim_full_rgb": 0.8540730476379395,
      "mae_rgb_signal": 105.06056213378906,
      "rmse_rgb_signal": 141.18252563476562,