wavelength_nm,power_0_mW_dbm,power_17_mW_dbm,power_73_mW_dbm,power_131_mW_dbm,power_188_mW_dbm,power_244_mW_dbm,power_296_mW_dbm,power_344_mW_dbm,power_367_mW_dbm
1546,-43.99605,-43.969425,-43.987167,-43.985315,-43.986981,-43.998738,-43.999294,-43.997286,-43.998069
1546.0031,-43.994967,-43.970152,-43.987746,-43.98512,-43.987351,-43.998405,-43.999139,-43.997498,-43.998203
1546.0062,-43.992836,-43.971577,-43.988826,-43.984809,-43.988067,-43.997738,-43.998795,-43.997846,-43.998401
1546.0094,-43.989733,-43.973636,-43.990267,-43.984512,-43.989083,-43.996742,-43.998211,-43.9982,-43.998543
1546.0125,-43.985783,-43.976232,-43.991901,-43.984368,-43.990333,-43.995435,-43.997337,-43.998416,-43.998499
1546.0156,-43.981167,-43.979226,-43.993553,-43.984492,-43.991738,-43.993851,-43.996145,-43.998366,-43.998161
1546.0187,-43.976112,-43.982453,-43.995065,-43.98495,-43.993205,-43.992048,-43.994642,-43.997963,-43.997456
1546.0219,-43.970884,-43.98572,-43.996301,-43.985764,-43.994636,-43.990101,-43.992862,-43.997159,-43.996357
1546.025,-43.965764,-43.988827,-43.997151,-43.986909,-43.995932,-43.988102,-43.990872,-43.995947,-43.994874
1546.0281,-43.961034,-43.991576,-43.997532,-43.988328,-43.996996,-43.986148,-43.988757,-43.994354,-43.993048
1546.0312,-43.956958,-43.993788,-43.997391,-43.98994,-43.997744,-43.984341,-43.986614,-43.992432,-43.99095
1546.0344,-43.953763,-43.995308,-43.996707,-43.991647,-43.998104,-43.982776,-43.98455,-43.99026,-43.988666
1546.0375,-43.95163,-43.996024,-43.995489,-43.993337,-43.998024,-43.981539,-43.982668,-43.987929,-43.986299
1546.0406,-43.950681,-43.995866,-43.993781,-43.994898,-43.997476,-43.9807,-43.981066,-43.985547,-43.98396
1546.0438,-43.950973,-43.994817,-43.991656,-43.996218,-43.996459,-43.98031,-43.979831,-43.983226,-43.981763
1546.0469,-43.952494,-43.992912,-43.989213,-43.997197,-43.994995,-43.980395,-43.979031,-43.981081,-43.979817
1546.05,-43.955163,-43.990238,-43.986573,-43.997747,-43.993136,-43.980955,-43.978713,-43.979219,-43.978222
1546.0531,-43.958833,-43.986929,-43.983872,-43.997805,-43.990956,-43.981964,-43.978899,-43.977735,-43.977061
1546.0563,-43.963299,-43.983157,-43.981253,-43.997331,-43.988549,-43.98337,-43.979583,-43.97671,-43.976398
1546.0594,-43.968309,-43.979126,-43.978858,-43.996316,-43.986028,-43.985096,-43.980733,-43.9762,-43.97627
1546.0625,-43.973578,-43.975056,-43.976821,-43.99478,-43.983511,-43.987045,-43.982289,-43.976234,-43.97669
1546.0656,-43.978802,-43.971175,-43.975255,-43.992773,-43.981124,-43.989102,-43.984166,-43.976815,-43.977637
1546.0687,-43.983675,-43.967701,-43.974254,-43.990374,-43.978988,-43.991144,-43.98626,-43.977917,-43.979065
1546.0719,-43.987907,-43.964833,-43.973879,-43.987686,-43.977213,-43.993043,-43.98845,-43.979482,-43.980898
1546.075,-43.991243,-43.962738,-43.974157,-43.984832,-43.975892,-43.994674,-43.990605,-43.981428,-43.983038
1546.0781,-43.993474,-43.961541,-43.97508,-43.981947,-43.9751,-43.995921,-43.992592,-43.983649,-43.985365
1546.0812,-43.994456,-43.961316,-43.9766,-43.979172,-43.97488,-43.996689,-43.994284,-43.986022,-43.987748
1546.0844,-43.994113,-43.962085,-43.978636,-43.976646,-43.975249,-43.996901,-43.995563,-43.988409,-43.990045
1546.0875,-43.992445,-43.96381,-43.981074,-43.974499,-43.97619,-43.99651,-43.996331,-43.990669,-43.992117
1546.0906,-43.989529,-43.966398,-43.983774,-43.972843,-43.977656,-43.995501,-43.996514,-43.992665,-43.993833
1546.0938,-43.985517,-43.969706,-43.986574,-43.971767,-43.979571,-43.99389,-43.996068,-43.994266,-43.995075
1546.0969,-43.980621,-43.973543,-43.989304,-43.971331,-43.981828,-43.991729,-43.994981,-43.995361,-43.995748
1546.1,-43.975107,-43.977684,-43.99179,-43.971562,-43.984303,-43.989097,-43.993273,-43.995863,-43.995785
1546.1031,-43.969279,-43.98188,-43.993868,-43.972453,-43.986854,-43.986103,-43.991002,-43.995714,-43.995152
1546.1063,-43.963457,-43.985873,-43.99539,-43.973959,-43.98933,-43.982879,-43.988255,-43.994888,-43.993848
1546.1094,-43.957966,-43.989411,-43.996236,-43.976003,-43.991582,-43.979569,-43.985145,-43.993395,-43.991908
1546.1125,-43.953111,-43.992258,-43.996317,-43.978475,-43.993466,-43.976329,-43.98181,-43.991282,-43.989403
1546.1156,-43.949164,-43.994216,-43.995589,-43.98124,-43.994854,-43.973312,-43.978401,-43.988629,-43.986434
1546.1188,-43.946348,-43.995131,-43.994048,-43.984143,-43.995644,-43.970664,-43.975076,-43.985545,-43.983129
1546.1219,-43.944822,-43.994906,-43.991736,-43.987018,-43.995759,-43.968517,-43.971995,-43.982167,-43.979637
1546.125,-43.944677,-43.993508,-43.988738,-43.989695,-43.99516,-43.966977,-43.969305,-43.978647,-43.976118
1546.1281,-43.945925,-43.990969,-43.985181,-43.992011,-43.993845,-43.966122,-43.967139,-43.97515,-43.97274
1546.1312,-43.948502,-43.987389,-43.981224,-43.993817,-43.991848,-43.965998,-43.965602,-43.971841,-43.969663
1546.1344,-43.952266,-43.982928,-43.97705,-43.99499,-43.989241,-43.966613,-43.964774,-43.96888,-43.967038
1546.1375,-43.95701,-43.977797,-43.972861,-43.995436,-43.986132,-43.967938,-43.964697,-43.966412,-43.964992
1546.1406,-43.962467,-43.972252,-43.968861,-43.995097,-43.982657,-43.969906,-43.965375,-43.964557,-43.963628
1546.1437,-43.968327,-43.966574,-43.965251,-43.99396,-43.978972,-43.972417,-43.966778,-43.963408,-43.963015
1546.1469,-43.974252,-43.961057,-43.962212,-43.992052,-43.975249,-43.975341,-43.968833,-43.963025,-43.963185
1546.15,-43.979897,-43.95599,-43.959902,-43.989441,-43.971666,-43.978523,-43.971437,-43.963428,-43.964131
1546.1531,-43.984926,-43.951642,-43.958441,-43.986235,-43.968395,-43.981793,-43.974455,-43.964598,-43.965808
1546.1562,-43.989037,-43.948249,-43.957907,-43.982576,-43.965597,-43.984974,-43.977729,-43.966477,-43.96813
1546.1594,-43.991974,-43.945994,-43.958333,-43.978632,-43.963409,-43.987889,-43.981086,-43.968971,-43.970981
1546.1625,-43.993548,-43.945006,-43.9597,-43.97459,-43.961942,-43.990373,-43.984345,-43.971953,-43.974215
1546.1656,-43.993646,-43.945343,-43.961939,-43.970643,-43.96127,-43.992279,-43.987327,-43.975268,-43.977662
1546.1688,-43.992239,-43.946995,-43.964937,-43.966985,-43.96143,-43.99349,-43.989867,-43.978744,-43.981142
1546.1719,-43.989386,-43.949879,-43.968535,-43.963794,-43.962416,-43.993924,-43.991817,-43.982197,-43.984468
1546.175,-43.98523,-43.953844,-43.972542,-43.961232,-43.964179,-43.993536,-43.993061,-43.98544,-43.987461
1546.1781,-43.97999,-43.958677,-43.97674,-43.959426,-43.966634,-43.992327,-43.993517,-43.988299,-43.989955
1546.1813,-43.973948,-43.964112,-43.980898,-43.958468,-43.969655,-43.990339,-43.993143,-43.990612,-43.991809
1546.1844,-43.967435,-43.969847,-43.984783,-43.958411,-43.973089,-43.987655,-43.991942,-43.992248,-43.992911
1546.1875,-43.960809,-43.975554,-43.988169,-43.959258,-43.976758,-43.984398,-43.989958,-43.993107,-43.99319
1546.1906,-43.954439,-43.980902,-43.990858,-43.960968,-43.980472,-43.98072,-43.987277,-43.99313,-43.992617
1546.1937,-43.948678,-43.985573,-43.992681,-43.963458,-43.984032,-43.976796,-43.984024,-43.9923,-43.991205
1546.1969,-43.943847,-43.989279,-43.993515,-43.966601,-43.98725,-43.972816,-43.980353,-43.990645,-43.989013
1546.2,-43.940219,-43.99178,-43.99329,-43.970235,-43.989949,-43.968976,-43.976441,-43.988237,-43.986139
1546.2031,-43.937999,-43.992901,-43.991989,-43.974173,-43.991981,-43.965464,-43.972479,-43.985186,-43.982719
1546.2062,-43.937316,-43.992538,-43.989655,-43.978209,-43.993228,-43.962454,-43.968662,-43.981638,-43.978916
1546.2094,-43.938213,-43.990672,-43.986385,-43.982128,-43.993616,-43.960096,-43.965179,-43.977762,-43.974916
1546.2125,-43.940646,-43.987363,-43.982328,-43.985722,-43.993112,-43.958509,-43.962204,-43.97375,-43.970914
1546.2156,-43.944485,-43.982755,-43.977678,-43.988795,-43.991732,-43.957774,-43.959885,-43.969798,-43.967108
1546.2188,-43.949518,-43.977066,-43.972661,-43.991176,-43.989536,-43.957929,-43.958339,-43.966102,-43.963685
1546.2219,-43.955464,-43.970573,-43.967523,-43.992733,-43.98663,-43.958968,-43.957645,-43.962844,-43.960815
1546.225,-43.961986,-43.963603,-43.962522,-43.993371,-43.983155,-43.960843,-43.957841,-43.960187,-43.958641
1546.2281,-43.96871,-43.956509,-43.957907,-43.993047,-43.979283,-43.963463,-43.958919,-43.958263,-43.957271
1546.2313,-43.975244,-43.949656,-43.953913,-43.991765,-43.975207,-43.9667,-43.960829,-43.957169,-43.956775
1546.2344,-43.981201,-43.9434,-43.950742,-43.989584,-43.971133,-43.970393,-43.963479,-43.956962,-43.95718
1546.2375,-43.986222,-43.938064,-43.948557,-43.986606,-43.967266,-43.97436,-43.966741,-43.957654,-43.958468
1546.2406,-43.989997,-43.933929,-43.947469,-43.982978,-43.9638,-43.978403,-43.970457,-43.959214,-43.96058
1546.2438,-43.992283,-43.931214,-43.947539,-43.978883,-43.960911,-43.982322,-43.974443,-43.961569,-43.963414
1546.2469,-43.992923,-43.930063,-43.948765,-43.974525,-43.958745,-43.985921,-43.978505,-43.964605,-43.966834
1546.25,-43.991851,-43.930544,-43.951089,-43.970126,-43.957412,-43.989022,-43.982443,-43.968178,-43.970677
1546.2531,-43.989102,-43.932635,-43.954397,-43.965907,-43.956982,-43.991472,-43.986066,-43.972115,-43.974757
1546.2562,-43.984808,-43.936233,-43.958522,-43.962084,-43.957477,-43.993151,-43.989197,-43.976227,-43.978879
1546.2594,-43.979193,-43.941154,-43.963257,-43.958849,-43.958875,-43.993982,-43.991686,-43.980316,-43.982846
1546.2625,-43.972556,-43.947143,-43.968361,-43.956368,-43.96111,-43.993931,-43.993418,-43.984189,-43.98647
1546.2656,-43.965259,-43.953883,-43.973573,-43.954767,-43.964071,-43.99301,-43.994315,-43.987662,-43.989584
1546.2687,-43.957704,-43.961018,-43.978627,-43.954128,-43.967615,-43.991276,-43.994346,-43.990575,-43.992045
1546.2719,-43.950307,-43.968162,-43.983261,-43.954487,-43.971567,-43.988829,-43.993523,-43.992797,-43.993748
1546.275,-43.94348,-43.974929,-43.987237,-43.955826,-43.975734,-43.985806,-43.991903,-43.994235,-43.994626
1546.2781,-43.937603,-43.980946,-43.99035,-43.958083,-43.979911,-43.982371,-43.989584,-43.994835,-43.994657
1546.2812,-43.933006,-43.985879,-43.992442,-43.961146,-43.983896,-43.978709,-43.986699,-43.994591,-43.993863
1546.2844,-43.929947,-43.989452,-43.993407,-43.964867,-43.987496,-43.975016,-43.983411,-43.993538,-43.992307
1546.2875,-43.928603,-43.991459,-43.993202,-43.969062,-43.99054,-43.971487,-43.979899,-43.991753,-43.990094
1546.2906,-43.929054,-43.991782,-43.991845,-43.973526,-43.992887,-43.968305,-43.976353,-43.98935,-43.987357
1546.2938,-43.931284,-43.990395,-43.989415,-43.978041,-43.994435,-43.965637,-43.972961,-43.986475,-43.984259
1546.2969,-43.935174,-43.987367,-43.986051,-43.982389,-43.995123,-43.963619,-43.969904,-43.983294,-43.980974
1546.3,-43.940513,-43.982856,-43.981938,-43.98636,-43.994937,-43.962354,-43.967339,-43.979987,-43.977686
1546.3031,-43.947004,-43.977105,-43.977302,-43.989768,-43.993908,-43.961905,-43.965398,-43.976736,-43.974575
1546.3063,-43.95428,-43.970424,-43.972394,-43.992455,-43.992113,-43.962296,-43.964181,-43.973719,-43.971808
1546.3094,-43.961925,-43.963173,-43.967478,-43.994306,-43.989666,-43.963506,-43.963747,-43.971095,-43.96953
1546.3125,-43.969495,-43.955744,-43.962817,-43.99525,-43.986715,-43.965473,-43.964116,-43.969004,-43.967859
1546.3156,-43.976542,-43.948535,-43.958658,-43.995265,-43.983431,-43.9681,-43.965268,-43.967551,-43.966881
1546.3187,-43.982641,-43.941935,-43.955219,-43.994378,-43.980002,-43.971257,-43.967143,-43.966811,-43.966642
1546.3219,-43.987417,-43.936295,-43.952681,-43.992665,-43.976617,-43.974789,-43.969646,-43.966817,-43.967152
1546.325,-43.990563,-43.931917,-43.951175,-43.990243,-43.973462,-43.978527,-43.972652,-43.967566,-43.96838
1546.3281,-43.991867,-43.929035,-43.950778,-43.987266,-43.970705,-43.982294,-43.976014,-43.969014,-43.97026
1546.3312,-43.991217,-43.927802,-43.951511,-43.983914,-43.968492,-43.985914,-43.979569,-43.971086,-43.972696
1546.3344,-43.988619,-43.928285,-43.953333,-43.980383,-43.966937,-43.989223,-43.983149,-43.973674,-43.975562
1546.3375,-43.984189,-43.93046,-43.956152,-43.976876,-43.966118,-43.99208,-43.986589,-43.976647,-43.978716
1546.3406,-43.978154,-43.934214,-43.959821,-43.973589,-43.966072,-43.994369,-43.989734,-43.979857,-43.982006
1546.3438,-43.970833,-43.93935,-43.964154,-43.970701,-43.966797,-43.996006,-43.992452,-43.983149,-43.985273
1546.3469,-43.962624,-43.945599,-43.96893,-43.96837,-43.968249,-43.996947,-43.994636,-43.986369,-43.988368
1546.35,-43.953975,-43.95263,-43.973909,-43.966716,-43.97035,-43.997186,-43.99621,-43.989368,-43.991155
1546.3531,-43.945364,-43.960072,-43.978844,-43.965823,-43.972987,-43.996753,-43.997134,-43.992018,-43.993519
1546.3563,-43.937268,-43.96753,-43.983493,-43.965732,-43.976023,-43.995714,-43.997405,-43.994212,-43.99537
1546.3594,-43.930138,-43.974611,-43.987633,-43.96644,-43.979304,-43.994167,-43.997055,-43.995871,-43.996653
1546.3625,-43.924371,-43.98094,-43.991072,-43.967903,-43.982668,-43.992232,-43.996147,-43.99695,-43.997342
1546.3656,-43.920294,-43.986188,-43.993662,-43.970037,-43.985953,-43.990046,-43.994774,-43.997437,-43.997447
1546.3688,-43.918137,-43.990085,-43.9953,-43.972722,-43.989004,-43.987753,-43.993049,-43.997351,-43.99701
1546.3719,-43.918029,-43.992441,-43.995943,-43.975814,-43.991688,-43.985498,-43.991099,-43.996744,-43.996098
1546.375,-43.919985,-43.993152,-43.9956,-43.97915,-43.993894,-43.983417,-43.989058,-43.995695,-43.994805
1546.3781,-43.923904,-43.99221,-43.994336,-43.982558,-43.995542,-43.981627,-43.987056,-43.9943,-43.993238
1546.3812,-43.929575,-43.989702,-43.992265,-43.985866,-43.996587,-43.980226,-43.985217,-43.992673,-43.991516
1546.3844,-43.936685,-43.985801,-43.989546,-43.988916,-43.997019,-43.979283,-43.983645,-43.990934,-43.989757
1546.3875,-43.944836,-43.980761,-43.986366,-43.991567,-43.996864,-43.978838,-43.982423,-43.9892,-43.988077
1546.3906,-43.953562,-43.974896,-43.982935,-43.993705,-43.996179,-43.978898,-43.981611,-43.987582,-43.986576
1546.3937,-43.962356,-43.968564,-43.979469,-43.995251,-43.99505,-43.979439,-43.981237,-43.986177,-43.985339
1546.3969,-43.970701,-43.962143,-43.976181,-43.996162,-43.993585,-43.980412,-43.981302,-43.98506,-43.984427
1546.4,-43.978092,-43.956012,-43.973266,-43.996434,-43.991905,-43.98174,-43.981777,-43.984284,-43.983877
1546.4031,-43.984073,-43.950528,-43.97089,-43.996102,-43.990137,-43.983329,-43.98261,-43.983876,-43.983699
1546.4062,-43.988263,-43.946007,-43.969183,-43.995232,-43.988408,-43.985075,-43.983727,-43.983835,-43.983876
1546.4094,-43.990379,-43.942704,-43.968234,-43.993923,-43.986832,-43.986865,-43.985041,-43.984137,-43.984368
1546.4125,-43.990256,-43.940803,-43.96808,-43.992293,-43.98551,-43.988591,-43.986453,-43.984732,-43.985115
1546.4156,-43.987859,-43.940404,-43.968713,-43.990477,-43.984517,-43.990155,-43.987865,-43.985554,-43.986043
1546.4188,-43.983286,-43.941523,-43.970075,-43.988611,-43.983903,-43.991473,-43.989181,-43.986522,-43.987065
1546.4219,-43.976764,-43.944086,-43.972069,-43.98683,-43.983688,-43.992482,-43.990319,-43.987549,-43.988093
1546.425,-43.968634,-43.947937,-43.974558,-43.985256,-43.983864,-43.993144,-43.991213,-43.988545,-43.989044
1546.4281,-43.959336,-43.952845,-43.977381,-43.98399,-43.984394,-43.993448,-43.991816,-43.98943,-43.989842
1546.4313,-43.949375,-43.958519,-43.980357,-43.983107,-43.985214,-43.993409,-43.992108,-43.990131,-43.990427
1546.4344,-43.939302,-43.964625,-43.983304,-43.982652,-43.986244,-43.993065,-43.992094,-43.990596,-43.990758
1546.4375,-43.929673,-43.970804,-43.986043,-43.982635,-43.987386,-43.99248,-43.9918,-43.990791,-43.990818
1546.4406,-43.921023,-43.976691,-43.988413,-43.983036,-43.988539,-43.991729,-43.991279,-43.990708,-43.990611
1546.4437,-43.913834,-43.981943,-43.990282,-43.983802,-43.989599,-43.990902,-43.990596,-43.990362,-43.990168
1546.4469,-43.908509,-43.986255,-43.991554,-43.984853,-43.990473,-43.990088,-43.989834,-43.989789,-43.989537
1546.45,-43.905351,-43.98938,-43.992174,-43.986088,-43.991081,-43.989375,-43.989079,-43.98905,-43.988785
1546.4531,-43.904544,-43.991147,-43.992133,-43.987393,-43.991365,-43.988841,-43.988417,-43.988217,-43.987994
1546.4562,-43.906144,-43.991469,-43.991468,-43.988645,-43.991294,-43.988545,-43.987927,-43.987377,-43.987248
1546.4594,-43.910072,-43.990347,-43.990256,-43.989727,-43.990861,-43.988527,-43.987674,-43.986616,-43.986632
1546.4625,-43.916121,-43.987876,-43.988614,-43.990534,-43.990093,-43.988799,-43.987701,-43.986022,-43.986225
1546.4656,-43.923959,-43.984233,-43.986684,-43.990978,-43.989041,-43.989346,-43.988032,-43.985668,-43.986089
1546.4688,-43.933149,-43.979668,-43.984629,-43.990998,-43.987782,-43.990128,-43.988659,-43.985616,-43.986269
1546.4719,-43.943169,-43.974489,-43.982618,-43.990566,-43.986412,-43.991077,-43.989549,-43.985901,-43.986783
1546.475,-43.953438,-43.969037,-43.980814,-43.989686,-43.98504,-43.992103,-43.99064,-43.986534,-43.987622
1546.4781,-43.96335,-43.963672,-43.979367,-43.988397,-43.983778,-43.993102,-43.991849,-43.987497,-43.98875
1546.4813,-43.972308,-43.958745,-43.978397,-43.986772,-43.982738,-43.993959,-43.99307,-43.988742,-43.990099
1546.4844,-43.979757,-43.954578,-43.977988,-43.984912,-43.982017,-43.994557,-43.994185,-43.990192,-43.991576
1546.4875,-43.985222,-43.951443,-43.978184,-43.982939,-43.981693,-43.994787,-43.995071,-43.991745,-43.993069
1546.4906,-43.988335,-43.949548,-43.97898,-43.980991,-43.98182,-43.994556,-43.995607,-43.99328,-43.994448
1546.4938,-43.988861,-43.949018,-43.980326,-43.979211,-43.982418,-43.993792,-43.995682,-43.99466,-43.995575
1546.4969,-43.986716,-43.949893,-43.982123,-43.977735,-43.983472,-43.992453,-43.995207,-43.995747,-43.996316
1546.5,-43.981972,-43.952121,-43.984235,-43.976686,-43.984933,-43.990532,-43.994119,-43.996402,-43.996545
1546.5031,-43.974856,-43.95556,-43.98649,-43.976163,-43.986713,-43.988061,-43.992389,-43.996504,-43.996157
1546.5062,-43.965737,-43.959985,-43.988697,-43.976232,-43.988695,-43.985108,-43.990027,-43.995953,-43.995075
1546.5094,-43.955102,-43.965099,-43.990651,-43.976919,-43.990733,-43.981777,-43.98708,-43.994677,-43.993255
1546.5125,-43.943531,-43.970553,-43.992153,-43.97821,-43.992666,-43.978204,-43.983638,-43.992647,-43.990696
1546.5156,-43.931659,-43.975963,-43.993022,-43.980045,-43.99432,-43.97455,-43.979826,-43.989872,-43.987439
1546.5187,-43.920143,-43.980934,-43.993103,-43.982321,-43.995524,-43.970991,-43.975799,-43.986408,-43.98357
1546.5219,-43.90962,-43.985088,-43.992289,-43.984894,-43.99612,-43.967711,-43.971737,-43.982352,-43.979216
1546.525,-43.900677,-43.988084,-43.990522,-43.987589,-43.995973,-43.964889,-43.967833,-43.977847,-43.97454
1546.5281,-43.893813,-43.989645,-43.987802,-43.990206,-43.994983,-43.962687,-43.964284,-43.973065,-43.969735
1546.5312,-43.889416,-43.989578,-43.984192,-43.992531,-43.993091,-43.961243,-43.961277,-43.968209,-43.965011
1546.5344,-43.887741,-43.987786,-43.979814,-43.994352,-43.990288,-43.960656,-43.95898,-43.963498,-43.960589
1546.5375,-43.888893,-43.98428,-43.974848,-43.995469,-43.986616,-43.960984,-43.957531,-43.959154,-43.956686
1546.5406,-43.892824,-43.979183,-43.969517,-43.995709,-43.982173,-43.962232,-43.957027,-43.955392,-43.9535
1546.5438,-43.899328,-43.972719,-43.964082,-43.994936,-43.977105,-43.964354,-43.957515,-43.952407,-43.951203
1546.5469,-43.908053,-43.965205,-43.958821,-43.993068,-43.971603,-43.967249,-43.958991,-43.950363,-43.949926
1546.55,-43.918516,-43.957036,-43.954017,-43.990077,-43.965894,-43.970762,-43.961393,-43.949379,-43.949754
1546.5531,-43.930124,-43.948654,-43.949942,-43.986002,-43.960227,-43.974694,-43.9646,-43.949525,-43.950714
1546.5563,-43.942207,-43.94053,-43.946835,-43.980943,-43.954864,-43.978806,-43.96844,-43.950809,-43.952771
1546.5594,-43.954052,-43.933131,-43.944892,-43.975063,-43.950064,-43.982833,-43.972693,-43.953182,-43.955831
1546.5625,-43.964942,-43.926892,-43.944247,-43.968581,-43.946068,-43.986496,-43.977099,-43.956526,-43.959736
1546.5656,-43.974202,-43.922194,-43.944969,-43.961759,-43.943083,-43.989515,-43.981373,-43.960669,-43.964274
1546.5687,-43.981238,-43.919333,-43.947045,-43.954893,-43.941273,-43.991632,-43.985218,-43.965379,-43.969185
1546.5719,-43.985574,-43.918508,-43.950385,-43.948294,-43.940748,-43.992619,-43.988343,-43.970382,-43.974172
1546.575,-43.986889,-43.919802,-43.954817,-43.942274,-43.941551,-43.992296,-43.990476,-43.975371,-43.978917
1546.5781,-43.985035,-43.923173,-43.960095,-43.937127,-43.943655,-43.990546,-43.991382,-43.980021,-43.983094
1546.5812,-43.980053,-43.928453,-43.965907,-43.933115,-43.946963,-43.987321,-43.990882,-43.984004,-43.98639
1546.5844,-43.97217,-43.935353,-43.971893,-43.930449,-43.951305,-43.982653,-43.988861,-43.987012,-43.988521
1546.5875,-43.961787,-43.94347,-43.977656,-43.929279,-43.956449,-43.976649,-43.985279,-43.98877,-43.98925
1546.5906,-43.949457,-43.952311,-43.982789,-43.92968,-43.962102,-43.969495,-43.980178,-43.989056,-43.988403
1546.5938,-43.935849,-43.961311,-43.986895,-43.931647,-43.96793,-43.961444,-43.973685,-43.987716,-43.985882
1546.5969,-43.921709,-43.969867,-43.989613,-43.935093,-43.97357,-43.952807,-43.966,-43.984674,-43.98167
1546.6,-43.907819,-43.97737,-43.990637,-43.939844,-43.978649,-43.943936,-43.9574,-43.979942,-43.975844
1546.6031,-43.894947,-43.983243,-43.989743,-43.945651,-43.982805,-43.935209,-43.948214,-43.97362,-43.968562
1546.6063,-43.883807,-43.986977,-43.986801,-43.952191,-43.985707,-43.92701,-43.938818,-43.965897,-43.96007
1546.6094,-43.875022,-43.988163,-43.981788,-43.95909,-43.987074,-43.919708,-43.929607,-43.957041,-43.950682
1546.6125,-43.869086,-43.986528,-43.974797,-43.965931,-43.986695,-43.91364,-43.920982,-43.947386,-43.940767
1546.6156,-43.86634,-43.981951,-43.966032,-43.97228,-43.984444,-43.909092,-43.913328,-43.93732,-43.930736
1546.6188,-43.866952,-43.974479,-43.955803,-43.977709,-43.980288,-43.906282,-43.906993,-43.927263,-43.921015
1546.6219,-43.870907,-43.964332,-43.944508,-43.981817,-43.974297,-43.90535,-43.902269,-43.917647,-43.912029
1546.625,-43.878004,-43.951887,-43.932617,-43.984255,-43.966638,-43.906347,-43.899379,-43.908894,-43.904176
1546.6281,-43.887864,-43.937667,-43.920649,-43.98475,-43.957573,-43.909228,-43.898463,-43.901394,-43.897811
1546.6312,-43.899945,-43.922309,-43.909139,-43.983122,-43.947446,-43.913853,-43.899569,-43.895488,-43.893225
1546.6344,-43.913566,-43.906531,-43.898616,-43.979296,-43.936667,-43.919988,-43.902645,-43.891448,-43.890632
1546.6375,-43.927941,-43.891089,-43.889575,-43.973315,-43.925688,-43.927316,-43.907542,-43.889462,-43.890154
1546.6406,-43.942222,-43.87674,-43.882448,-43.965337,-43.914987,-43.935443,-43.914014,-43.889624,-43.891813
1546.6437,-43.955541,-43.864202,-43.877582,-43.955629,-43.905038,-43.943921,-43.92173,-43.891927,-43.89553
1546.6469,-43.967068,-43.854111,-43.875221,-43.944561,-43.896291,-43.952267,-43.930282,-43.89626,-43.90112
1546.65,-43.976056,-43.84699,-43.875491,-43.932579,-43.889147,-43.959982,-43.939206,-43.902407,-43.908304
1546.6531,-43.981894,-43.843221,-43.878388,-43.920191,-43.883937,-43.966585,-43.948004,-43.910058,-43.916711
1546.6562,-43.984147,-43.84302,-43.883775,-43.907936,-43.880909,-43.971633,-43.956162,-43.918819,-43.925901
1546.6594,-43.98259,-43.846423,-43.891382,-43.896359,-43.880208,-43.974747,-43.963185,-43.928226,-43.935375
1546.6625,-43.977224,-43.853281,-43.900818,-43.885983,-43.881872,-43.975641,-43.968618,-43.937768,-43.944608
1546.6656,-43.968277,-43.863256,-43.91158,-43.877283,-43.885823,-43.974135,-43.972074,-43.94691,-43.953067
1546.6688,-43.956199,-43.875834,-43.923077,-43.870662,-43.89187,-43.97017,-43.97326,-43.955119,-43.960241
1546.6719,-43.941628,-43.89034,-43.934653,-43.866431,-43.899713,-43.963816,-43.971992,-43.961894,-43.965672
1546.675,-43.925353,-43.905969,-43.945624,-43.864792,-43.908953,-43.955268,-43.968211,-43.966794,-43.968979
1546.6781,-43.908267,-43.92182,-43.955308,-43.865826,-43.919108,-43.944842,-43.961988,-43.969463,-43.96988
1546.6813,-43.891313,-43.93694,-43.963067,-43.869485,-43.929636,-43.932955,-43.953525,-43.969652,-43.968214
1546.6844,-43.875428,-43.950378,-43.96834,-43.875596,-43.939957,-43.920106,-43.943142,-43.967236,-43.963952
1546.6875,-43.861493,-43.961236,-43.970683,-43.883857,-43.949481,-43.906853,-43.931265,-43.962226,-43.957198
1546.6906,-43.850284,-43.968728,-43.969794,-43.893854,-43.957642,-43.893779,-43.918403,-43.954768,-43.94819
1546.6937,-43.842429,-43.97223,-43.965541,-43.905072,-43.96393,-43.88147,-43.90512,-43.945138,-43.937287
1546.6969,-43.838378,-43.971322,-43.957966,-43.91692,-43.967914,-43.870481,-43.892012,-43.933729,-43.924949
1546.7,-43.838374,-43.965827,-43.947295,-43.928757,-43.969277,-43.86131,-43.879668,-43.921031,-43.911718
1546.7031,-43.842443,-43.955821,-43.93392,-43.939922,-43.96783,-43.854378,-43.868652,-43.907606,-43.898183
1546.7062,-43.850386,-43.941638,-43.918387,-43.949766,-43.96353,-43.850004,-43.859467,-43.894056,-43.884957
1546.7094,-43.861784,-43.923852,-43.901362,-43.957695,-43.956482,-43.848393,-43.852538,-43.880997,-43.872645
1546.7125,-43.876015,-43.903245,-43.883596,-43.963194,-43.946939,-43.849625,-43.848186,-43.869028,-43.86181
1546.7156,-43.892282,-43.880763,-43.865889,-43.965868,-43.935287,-43.853647,-43.846618,-43.8587,-43.852953
1546.7188,-43.909647,-43.857462,-43.849046,-43.96546,-43.922026,-43.860276,-43.847913,-43.850489,-43.846486
1546.7219,-43.927082,-43.83445,-43.833838,-43.961872,-43.907744,-43.869201,-43.852019,-43.844781,-43.842714
1546.725,-43.943524,-43.812827,-43.820965,-43.955177,-43.893084,-43.879998,-43.858749,-43.841845,-43.841819
1546.7281,-43.957935,-43.793633,-43.811024,-43.945609,-43.878715,-43.892144,-43.867794,-43.841828,-43.843854
1546.7313,-43.96937,-43.777793,-43.804479,-43.933559,-43.865297,-43.90504,-43.878725,-43.84474,-43.848737
1546.7344,-43.977041,-43.766074,-43.801643,-43.919552,-43.853447,-43.918037,-43.891019,-43.850459,-43.856251
1546.7375,-43.980366,-43.759054,-43.802657,-43.904218,-43.843714,-43.930468,-43.904075,-43.85873,-43.866055
1546.7406,-43.979021,-43.757089,-43.807488,-43.888259,-43.836549,-43.941682,-43.917242,-43.869173,-43.877693
1546.7438,-43.97296,-43.760296,-43.815924,-43.872412,-43.832291,-43.951077,-43.929853,-43.881302,-43.890616
1546.7469,-43.962427,-43.768549,-43.827576,-43.857413,-43.831144,-43.958137,-43.941256,-43.89454,-43.904201
1546.75,-43.94794,-43.781472,-43.841899,-43.843962,-43.833173,-43.962457,-43.950849,-43.908249,-43.917785
1546.7531,-43.930262,-43.798453,-43.858204,-43.832685,-43.838297,-43.963771,-43.958115,-43.921754,-43.930692
1546.7562,-43.910351,-43.818663,-43.875691,-43.824111,-43.846291,-43.961971,-43.962649,-43.934382,-43.94227
1546.7594,-43.889299,-43.841086,-43.893483,-43.818647,-43.856795,-43.957109,-43.964186,-43.945493,-43.951925
1546.7625,-43.86827,-43.864563,-43.910666,-43.816558,-43.869325,-43.949399,-43.962614,-43.954516,-43.959153
1546.7656,-43.848427,-43.887845,-43.926338,-43.817957,-43.883295,-43.939204,-43.957984,-43.960979,-43.963572
1546.7687,-43.830869,-43.909656,-43.939657,-43.822797,-43.898043,-43.927018,-43.950509,-43.96454,-43.964941
1546.7719,-43.81657,-43.928762,-43.949886,-43.830874,-43.912857,-43.913435,-43.940546,-43.965003,-43.963177
1546.775,-43.80633,-43.944045,-43.956444,-43.841832,-43.927014,-43.899119,-43.928586,-43.962336,-43.95836
1546.7781,-43.800733,-43.954573,-43.958937,-43.855178,-43.939813,-43.884769,-43.915218,-43.956668,-43.95073
1546.7812,-43.800113,-43.959663,-43.957185,-43.870299,-43.950615,-43.871082,-43.901099,-43.948285,-43.940671
1546.7844,-43.804539,-43.95893,-43.951238,-43.88649,-43.958878,-43.858722,-43.886923,-43.937612,-43.928692
1546.7875,-43.813802,-43.952318,-43.941371,-43.902985,-43.964186,-43.848284,-43.873379,-43.92519,-43.915393
1546.7906,-43.827424,-43.940104,-43.928071,-43.918994,-43.966278,-43.840273,-43.861126,-43.911644,-43.90144
1546.7938,-43.844668,-43.922883,-43.912005,-43.933743,-43.965058,-43.835078,-43.850754,-43.897651,-43.887523
1546.7969,-43.864571,-43.901531,-43.893982,-43.946512,-43.960608,-43.832957,-43.842762,-43.883904,-43.874325
1546.8,-43.885987,-43.877149,-43.874908,-43.956679,-43.953176,-43.834029,-43.837538,-43.871076,-43.862488
1546.8031,-43.90764,-43.850996,-43.855735,-43.963753,-43.943167,-43.838267,-43.835339,-43.859792,-43.852583
1546.8063,-43.928195,-43.824414,-43.837412,-43.967404,-43.931113,-43.845499,-43.836285,-43.850595,-43.845086
1546.8094,-43.946336,-43.798755,-43.820839,-43.967482,-43.917649,-43.855418,-43.840354,-43.843929,-43.840357
1546.8125,-43.96085,-43.775309,-43.806821,-43.964027,-43.903473,-43.867594,-43.847382,-43.840115,-43.83863
1546.8156,-43.970706,-43.755246,-43.796038,-43.957263,-43.889308,-43.881489,-43.85707,-43.839344,-43.839997
1546.8187,-43.975137,-43.739555,-43.789014,-43.947588,-43.875869,-43.896486,-43.869001,-43.841666,-43.844415
1546.8219,-43.973692,-43.729011,-43.786095,-43.935548,-43.863825,-43.911915,-43.882655,-43.846993,-43.8517
1546.825,-43.966282,-43.724138,-43.787437,-43.921802,-43.853768,-43.927085,-43.897431,-43.8551,-43.861541
1546.8281,-43.953188,-43.725194,-43.793002,-43.907087,-43.84619,-43.941319,-43.912679,-43.865642,-43.873516
1546.8312,-43.93505,-43.732154,-43.802561,-43.892176,-43.841459,-43.953988,-43.927728,-43.878161,-43.887103
1546.8344,-43.912822,-43.744717,-43.815697,-43.877838,-43.839808,-43.964545,-43.94192,-43.892114,-43.901714
1546.8375,-43.887712,-43.762312,-43.831832,-43.864798,-43.841325,-43.972552,-43.954645,-43.906894,-43.916715
1546.8406,-43.861106,-43.78412,-43.850242,-43.853705,-43.845955,-43.97771,-43.965369,-43.921863,-43.931461
1546.8438,-43.834477,-43.809108,-43.870098,-43.845104,-43.853499,-43.979864,-43.973666,-43.936377,-43.945323
1546.8469,-43.809299,-43.836069,-43.890496,-43.839411,-43.863628,-43.979022,-43.97924,-43.949825,-43.957728
1546.85,-43.786966,-43.863684,-43.910507,-43.836899,-43.875897,-43.97534,-43.981936,-43.961654,-43.96818
1546.8531,-43.768716,-43.890579,-43.929221,-43.837691,-43.889765,-43.969121,-43.981751,-43.971402,-43.97629
1546.8563,-43.755566,-43.915405,-43.945795,-43.841751,-43.904627,-43.960785,-43.978828,-43.97872,-43.981796
1546.8594,-43.748263,-43.936914,-43.959504,-43.848898,-43.919832,-43.950849,-43.973445,-43.983387,-43.98457
1546.8625,-43.747246,-43.954035,-43.969776,-43.858808,-43.934727,-43.939893,-43.965997,-43.985323,-43.98463
1546.8656,-43.752618,-43.965941,-43.976229,-43.871034,-43.948681,-43.928525,-43.956967,-43.984589,-43.982126
1546.8688,-43.764139,-43.972106,-43.978687,-43.885028,-43.961123,-43.917355,-43.9469,-43.981376,-43.977334
1546.8719,-43.781221,-43.972339,-43.977194,-43.900167,-43.971568,-43.906954,-43.93637,-43.975993,-43.970633
1546.875,-43.80295,-43.966795,-43.972002,-43.915783,-43.979644,-43.897837,-43.925947,-43.968846,-43.96248
1546.8781,-43.828115,-43.955962,-43.963552,-43.931199,-43.985108,-43.890432,-43.91617,-43.960408,-43.95338
1546.8812,-43.855261,-43.940622,-43.952444,-43.945762,-43.987859,-43.885071,-43.907522,-43.951194,-43.943862
1546.8844,-43.882753,-43.921796,-43.939396,-43.958877,-43.987936,-43.881973,-43.900406,-43.941726,-43.934445
1546.8875,-43.908866,-43.900674,-43.925197,-43.970036,-43.985513,-43.881239,-43.895131,-43.932511,-43.92561
1546.8906,-43.931884,-43.878536,-43.910665,-43.978849,-43.980883,-43.882859,-43.891904,-43.924013,-43.917784
1546.8937,-43.950217,-43.856677,-43.896596,-43.985057,-43.974434,-43.886709,-43.890821,-43.916631,-43.911317
1546.8969,-43.962505,-43.836328,-43.883724,-43.988544,-43.966627,-43.892568,-43.891874,-43.910683,-43.906469
1546.9,-43.967732,-43.818598,-43.872689,-43.989341,-43.95796,-43.900132,-43.894951,-43.906396,-43.903407
1546.9031,-43.965306,-43.804414,-43.864007,-43.987614,-43.948944,-43.909032,-43.899854,-43.903903,-43.902197
1546.9062,-43.955116,-43.794484,-43.858049,-43.983651,-43.940067,-43.918856,-43.906308,-43.903237,-43.902813
1546.9094,-43.937547,-43.78927,-43.855034,-43.977834,-43.931779,-43.929172,-43.913982,-43.904343,-43.905143
1546.9125,-43.913463,-43.788969,-43.85502,-43.970617,-43.924459,-43.93955,-43.922509,-43.907081,-43.908999
1546.9156,-43.884146,-43.793512,-43.857916,-43.962488,-43.918409,-43.949588,-43.931509,-43.911245,-43.914137
1546.9188,-43.851204,-43.802574,-43.863487,-43.953945,-43.913839,-43.95893,-43.940606,-43.916578,-43.920268
1546.9219,-43.816471,-43.815592,-43.871377,-43.94546,-43.910863,-43.967282,-43.949453,-43.922786,-43.927086
1546.925,-43.78188,-43.8318,-43.881133,-43.937458,-43.909502,-43.974424,-43.957746,-43.929566,-43.934279
1546.9281,-43.749352,-43.850271,-43.892232,-43.930296,-43.909691,-43.980219,-43.965238,-43.936614,-43.941552
1546.9313,-43.720688,-43.869966,-43.904114,-43.924243,-43.911289,-43.984608,-43.971751,-43.943652,-43.948641
1546.9344,-43.697472,-43.889802,-43.916218,-43.919477,-43.914095,-43.98761,-43.977176,-43.950438,-43.955327
1546.9375,-43.680996,-43.90871,-43.928009,-43.916083,-43.917868,-43.98931,-43.981471,-43.956776,-43.961443
1546.9406,-43.672197,-43.925709,-43.939017,-43.914051,-43.922343,-43.989842,-43.984657,-43.962528,-43.966879
1546.9437,-43.671612,-43.939962,-43.948853,-43.913292,-43.927254,-43.989373,-43.986807,-43.96761,-43.971581
1546.9469,-43.679348,-43.950841,-43.957237,-43.91365,-43.932353,-43.988086,-43.988026,-43.971991,-43.975543
1546.95,-43.695064,-43.957957,-43.964005,-43.914921,-43.937422,-43.986158,-43.988442,-43.975685,-43.978803
1546.9531,-43.717972,-43.961194,-43.969107,-43.916872,-43.942294,-43.983747,-43.988182,-43.978743,-43.981422
1546.9562,-43.746852,-43.960704,-43.972608,-43.919264,-43.946852,-43.980974,-43.987361,-43.981233,-43.983474
1546.9594,-43.78009,-43.95689,-43.974664,-43.921876,-43.951039,-43.977917,-43.986065,-43.983227,-43.985029
1546.9625,-43.815737,-43.950373,-43.975504,-43.924518,-43.954852,-43.974605,-43.984341,-43.984787,-43.986139
1546.9656,-43.8516,-43.941933,-43.975401,-43.927054,-43.958336,-43.971019,-43.982192,-43.985948,-43.986822
1546.9688,-43.885351,-43.932444,-43.97464,-43.929404,-43.961568,-43.967097,-43.979575,-43.986706,-43.987058
1546.9719,-43.914676,-43.922812,-43.973486,-43.931558,-43.964644,-43.962747,-43.976406,-43.987012,-43.986777
1546.975,-43.937426,-43.913895,-43.97216,-43.933564,-43.967658,-43.957859,-43.972569,-43.986769,-43.985864
1546.9781,-43.951787,-43.906445,-43.970812,-43.935527,-43.970684,-43.952324,-43.967931,-43.985832,-43.984166
1546.9813,-43.95643,-43.901051,-43.9695,-43.937594,-43.973757,-43.946054,-43.962358,-43.984018,-43.981496
1546.9844,-43.950636,-43.898093,-43.96819,-43.939931,-43.976856,-43.938998,-43.955734,-43.98112,-43.977655
1546.9875,-43.934372,-43.897712,-43.966746,-43.942702,-43.979894,-43.931163,-43.947984,-43.976923,-43.972449
1546.9906,-43.908307,-43.899798,-43.964942,-43.946045,-43.982708,-43.922624,-43.939091,-43.971226,-43.965711
1546.9938,-43.87377,-43.903985,-43.962482,-43.950047,-43.985063,-43.913534,-43.929113,-43.963866,-43.957325
1546.9969,-43.832646,-43.909679,-43.959023,-43.954723,-43.986655,-43.904127,-43.918191,-43.95474,-43.947246
1547,-43.787243,-43.916083,-43.954207,-43.959995,-43.987128,-43.894713,-43.906559,-43.943829,-43.93552
1547.0031,-43.740122,-43.922262,-43.947703,-43.965677,-43.986096,-43.885664,-43.89454,-43.931213,-43.922295
1547.0062,-43.693931,-43.927199,-43.93924,-43.971475,-43.983168,-43.877402,-43.882537,-43.917085,-43.907832
1547.0094,-43.651243,-43.929881,-43.928647,-43.976987,-43.977981,-43.870371,-43.871019,-43.90175,-43.8925
1547.0125,-43.614421,-43.929383,-43.915885,-43.981714,-43.970235,-43.86501,-43.860495,-43.885628,-43.876767
1547.0156,-43.585494,-43.924952,-43.901069,-43.985082,-43.959725,-43.861725,-43.851491,-43.869237,-43.861187
1547.0187,-43.566075,-43.916088,-43.884483,-43.986479,-43.946375,-43.860855,-43.844516,-43.853173,-43.846372
1547.0219,-43.557279,-43.902599,-43.866581,-43.985287,-43.930255,-43.862639,-43.84003,-43.838087,-43.832965
1547.025,-43.559684,-43.884646,-43.847969,-43.980934,-43.911604,-43.867192,-43.838407,-43.824646,-43.821603
1547.0281,-43.573285,-43.862751,-43.829385,-43.972942,-43.890829,-43.874472,-43.839907,-43.813503,-43.812883
1547.0312,-43.597478,-43.837778,-43.81166,-43.96097,-43.868498,-43.884265,-43.844641,-43.805255,-43.807323
1547.0344,-43.631054,-43.810888,-43.795673,-43.944863,-43.845324,-43.896169,-43.852547,-43.800405,-43.805326
1547.0375,-43.672215,-43.783469,-43.782297,-43.924679,-43.822132,-43.909594,-43.863371,-43.799329,-43.807145
1547.0406,-43.718615,-43.757048,-43.77235,-43.900713,-43.799825,-43.923766,-43.87665,-43.802234,-43.81285
1547.0438,-43.767441,-43.733195,-43.766533,-43.873496,-43.779335,-43.937748,-43.891716,-43.809135,-43.822305
1547.0469,-43.815536,-43.713424,-43.765381,-43.843786,-43.76158,-43.950476,-43.9077,-43.819828,-43.83515
1547.05,-43.859569,-43.699092,-43.769209,-43.812536,-43.747412,-43.960805,-43.92356,-43.833872,-43.850788
1547.0531,-43.896256,-43.691314,-43.778071,-43.780856,-43.737569,-43.967577,-43.938115,-43.850584,-43.868388
1547.0563,-43.922607,-43.690874,-43.791721,-43.749956,-43.732627,-43.969687,-43.950103,-43.869046,-43.886903
1547.0594,-43.936194,-43.698156,-43.809587,-43.721088,-43.732961,-43.966165,-43.958246,-43.88812,-43.905096
1547.0625,-43.935386,-43.713085,-43.830758,-43.695485,-43.7387,-43.956257,-43.961335,-43.906491,-43.921589
1547.0656,-43.919531,-43.735077,-43.85399,-43.674297,-43.749704,-43.939492,-43.958311,-43.922716,-43.934934
1547.0687,-43.889045,-43.763015,-43.877727,-43.658532,-43.765532,-43.915741,-43.948355,-43.935299,-43.943689
1547.0719,-43.845395,-43.795241,-43.900157,-43.648999,-43.785431,-43.885249,-43.930966,-43.942781,-43.946513
1547.075,-43.790977,-43.829582,-43.919286,-43.646257,-43.808339,-43.848642,-43.906013,-43.943834,-43.942267
1547.0781,-43.728913,-43.863419,-43.933053,-43.65057,-43.832893,-43.806905,-43.873776,-43.937371,-43.93011
1547.0812,-43.662801,-43.893799,-43.939458,-43.661865,-43.857472,-43.76134,-43.834947,-43.922633,-43.909579
1547.0844,-43.596445,-43.917598,-43.936716,-43.679702,-43.880257,-43.713496,-43.790603,-43.899273,-43.880648
1547.0875,-43.533607,-43.931745,-43.923409,-43.703251,-43.899312,-43.66509,-43.742157,-43.867405,-43.843754
1547.0906,-43.47779,-43.933466,-43.898631,-43.731285,-43.912697,-43.61792,-43.691275,-43.827619,-43.799792
1547.0938,-43.43207,-43.920557,-43.862093,-43.762188,-43.918594,-43.573778,-43.639797,-43.780963,-43.750071
1547.0969,-43.398966,-43.89162,-43.814187,-43.793988,-43.91545,-43.534367,-43.589633,-43.728889,-43.696239
1547.1,-43.380343,-43.846253,-43.755989,-43.824426,-43.902106,-43.501226,-43.54268,-43.673174,-43.640198
1547.1031,-43.377344,-43.785137,-43.689204,-43.851048,-43.877916,-43.47567,-43.500727,-43.615813,-43.583996
1547.1063,-43.390333,-43.710023,-43.616064,-43.871342,-43.842827,-43.458724,-43.465386,-43.558922,-43.529721
1547.1094,-43.418852,-43.62361,-43.539189,-43.882901,-43.797408,-43.451085,-43.438023,-43.504622,-43.479405
1547.1125,-43.461585,-43.529344,-43.46143,-43.883612,-43.742836,-43.45307,-43.419703,-43.454948,-43.434937
1547.1156,-43.516344,-43.431161,-43.385713,-43.871832,-43.680828,-43.464585,-43.411139,-43.411759,-43.39798
1547.1188,-43.580069,-43.33323,-43.314896,-43.846561,-43.613531,-43.485089,-43.412657,-43.376665,-43.369916
1547.1219,-43.648894,-43.239705,-43.251642,-43.807559,-43.543394,-43.513572,-43.424152,-43.350972,-43.351787
1547.125,-43.718266,-43.154521,-43.198328,-43.755396,-43.473019,-43.548545,-43.44506,-43.335624,-43.344251
1547.1281,-43.783166,-43.08123,-43.156953,-43.691439,-43.405029,-43.588041,-43.474334,-43.331165,-43.347545
1547.1312,-43.838427,-43.022883,-43.129087,-43.617756,-43.341942,-43.629655,-43.51043,-43.337699,-43.361448
1547.1344,-43.87916,-42.981941,-43.115809,-43.536979,-43.286064,-43.670609,-43.551313,-43.354858,-43.38525
1547.1375,-43.901224,-42.960204,-43.117662,-43.452116,-43.239408,-43.707866,-43.594494,-43.381767,-43.417729
1547.1406,-43.901707,-42.958751,-43.134601,-43.366367,-43.203628,-43.738295,-43.637095,-43.41703,-43.457141
1547.1437,-43.879297,-42.977866,-43.165945,-43.282942,-43.179964,-43.758875,-43.675972,-43.458718,-43.501226
1547.1469,-43.834498,-43.016955,-43.21032,-43.204907,-43.169204,-43.76693,-43.707881,-43.504389,-43.547256
1547.15,-43.769615,-43.074449,-43.265613,-43.135059,-43.171637,-43.760373,-43.729692,-43.551141,-43.59211
1547.1531,-43.688523,-43.147692,-43.328944,-43.075833,-43.187023,-43.737918,-43.738639,-43.59571,-43.632417
1547.1562,-43.596275,-43.232843,-43.396667,-43.029233,-43.21455,-43.699236,-43.73257,-43.634625,-43.664741
1547.1594,-43.498621,-43.324811,-43.464441,-42.996781,-43.252805,-43.645019,-43.710171,-43.664418,-43.685825
1547.1625,-43.401534,-43.417279,-43.527372,-42.979482,-43.29975,-43.57694,-43.671129,-43.681885,-43.692859
1547.1656,-43.310791,-43.502875,-43.580269,-42.977781,-43.352719,-43.497525,-43.616191,-43.684362,-43.683755
1547.1688,-43.231652,-43.573541,-43.618004,-42.99153,-43.408459,-43.40995,-43.547122,-43.669998,-43.657371
1547.1719,-43.168627,-43.621151,-43.63596,-43.01994,-43.463212,-43.317802,-43.466564,-43.637964,-43.613662
1547.175,-43.125326,-43.638332,-43.630517,-43.061542,-43.512878,-43.224835,-43.377824,-43.588576,-43.553717
1547.1781,-43.104351,-43.619398,-43.599489,-43.114143,-43.553248,-43.13475,-43.284615,-43.523292,-43.479682
1547.1813,-43.107215,-43.561197,-43.542429,-43.174809,-43.580312,-43.051016,-43.190812,-43.4446,-43.394579
1547.1844,-43.13425,-43.463649,-43.460731,-43.239875,-43.590613,-42.976735,-43.100217,-43.355804,-43.302059
1547.1875,-43.184504,-43.329824,-43.357496,-43.30503,-43.581606,-42.914543,-43.016381,-43.260759,-43.206122
1547.1906,-43.255618,-43.165539,-43.237209,-43.365471,-43.551958,-42.866551,-42.942463,-43.163584,-43.110857
1547.1937,-43.343688,-42.978575,-43.10529,-43.416167,-43.501736,-42.834298,-42.881143,-43.068403,-43.020208
1547.1969,-43.443171,-42.77776,-42.967603,-43.45223,-43.43244,-42.818718,-42.834551,-42.979129,-42.937801
1547.2,-43.546868,-42.572095,-42.830017,-43.469353,-43.346873,-42.820094,-42.804232,-42.899302,-42.866815
1547.2031,-43.646093,-42.370076,-42.698059,-43.464278,-43.248882,-42.838021,-42.791099,-42.831974,-42.8099
1547.2062,-43.731116,-42.179255,-42.576666,-43.435204,-43.143012,-42.871341,-42.7954,-42.77964,-42.76912
1547.2094,-43.791942,-42.006032,-42.470046,-43.382047,-43.034141,-42.918082,-42.816656,-42.744189,-42.745916
1547.2125,-43.819419,-41.855596,-42.381609,-43.306502,-42.927154,-42.975404,-42.853604,-42.726863,-42.741062
1547.2156,-43.806526,-41.731976,-42.31394,-43.211885,-42.826667,-43.039568,-42.904116,-42.728214,-42.754615
1547.2188,-43.749543,-41.63813,-42.268796,-43.10279,-42.73684,-43.105957,-42.965134,-42.748049,-42.785846
1547.2219,-43.648773,-41.576032,-42.24709,-42.984652,-42.661246,-43.169203,-43.032633,-42.785349,-42.833155
1547.225,-43.50858,-41.546728,-42.248862,-42.863274,-42.602802,-43.223423,-43.101641,-42.838179,-42.893973
1547.2281,-43.336716,-41.550349,-42.27321,-42.744421,-42.56372,-43.262618,-43.166371,-42.903582,-42.964671
1547.2313,-43.143185,-41.586051,-42.318193,-42.6335,-42.545474,-43.281201,-43.220495,-42.977497,-43.040515
1547.2344,-42.938951,-41.651898,-42.380705,-42.535337,-42.54875,-43.274609,-43.257583,-43.054731,-43.115698
1547.2375,-42.734819,-41.744686,-42.45635,-42.454053,-42.57337,-43.239894,-43.271706,-43.129027,-43.183514
1547.2406,-42.540627,-41.85973,-42.539366,-42.392998,-42.618189,-43.176169,-43.258112,-43.193303,-43.236719
1547.2438,-42.364785,-41.990656,-42.62264,-42.354713,-42.680951,-43.084792,-43.21388,-43.240098,-43.268111
1547.2469,-42.214099,-42.129283,-42.697927,-42.340904,-42.758122,-42.969248,-43.138378,-43.262235,-43.271277
1547.25,-42.093777,-42.26571,-42.756316,-42.352375,-42.844743,-42.834752,-43.033423,-43.253639,-43.241429
1547.2531,-42.007517,-42.388735,-42.78901,-42.388932,-42.934338,-42.687682,-42.903093,-43.210182,-43.176123
1547.2562,-41.957631,-42.486744,-42.788347,-42.449209,-43.018976,-42.53497,-42.753234,-43.130348,-43.075698
1547.2594,-41.945127,-42.549056,-42.748908,-42.530449,-43.089568,-42.38356,-42.590811,-43.015537,-42.943297
1547.2625,-41.969764,-42.567553,-42.668448,-42.628218,-43.136501,-42.239999,-42.423233,-42.869924,-42.784464
1547.2656,-42.030043,-42.538208,-42.548364,-42.736128,-43.150611,-42.110187,-42.257779,-42.699907,-42.606434
1547.2687,-42.123165,-42.462023,-42.393562,-42.845639,-43.124405,-41.999267,-42.101202,-42.513302,-42.41731
1547.2719,-42.24497,-42.345034,-42.211758,-42.946087,-43.053277,-41.911606,-41.959489,-42.318497,-42.225301
1547.275,-42.389903,-42.197399,-42.012439,-43.02512,-42.936381,-41.850848,-41.837793,-42.123728,-42.038139
1547.2781,-42.551033,-42.031905,-41.805777,-43.069702,-42.776876,-41.819976,-41.74045,-41.93657,-41.862727
1547.2812,-42.720173,-41.862365,-41.601718,-43.067722,-42.581455,-41.821354,-41.67107,-41.763657,-41.704988
1547.2844,-42.88809,-41.702318,-41.409375,-43.009973,-42.359316,-41.856729,-41.632632,-41.610598,-41.569865
1547.2875,-43.044708,-41.56418,-41.23673,-42.891992,-42.120901,-41.927133,-41.627566,-41.482036,-41.461432
1547.2906,-43.179149,-41.45884,-41.090574,-42.715109,-41.876726,-42.032681,-41.657787,-41.381778,-41.383032
1547.2938,-43.279313,-41.39555,-40.97662,-42.486282,-41.636516,-42.172204,-41.724639,-41.312959,-41.337436
1547.2969,-43.3308,-41.381932,-40.899687,-42.216784,-41.408712,-42.342693,-41.828734,-41.278191,-41.326964
1547.3,-43.31525,-41.423899,-40.863894,-41.920236,-41.200305,-42.538532,-41.969624,-41.279683,-41.353555
1547.3031,-43.208886,-41.525289,-40.872812,-41.610656,-41.016904,-42.750561,-42.145282,-41.319288,-41.418754
1547.3063,-42.982986,-41.686948,-40.929518,-41.300963,-40.862934,-42.965136,-42.351333,-41.398461,-41.523588
1547.3094,-42.608495,-41.904917,-41.036488,-41.002135,-40.741905,-43.163563,-42.580043,-41.518086,-41.668286
1547.3125,-42.065418,-42.167348,-41.195246,-40.722927,-40.656677,-43.322564,-42.819152,-41.678126,-41.851785
1547.3156,-41.353474,-42.449924,-41.405639,-40.469979,-40.609697,-43.416554,-43.050875,-41.877038,-42.070976
1547.3187,-40.497102,-42.710626,-41.664575,-40.248152,-40.603176,-43.422105,-43.251675,-42.110883,-42.319625
1547.3219,-39.540591,-42.887234,-41.964024,-40.060933,-40.639198,-43.323713,-43.393797,-42.372092,-42.587013
1547.325,-38.536461,-42.904716,-42.288173,-39.910854,-40.719707,-43.11854,-43.449364,-42.647959,-42.856483
1547.3281,-37.534118,-42.698603,-42.610068,-39.79986,-40.846358,-42.817563,-43.396798,-42.91916,-43.104491
1547.3312,-36.573182,-42.246338,-42.889132,-39.729614,-41.020145,-42.442408,-43.227324,-43.159083,-43.301199
1547.3344,-35.68158,-41.58137,-43.072785,-39.701731,-41.240714,-42.019671,-42.948142,-43.335252,-43.413958
1547.3375,-34.876459,-40.775688,-43.106237,-39.717921,-41.505234,-41.575458,-42.580278,-43.41419,-43.414185
1547.3406,-34.166161,-39.907952,-42.950768,-39.780034,-41.806694,-41.131851,-42.152418,-43.369662,-43.285864
1547.3438,-33.552296,-39.041507,-42.601365,-39.889954,-42.131562,-40.705549,-41.6941,-43.191325,-43.031384
1547.3469,-33.031564,-38.218288,-42.089938,-40.049289,-42.457109,-40.307994,-41.230919,-42.888834,-42.670973
1547.35,-32.597282,-37.461869,-41.471144,-40.258744,-42.749457,-39.946248,-40.78243,-42.488589,-42.236061
1547.3531,-32.240638,-36.782867,-40.802548,-40.517031,-42.964662,-39.624076,-40.362073,-42.025294,-41.760664
1547.3563,-31.951742,-36.183645,-40.131265,-40.819113,-43.055767,-39.342942,-39.978122,-41.533274,-41.27485
1547.3594,-31.72046,-35.661646,-39.489771,-41.153637,-42.986475,-39.10284,-39.634947,-41.040975,-40.801678
1547.3625,-31.537067,-35.21158,-38.897375,-41.499638,-42.745768,-38.902935,-39.334196,-40.569074,-40.356894
1547.3656,-31.392688,-34.826817,-38.363577,-41.823436,-42.353406,-38.742034,-39.075773,-40.130948,-39.950051
1547.3688,-31.27956,-34.500266,-37.891317,-42.078145,-41.851738,-38.618933,-38.858581,-39.734162,-39.586051
1547.3719,-31.191121,-34.22493,-37.479472,-42.209767,-41.290285,-38.532656,-38.681067,-39.382091,-39.266591
1547.375,-31.121991,-33.994239,-37.124612,-42.172332,-40.712964,-38.482624,-38.541609,-39.075339,-38.991334
1547.3781,-31.067853,-33.802245,-36.822166,-41.946961,-40.152262,-38.468759,-38.438784,-38.812822,-38.758784
1547.3812,-31.025313,-33.643706,-36.567179,-41.551673,-39.628933,-38.491524,-38.371561,-38.592564,-38.566911
1547.3844,-30.991731,-33.514112,-36.354788,-41.033386,-39.15427,-38.5519,-38.339411,-38.412249,-38.413588
1547.3875,-30.965076,-33.409653,-36.180517,-40.448944,-38.732857,-38.651267,-38.342376,-38.269605,-38.296887
1547.3906,-30.943791,-33.327163,-36.040432,-39.848713,-38.364945,-38.791134,-38.381081,-38.162656,-38.215276
1547.3937,-30.926687,-33.264036,-35.931236,-39.269186,-38.048216,-38.972647,-38.456673,-38.089884,-38.167748
1547.3969,-30.912853,-33.218133,-35.850285,-38.732794,-37.779008,-39.195773,-38.570661,-38.050337,-38.153895
1547.4,-30.901592,-33.18766,-35.795593,-38.250888,-37.553133,-39.458003,-38.724591,-38.043684,-38.173938
1547.4031,-30.892367,-33.171038,-35.765792,-37.827198,-37.366397,-39.752496,-38.919484,-38.070225,-38.228704
1547.4062,-30.884763,-33.166729,-35.760082,-37.460703,-37.21492,-40.065679,-39.154903,-38.130859,-38.319539
1547.4094,-30.878458,-33.173042,-35.77814,-37.147693,-37.095322,-40.374792,-39.427541,-38.226962,-38.448102
1547.4125,-30.873201,-33.187902,-35.819978,-36.88317,-37.00482,-40.646685,-39.729235,-38.360161,-38.615993
1547.4156,-30.868792,-33.208617,-35.885718,-36.661741,-36.941269,-40.84023,-40.044535,-38.53191,-38.824101
1547.4188,-30.865077,-33.231684,-35.975233,-36.478159,-36.903171,-40.914617,-40.348478,-38.742779,-39.071581
1547.4219,-30.861931,-33.252723,-36.087617,-36.32764,-36.889663,-40.842579,-40.60612,-38.991347,-39.354315
1547.425,-30.859254,-33.266623,-36.220442,-36.206012,-36.900484,-40.621931,-40.776268,-39.272587,-39.662823
1547.4281,-30.856968,-33.268004,-36.368816,-36.10978,-36.935922,-40.277079,-40.821085,-39.575745,-39.979855
1547.4313,-30.855007,-33.251963,-36.524388,-36.036118,-36.996711,-39.849216,-40.719311,-39.882055,-40.278477
1547.4344,-30.85332,-33.214997,-36.674626,-35.98285,-37.083857,-39.382449,-40.475589,-40.163253,-40.522418
1547.4375,-30.851864,-33.15583,-36.802931,-35.948401,-37.198344,-38.913707,-40.118922,-40.382788,-40.67107
1547.4406,-30.850604,-33.075826,-36.890275,-35.93175,-37.340651,-38.468835,-39.691378,-40.501859,-40.690104
1547.4437,-30.849511,-32.978817,-36.918673,-35.932388,-37.510019,-38.063087,-39.235003,-40.490447,-40.564163
1547.4469,-30.848561,-32.87036,-36.875861,-35.950265,-37.703422,-37.703496,-38.783448,-40.338855,-40.303807
1547.45,-30.847735,-32.756689,-36.759289,-35.985716,-37.914265,-37.391494,-38.359394,-40.062257,-39.941381
1547.4531,-30.847017,-32.643693,-36.577308,-36.039369,-38.13104,-37.12509,-37.975644,-39.694722,-39.518918
1547.4562,-30.846392,-32.536162,-36.346786,-36.111972,-38.336446,-36.900472,-37.63758,-39.277137,-39.07611
1547.4594,-30.84585,-32.437434,-36.088452,-36.204133,-38.507882,-36.713084,-37.345656,-38.846481,-38.643503
1547.4625,-30.845381,-32.349376,-35.822216,-36.315908,-38.620317,-36.558301,-37.097402,-38.430349,-38.240969
1547.4656,-30.844976,-32.272613,-35.564075,-36.446218,-38.651809,-36.431825,-36.888861,-38.046177,-37.879219
1547.4688,-30.84463,-32.206856,-35.324939,-36.592082,-38.590141,-36.329877,-36.715546,-37.702944,-37.562275
1547.4719,-30.844337,-32.151241,-35.110893,-36.747762,-38.437333,-36.249281,-36.573024,-37.40358,-37.289824
1547.475,-30.844092,-32.10461,-34.924188,-36.904026,-38.209219,-36.187469,-36.457246,-37.147164,-37.05906
1547.4781,-30.843892,-32.065723,-34.764421,-37.047949,-37.930313,-36.142449,-36.364707,-36.930617,-36.865974
1547.4813,-30.843733,-32.033382,-34.629598,-37.163768,-37.626982,-36.11277,-36.292501,-36.749872,-36.706205
1547.4844,-30.843614,-32.006508,-34.51695,-37.235188,-37.32207,-36.09747,-36.238315,-36.600639,-36.575543
1547.4875,-30.843533,-31.98417,-34.423487,-37.248961,-37.032286,-36.096044,-36.200402,-36.478846,-36.47021
1547.4906,-30.843487,-31.965582,-34.346344,-37.198603,-36.767949,-36.108404,-36.177531,-36.380879,-36.386982
1547.4938,-30.843478,-31.950098,-34.282952,-37.08656,-36.534035,-36.134853,-36.168955,-36.303682,-36.323228
1547.4969,-30.843505,-31.937189,-34.231109,-36.923638,-36.331664,-36.176044,-36.17437,-36.24478,-36.2769
1547.5,-30.843567,-31.92643,-34.188988,-36.725955,-36.159515,-36.232918,-36.193887,-36.202254,-36.246493
1547.5031,-30.843667,-31.917478,-34.155104,-36.510966,-36.014933,-36.306606,-36.228004,-36.174711,-36.231013
1547.5062,-30.843804,-31.910059,-34.128281,-36.294159,-35.894724,-36.39824,-36.27756,-36.161239,-36.229937
1547.5094,-30.843983,-31.903953,-34.107598,-36.087232,-35.795655,-36.508667,-36.343665,-36.16137,-36.243182
1547.5125,-30.844204,-31.898988,-34.092361,-35.897685,-35.714737,-36.637997,-36.427579,-36.175058,-36.271079
1547.5156,-30.844471,-31.895026,-34.082062,-35.729337,-35.649363,-36.784979,-36.53049,-36.202643,-36.314344
1547.5187,-30.844789,-31.891963,-34.076361,-35.583239,-35.597353,-36.946226,-36.653173,-36.244831,-36.374026
1547.5219,-30.845163,-31.889718,-34.075058,-35.458621,-35.556944,-37.115403,-36.795472,-36.302645,-36.451425
1547.525,-30.845597,-31.888234,-34.078089,-35.353689,-35.526761,-37.282647,-36.955595,-36.377344,-36.547938
1547.5281,-30.8461,-31.887473,-34.085512,-35.266209,-35.505772,-37.434627,-37.129278,-36.470279,-36.664797
1547.5312,-30.846681,-31.887413,-34.097503,-35.193882,-35.493257,-37.555743,-37.308953,-36.582649,-36.802666
1547.5344,-30.847349,-31.888051,-34.114354,-35.134566,-35.488774,-37.630687,-37.483266,-36.715113,-36.961034
1547.5375,-30.848117,-31.889398,-34.136461,-35.086382,-35.492133,-37.647961,-37.63741,-36.867222,-37.137434
1547.5406,-30.848999,-31.891481,-34.164317,-35.047749,-35.503384,-37.603121,-37.754761,-37.036681,-37.326522
1547.5438,-30.850015,-31.894343,-34.198485,-35.01738,-35.522801,-37.500207,-37.819948,-37.218485,-37.519255
1547.5469,-30.851185,-31.898046,-34.239544,-34.994259,-35.550878,-37.350591,-37.822656,-37.404143,-37.702537
1547.55,-30.852534,-31.902667,-34.288013,-34.977611,-35.588313,-37.16984,-37.760674,-37.581346,-37.859893
1547.5531,-30.854096,-31.908302,-34.344219,-34.966874,-35.635983,-36.974094,-37.640656,-37.734569,-37.973638
1547.5563,-30.855908,-31.915067,-34.408119,-34.961678,-35.69489,-36.777283,-37.476157,-37.847059,-38.028491
1547.5594,-30.858016,-31.923095,-34.479073,-34.96182,-35.766071,-36.589736,-37.283989,-37.904165,-38.015624
1547.5625,-30.86048,-31.932535,-34.555588,-34.967262,-35.850432,-36.418,-37.08055,-37.897115,-37.93538
1547.5656,-30.863369,-31.943548,-34.6351,-34.978115,-35.948496,-36.265396,-36.879338,-37.825643,-37.797217
1547.5687,-30.866772,-31.956293,-34.713868,-34.994639,-36.060056,-36.132859,-36.68992,-37.698121,-37.616904
1547.5719,-30.8708,-31.970915,-34.787096,-35.017246,-36.183714,-36.01978,-36.518053,-37.529099,-37.412418
1547.575,-30.875591,-31.987518,-34.849353,-35.046496,-36.316386,-35.924685,-36.366394,-37.335533,-37.200335
1547.5781,-30.881319,-32.006136,-34.895315,-35.083095,-36.452869,-35.845732,-36.235406,-37.133329,-36.993678
1547.5812,-30.888206,-32.026691,-34.92069,-35.127877,-36.585677,-35.781031,-36.124181,-36.935195,-36.801275
1547.5844,-30.896535,-32.048954,-34.923087,-35.181767,-36.705367,-35.728827,-36.03109,-36.749903,-36.628145
1547.5875,-30.906668,-32.072499,-34.902537,-35.245716,-36.801576,-35.687593,-35.954234,-36.582572,-36.476353
1547.5906,-30.919073,-32.09669,-34.861468,-35.32058,-36.864714,-35.656065,-35.891728,-36.435433,-36.345947
1547.5938,-30.934359,-32.120677,-34.804157,-35.406936,-36.887986,-35.633243,-35.84186,-36.308719,-36.235775
1547.5969,-30.953316,-32.143446,-34.735849,-35.504828,-36.869034,-35.61838,-35.803167,-36.201446,-36.144086
1547.6,-30.976975,-32.163904,-34.661849,-35.613436,-36.81053,-35.610961,-35.774459,-36.112005,-36.068947
1547.6031,-31.006689,-32.181005,-34.586819,-35.730714,-36.719459,-35.61069,-35.754822,-36.03858,-36.008496
1547.6063,-31.044221,-32.193885,-34.514381,-35.853059,-36.605402,-35.617473,-35.743596,-35.979391,-35.961072
1547.6094,-31.091872,-32.201985,-34.447021,-35.975146,-36.478548,-35.631413,-35.740366,-35.932848,-35.925288
1547.6125,-31.152616,-32.205134,-34.386197,-36.09007,-36.34806,-35.652805,-35.744944,-35.897605,-35.900042
1547.6156,-31.230262,-32.203557,-34.332558,-36.189941,-36.221137,-35.682137,-35.757358,-35.872591,-35.884516
1547.6188,-31.329607,-32.197829,-34.286178,-36.266942,-36.10274,-35.72009,-35.777847,-35.857004,-35.878162
1547.6219,-31.456577,-32.18877,-34.246777,-36.314709,-35.995795,-35.767542,-35.806862,-35.850299,-35.88069
1547.625,-31.618297,-32.177323,-34.213888,-36.329621,-35.901621,-35.825551,-35.84506,-35.852178,-35.892051
1547.6281,-31.823071,-32.164434,-34.186971,-36.311589,-35.820413,-35.89534,-35.893309,-35.862576,-35.912435
1547.6312,-32.08021,-32.150959,-34.165495,-36.264005,-35.751675,-35.978237,-35.952679,-35.881652,-35.942261
1547.6344,-32.399692,-32.137609,-34.148976,-36.192906,-35.694545,-36.075584,-36.024419,-35.90979,-35.982181
1547.6375,-32.791621,-32.124927,-34.137003,-36.105678,-35.648031,-36.188576,-36.109909,-35.94759,-36.033073
1547.6406,-33.26549,-32.113294,-34.129246,-36.009754,-35.611152,-36.318029,-36.210574,-35.995879,-36.096035
1547.6437,-33.829244,-32.102948,-34.125458,-35.911644,-35.583029,-36.464047,-36.327737,-36.055692,-36.172365
1547.6469,-34.488142,-32.094015,-34.125472,-35.816415,-35.562923,-36.625609,-36.462388,-36.128268,-36.263508
1547.65,-35.243381,-32.086536,-34.129201,-35.727588,-35.550253,-36.800096,-36.614873,-36.215007,-36.370972
1547.6531,-36.090434,-32.08049,-34.136631,-35.647299,-35.544599,-36.982848,-36.784469,-36.317402,-36.496187
1547.6562,-37.017095,-32.075819,-34.147819,-35.576602,-35.5457,-37.166892,-36.968897,-36.436918,-36.640273
1547.6594,-38.001387,-32.072434,-34.162895,-35.515776,-35.553449,-37.343037,-37.163827,-36.574806,-36.803728
1547.6625,-39.009909,-32.07023,-34.182059,-35.464617,-35.567887,-37.50054,-37.362504,-36.731827,-36.985998
1547.6656,-39.997998,-32.069091,-34.20558,-35.422649,-35.5892,-37.628423,-37.555702,-36.907879,-37.184968
1547.6688,-40.913674,-32.068891,-34.233801,-35.389282,-35.617718,-37.717304,-37.732229,-37.101531,-37.396418
1547.6719,-41.706733,-32.069496,-34.267139,-35.363915,-35.653917,-37.761265,-37.880138,-37.3095,-37.613575
1547.675,-42.341028,-32.070767,-34.306084,-35.345994,-35.698419,-37.759112,-37.988583,-37.526177,-37.826955
1547.6781,-42.803714,-32.072558,-34.351203,-35.335047,-35.751995,-37.714525,-38.049921,-37.743334,-38.024744
1547.6813,-43.105422,-32.07472,-34.403134,-35.3307,-35.815557,-37.635052,-38.061347,-37.950266,-38.193935
1547.6844,-43.271751,-32.077101,-34.462585,-35.33268,-35.890157,-37.530392,-38.025442,-38.134574,-38.322236
1547.6875,-43.332472,-32.079555,-34.530319,-35.340813,-35.976963,-37.410593,-37.949389,-38.283704,-38.400377
1547.6906,-43.314243,-32.081938,-34.607136,-35.355022,-36.077226,-37.284675,-37.843239,-38.38707,-38.424109
1547.6937,-43.238178,-32.08412,-34.693851,-35.375321,-36.192224,-37.159872,-37.717903,-38.438177,-38.395103
1547.6969,-43.120546,-32.085989,-34.791243,-35.401809,-36.323168,-37.041422,-37.583502,-38.436022,-38.320364
1547.7,-42.974474,-32.087456,-34.900007,-35.434661,-36.471081,-36.932731,-37.448367,-38.38516,-38.210454
1547.7031,-42.811387,-32.088459,-35.02067,-35.474131,-36.636614,-36.835726,-37.318691,-38.294459,-38.07727
1547.7062,-42.641755,-32.088967,-35.153494,-35.520536,-36.819822,-36.751242,-37.198623,-38.175074,-37.932115
1547.7094,-42.47527,-32.08898,-35.298354,-35.574256,-37.019879,-36.679377,-37.090617,-38.038411,-37.784471
1547.7125,-42.320701,-32.08853,-35.454592,-35.635723,-37.234763,-36.619781,-36.995853,-37.894616,-37.641514
1547.7156,-42.185666,-32.087676,-35.620856,-35.705412,-37.460939,-36.571859,-36.914626,-37.75178,-37.508153
1547.7188,-42.076461,-32.086501,-35.794943,-35.783825,-37.6931,-36.534921,-36.846679,-37.615758,-37.387384
1547.7219,-41.997993,-32.085107,-35.97366,-35.871476,-37.924062,-36.508269,-36.791442,-37.490377,-37.280739
1547.725,-41.953782,-32.08361,-36.152744,-35.968862,-38.144934,-36.491255,-36.748202,-37.377832,-37.188723
1547.7281,-41.946022,-32.08213,-36.326893,-36.076431,-38.345667,-36.483308,-36.716215,-37.279116,-37.111176
1547.7313,-41.975632,-32.080794,-36.489942,-36.194541,-38.516032,-36.483952,-36.694778,-37.194404,-37.047555
1547.7344,-42.042283,-32.079722,-36.635246,-36.323396,-38.646935,-36.492803,-36.683261,-37.12336,-36.99713
1547.7375,-42.144383,-32.079033,-36.756238,-36.462979,-38.731806,-36.509576,-36.68113,-37.065365,-36.959112
1547.7406,-42.279009,-32.078839,-36.847147,-36.612957,-38.767667,-36.534069,-36.687953,-37.019672,-36.932737
1547.7438,-42.441795,-32.079244,-36.903727,-36.772572,-38.755547,-36.566168,-36.703402,-36.985513,-36.917315
1547.7469,-42.626826,-32.080346,-36.923839,-36.940519,-38.700091,-36.605832,-36.727241,-36.962158,-36.912252
1547.75,-42.826573,-32.082237,-36.907749,-37.11481,-38.608548,-36.653088,-36.759329,-36.948951,-36.917064
1547.7531,-43.031957,-32.085005,-36.858031,-37.292655,-38.489467,-36.708025,-36.799607,-36.945332,-36.931372
1547.7562,-43.232643,-32.088732,-36.77914,-37.470366,-38.351496,-36.770783,-36.84809,-36.950843,-36.954907
1547.7594,-43.417653,-32.0935,-36.67675,-37.643338,-38.202495,-36.841544,-36.904859,-36.965126,-36.987496
1547.7625,-43.576317,-32.099391,-36.557039,-37.806138,-38.049046,-36.920516,-36.97005,-36.987919,-37.029058
1547.7656,-43.699503,-32.106487,-36.426066,-37.952744,-37.896292,-37.007916,-37.043841,-37.019056,-37.079591
1547.7687,-43.780872,-32.114871,-36.289308,-38.076974,-37.748013,-37.103945,-37.126436,-37.058454,-37.139165
1547.7719,-43.817847,-32.124626,-36.151397,-38.17306,-37.60681,-37.208754,-37.21804,-37.106104,-37.207905
1547.775,-43.811973,-32.135839,-36.016021,-38.236324,-37.47435,-37.322402,-37.318833,-37.162066,-37.285976
1547.7781,-43.768565,-32.148595,-35.88595,-38.263807,-37.351586,-37.444798,-37.428931,-37.226453,-37.37356
1547.7812,-43.695744,-32.162976,-35.763128,-38.254707,-37.238963,-37.57563,-37.548332,-37.299415,-37.470833
1547.7844,-43.603173,-32.179063,-35.648814,-38.210512,-37.136576,-37.714282,-37.67686,-37.381119,-37.577923
1547.7875,-43.500834,-32.196927,-35.543717,-38.134774,-37.044291,-37.859733,-37.814077,-37.471721,-37.694867
1547.7906,-43.398048,-32.216624,-35.448133,-38.032605,-36.961843,-38.010454,-37.959197,-37.571332,-37.821552
1547.7938,-43.302863,-32.238197,-35.362057,-37.910012,-36.888892,-38.164305,-38.110979,-37.67997,-37.957638
1547.7969,-43.221737,-32.261661,-35.28528,-37.773232,-36.825072,-38.318456,-38.267618,-37.797505,-38.10247
1547.8,-43.159469,-32.287001,-35.217462,-37.628185,-36.770021,-38.46935,-38.426644,-37.923587,-38.25498
1547.8031,-43.11926,-32.314167,-35.158193,-37.480093,-36.723399,-38.612747,-38.584857,-38.057563,-38.413571
1547.8063,-43.102826,-32.343063,-35.107026,-37.333285,-36.6849,-38.743869,-38.738308,-38.198381,-38.576012
1547.8094,-43.110538,-32.373548,-35.063518,-37.191142,-36.654262,-38.85768,-38.882381,-38.344496,-38.739351
1547.8125,-43.141536,-32.40543,-35.02724,-37.056155,-36.631265,-38.949287,-39.011992,-38.493774,-38.899868
1547.8156,-43.193823,-32.43847,-34.997799,-36.93003,-36.615737,-39.014435,-39.12192,-38.643424,-39.053114
1547.8187,-43.264351,-32.472385,-34.974839,-36.81383,-36.607552,-39.050014,-39.207268,-38.789972,-39.194048
1547.8219,-43.34911,-32.506856,-34.958049,-36.708116,-36.606627,-39.054478,-39.263989,-38.929312,-39.317316
1547.825,-43.44325,-32.541546,-34.947164,-36.61307,-36.612918,-39.028072,-39.289396,-39.056855,-39.417665
1547.8281,-43.541267,-32.576111,-34.941962,-36.528609,-36.626418,-38.972811,-39.282531,-39.167789,-39.490458
1547.8312,-43.637264,-32.610225,-34.942264,-36.454472,-36.647146,-38.892222,-39.24432,-39.257464,-39.53222
1547.8344,-43.725323,-32.643596,-34.947928,-36.39029,-36.675145,-38.790895,-39.177452,-39.321839,-39.541094
1547.8375,-43.799946,-32.675985,-34.95885,-36.335637,-36.710465,-38.673974,-39.086025,-39.357955,-39.517115
1547.8406,-43.856543,-32.707228,-34.974953,-36.290071,-36.753158,-38.546659,-38.975051,-39.364309,-39.462211
1547.8438,-43.891882,-32.737239,-34.996184,-36.253157,-36.803253,-38.413823,-38.849916,-39.341064,-39.379952
1547.8469,-43.904419,-32.766025,-35.022511,-36.224487,-36.860746,-38.279741,-38.715905,-39.290041,-39.275094
1547.85,-43.894441,-32.79368,-35.053909,-36.203686,-36.925573,-38.147966,-38.577845,-39.214482,-39.15303
1547.8531,-43.863977,-32.820384,-35.09036,-36.190427,-36.997588,-38.021294,-38.439887,-39.118655,-39.019271
1547.8563,-43.816512,-32.84639,-35.131839,-36.18442,-37.076533,-37.901811,-38.305413,-39.007385,-38.879017
1547.8594,-43.756554,-32.872018,-35.178309,-36.185423,-37.162013,-37.790978,-38.177036,-38.885603,-38.736869
1547.8625,-43.689156,-32.897633,-35.229707,-36.193229,-37.253464,-37.68974,-38.056671,-38.757976,-38.596676
1547.8656,-43.619455,-32.923638,-35.285938,-36.20767,-37.350131,-37.598631,-37.945627,-38.628653,-38.4615
1547.8688,-43.552296,-32.950459,-35.346863,-36.228603,-37.451047,-37.517876,-37.844724,-38.501131,-38.333647
1547.8719,-43.491951,-32.97853,-35.412288,-36.255909,-37.555024,-37.447475,-37.754398,-38.378208,-38.214764
1547.875,-43.441949,-33.008292,-35.481957,-36.28948,-37.660659,-37.387271,-37.674799,-38.262016,-38.105942
1547.8781,-43.404978,-33.040175,-35.555539,-36.329215,-37.766356,-37.337012,-37.605874,-38.154095,-38.007827
1547.8812,-43.382856,-33.074604,-35.632626,-36.375006,-37.870367,-37.296387,-37.547432,-38.05548,-37.920726
1547.8844,-43.376534,-33.111984,-35.712724,-36.42673,-37.970858,-37.265056,-37.499194,-37.966803,-37.844701
1547.8875,-43.38612,-33.152702,-35.795254,-36.484237,-38.065991,-37.242679,-37.460835,-37.888384,-37.779634
1547.8906,-43.410922,-33.197122,-35.879553,-36.547341,-38.154016,-37.228918,-37.432011,-37.820309,-37.725297
1547.8937,-43.449494,-33.245576,-35.964879,-36.615805,-38.233379,-37.223456,-37.412375,-37.7625,-37.68139
1547.8969,-43.499695,-33.298361,-36.05042,-36.689333,-38.302807,-37.225992,-37.40159,-37.714767,-37.647576
1547.9,-43.55877,-33.355731,-36.135313,-36.767562,-38.361387,-37.236246,-37.399339,-37.676849,-37.623506
1547.9031,-43.623458,-33.417882,-36.218657,-36.850047,-38.408617,-37.253951,-37.405319,-37.648446,-37.608834
1547.9062,-43.690136,-33.484942,-36.299536,-36.936262,-38.444414,-37.278855,-37.419247,-37.629237,-37.603223
1547.9094,-43.755007,-33.556955,-36.377046,-37.02559,-38.469095,-37.310708,-37.440854,-37.618899,-37.606351
1547.9125,-43.814329,-33.633865,-36.450319,-37.117327,-38.483327,-37.349259,-37.469876,-37.61711,-37.617912
1547.9156,-43.864676,-33.715496,-36.518551,-37.210683,-38.48805,-37.394246,-37.506051,-37.623555,-37.63761
1547.9188,-43.903201,-33.801539,-36.581026,-37.304791,-38.484394,-37.445387,-37.549112,-37.63793,-37.66516
1547.9219,-43.927868,-33.891535,-36.637135,-37.39872,-38.47359,-37.502374,-37.598771,-37.659931,-37.700273
1547.925,-43.937631,-33.98487,-36.686404,-37.49149,-38.456891,-37.564863,-37.654721,-37.689258,-37.742655
1547.9281,-43.93251,-34.080772,-36.728495,-37.582094,-38.435505,-37.632466,-37.716617,-37.725606,-37.791997
1547.9313,-43.913563,-34.178324,-36.763224,-37.669523,-38.410546,-37.704747,-37.784075,-37.768659,-37.847964
1547.9344,-43.882763,-34.276485,-36.790557,-37.752791,-38.383001,-37.781215,-37.856662,-37.81808,-37.910189
1547.9375,-43.842786,-34.374129,-36.810606,-37.830967,-38.353711,-37.861323,-37.93389,-37.873511,-37.978262
1547.9406,-43.796761,-34.470096,-36.823619,-37.903198,-38.323368,-37.944465,-38.015213,-37.934561,-38.051726
1547.9437,-43.748011,-34.563255,-36.829969,-37.968735,-38.292519,-38.029979,-38.100024,-38.000801,-38.130069
1547.9469,-43.699812,-34.652573,-36.830129,-38.026959,-38.261577,-38.117152,-38.187658,-38.07176,-38.212724
1547.95,-43.655194,-34.737187,-36.824656,-38.07739,-38.23084,-38.205228,-38.277392,-38.146924,-38.29906
1547.9531,-43.616789,-34.816468,-36.814169,-38.119706,-38.200507,-38.293416,-38.368456,-38.225731,-38.388391
1547.9562,-43.586727,-34.890069,-36.799326,-38.153741,-38.170699,-38.380904,-38.460039,-38.307573,-38.479977
1547.9594,-43.566576,-34.957959,-36.780804,-38.179487,-38.141474,-38.466876,-38.551303,-38.391801,-38.573027
1547.9625,-43.557304,-35.020428,-36.759279,-38.197083,-38.112848,-38.550523,-38.641396,-38.477726,-38.666717
1547.9656,-43.559279,-35.078074,-36.735411,-38.206804,-38.084809,-38.631066,-38.729471,-38.564629,-38.760195
1547.9688,-43.572277,-35.131768,-36.70983,-38.209043,-38.057328,-38.707767,-38.814702,-38.651771,-38.8526
1547.9719,-43.595509,-35.182606,-36.683122,-38.204289,-38.030374,-38.779951,-38.896298,-38.738402,-38.943076
1547.975,-43.627664,-35.231848,-36.655827,-38.193108,-38.00392,-38.847014,-38.973526,-38.823774,-39.03079
1547.9781,-43.666967,-35.280862,-36.62843,-38.176121,-37.977951,-38.908437,-39.04572,-38.907153,-39.114949
1547.9813,-43.711254,-35.331067,-36.601356,-38.153979,-37.95247,-38.963793,-39.112296,-38.987835,-39.194813
1547.9844,-43.758076,-35.383885,-36.574973,-38.127349,-37.927498,-39.012754,-39.172761,-39.065153,-39.269711
1547.9875,-43.804822,-35.4407,-36.54959,-38.096896,-37.903079,-39.055088,-39.226716,-39.138494,-39.339052
1547.9906,-43.848864,-35.502827,-36.525461,-38.063264,-37.879281,-39.090661,-39.273862,-39.207301,-39.402329
1547.9938,-43.887726,-35.571487,-36.502784,-38.027073,-37.856194,-39.11943,-39.313995,-39.271087,-39.459127
1547.9969,-43.91925,-35.647791,-36.481708,-37.988902,-37.833927,-39.141435,-39.347007,-39.329433,-39.509121
1548,-43.941748,-35.732724,-36.462335,-37.949288,-37.812612,-39.156788,-39.372872,-39.381995,-39.552078
1548.0031,-43.954134,-35.827128,-36.444725,-37.908725,-37.792397,-39.165669,-39.391644,-39.428499,-39.587847
1548.0062,-43.956001,-35.931688,-36.428896,-37.867656,-37.773446,-39.168307,-39.403443,-39.46874,-39.616357
1548.0094,-43.947642,-36.046911,-36.414834,-37.826481,-37.755935,-39.164975,-39.408451,-39.50258,-39.637606
1548.0125,-43.930011,-36.173103,-36.402488,-37.785551,-37.740054,-39.15598,-39.406895,-39.529939,-39.651657
1548.0156,-43.904626,-36.310342,-36.391781,-37.745179,-37.726,-39.14165,-39.399045,-39.550789,-39.658626
1548.0187,-43.873439,-36.458441,-36.382608,-37.705639,-37.713976,-39.122335,-39.385202,-39.565152,-39.658677
1548.0219,-43.838668,-36.61692,-36.374839,-37.66717,-37.704193,-39.098391,-39.365695,-39.573089,-39.652017
1548.025,-43.802645,-36.784965,-36.368323,-37.629982,-37.696862,-39.070186,-39.340873,-39.574701,-39.63889
1548.0281,-43.767654,-36.961407,-36.362889,-37.594256,-37.6922,-39.038091,-39.311104,-39.570118,-39.619571
1548.0312,-43.735805,-37.1447,-36.35835,-37.560155,-37.69042,-39.00248,-39.276772,-39.559506,-39.594369
1548.0344,-43.708927,-37.332926,-36.354502,-37.527818,-37.691738,-38.963731,-39.238274,-39.543057,-39.563621
1548.0375,-43.688492,-37.52382,-36.351131,-37.49737,-37.696364,-38.922225,-39.196022,-39.520996,-39.527694
1548.0406,-43.675566,-37.714833,-36.348014,-37.468922,-37.704506,-38.878348,-39.150441,-39.493577,-39.486986
1548.0438,-43.670775,-37.903234,-36.344921,-37.44257,-37.716367,-38.832491,-39.101969,-39.461088,-39.441922
1548.0469,-43.674299,-38.086242,-36.341624,-37.4184,-37.732141,-38.785048,-39.051058,-39.423854,-39.392955
1548.05,-43.685878,-38.261199,-36.337897,-37.396488,-37.752012,-38.73642,-38.99817,-39.382233,-39.340568
1548.0531,-43.704831,-38.425758,-36.333524,-37.376897,-37.776152,-38.687013,-38.943778,-39.336625,-39.285269
1548.0563,-43.730094,-38.578063,-36.328306,-37.359682,-37.804718,-38.637234,-38.888362,-39.287463,-39.227588
1548.0594,-43.76027,-38.716913,-36.322064,-37.344886,-37.837847,-38.587494,-38.832411,-39.235221,-39.168076
1548.0625,-43.793697,-38.841868,-36.314647,-37.332541,-37.875652,-38.538203,-38.776411,-39.180403,-39.107299
1548.0656,-43.828527,-38.953284,-36.30594,-37.322667,-37.918217,-38.489765,-38.720849,-39.123544,-39.045829
1548.0687,-43.86283,-39.052288,-36.295865,-37.31527,-37.96559,-38.44258,-38.666206,-39.065203,-38.984247
1548.0719,-43.894701,-39.140675,-36.284391,-37.310345,-38.017779,-38.397036,-38.612952,-39.005957,-38.923127
1548.075,-43.922376,-39.220763,-36.271533,-37.307872,-38.07474,-38.353508,-38.561543,-38.946391,-38.863037
1548.0781,-43.944354,-39.29522,-36.257357,-37.30782,-38.136371,-38.312354,-38.512418,-38.887095,-38.80453
1548.0812,-43.959489,-39.366888,-36.241979,-37.310141,-38.202504,-38.273915,-38.465993,-38.828652,-38.74814
1548.0844,-43.967079,-39.438619,-36.225565,-37.314775,-38.272891,-38.238508,-38.422664,-38.771631,-38.694377
1548.0875,-43.966904,-39.513141,-36.208325,-37.321653,-38.347199,-38.20643,-38.3828,-38.716583,-38.643724
1548.0906,-43.95924,-39.592958,-36.190514,-37.330693,-38.425002,-38.177952,-38.346742,-38.664034,-38.596635
1548.0938,-43.944826,-39.680267,-36.172422,-37.341805,-38.505767,-38.153321,-38.314806,-38.614478,-38.553532
1548.0969,-43.924798,-39.776915,-36.154369,-37.354893,-38.588853,-38.13276,-38.287283,-38.56838,-38.514806
1548.1,-43.900598,-39.88436,-36.136696,-37.36986,-38.673507,-38.116465,-38.264434,-38.526166,-38.480817
1548.1031,-43.873865,-40.003654,-36.119762,-37.386609,-38.758862,-38.104612,-38.246497,-38.488227,-38.451895
1548.1063,-43.846322,-40.135429,-36.103934,-37.405046,-38.843947,-38.097349,-38.233686,-38.454921,-38.428341
1548.1094,-43.819669,-40.279878,-36.089582,-37.425087,-38.927689,-38.094803,-38.226192,-38.426569,-38.410428
1548.1125,-43.795483,-40.436743,-36.077073,-37.446661,-39.00894,-38.097079,-38.224183,-38.403457,-38.398405
1548.1156,-43.775144,-40.605304,-36.066765,-37.469711,-39.086491,-38.104262,-38.227808,-38.385844,-38.392497
1548.1188,-43.759766,-40.784358,-36.059005,-37.494203,-39.159107,-38.116413,-38.237196,-38.373956,-38.392909
1548.1219,-43.750159,-40.972219,-36.054127,-37.520121,-39.225559,-38.133575,-38.252455,-38.367996,-38.399824
1548.125,-43.746798,-41.166717,-36.052448,-37.547478,-39.284664,-38.155769,-38.273672,-38.368137,-38.413403
1548.1281,-43.749814,-41.365226,-36.054268,-37.576308,-39.335328,-38.182996,-38.300916,-38.374534,-38.433789
1548.1312,-43.758998,-41.564715,-36.059869,-37.606675,-39.376585,-38.215237,-38.33423,-38.387316,-38.461101
1548.1344,-43.773812,-41.761837,-36.069515,-37.638661,-39.407637,-38.252448,-38.373634,-38.40659,-38.495435
1548.1375,-43.793426,-41.953063,-36.083453,-37.672371,-39.427887,-38.294567,-38.419117,-38.432441,-38.536855
1548.1406,-43.816751,-42.134851,-36.101908,-37.707927,-39.43696,-38.341504,-38.470639,-38.464931,-38.585395
1548.1437,-43.842501,-42.303861,-36.12509,-37.745459,-39.434723,-38.393147,-38.52812,-38.504091,-38.641045
1548.1469,-43.869255,-42.457169,-36.153186,-37.785101,-39.421281,-38.449354,-38.59144,-38.549926,-38.703747
1548.15,-43.895535,-42.592491,-36.186362,-37.82698,-39.396974,-38.509956,-38.660427,-38.602403,-38.773385
1548.1531,-43.919893,-42.708351,-36.22476,-37.871209,-39.362356,-38.574749,-38.734854,-38.661451,-38.849772
1548.1562,-43.940993,-42.804196,-36.268495,-37.917875,-39.318173,-38.643495,-38.814429,-38.726948,-38.932638
1548.1594,-43.9577,-42.880415,-36.31765,-37.967027,-39.265326,-38.715916,-38.89879,-38.798718,-39.021618
1548.1625,-43.969151,-42.938276,-36.372269,-38.018666,-39.204836,-38.79169,-38.987491,-38.87652,-39.116236
1548.1656,-43.974813,-42.979785,-36.432355,-38.07273,-39.137813,-38.870443,-39.079995,-38.960037,-39.215888
1548.1688,-43.974514,-43.007492,-36.49786,-38.129086,-39.065414,-38.951746,-39.175667,-39.048867,-39.319833
1548.1719,-43.96845,-43.024277,-36.568677,-38.187514,-38.988815,-39.035106,-39.273764,-39.142512,-39.42718
1548.175,-43.957167,-43.033136,-36.644632,-38.247702,-38.90918,-39.119957,-39.373429,-39.240363,-39.536876
1548.1781,-43.941511,-43.036999,-36.725475,-38.309235,-38.827639,-39.205655,-39.473685,-39.341694,-39.647704
1548.1813,-43.922569,-43.038585,-36.810873,-38.371592,-38.745268,-39.291468,-39.573433,-39.445648,-39.758285
1548.1844,-43.901587,-43.040297,-36.9004,-38.434148,-38.663075,-39.376569,-39.671457,-39.551235,-39.867086
1548.1875,-43.879889,-43.044163,-36.993531,-38.496172,-38.581989,-39.460038,-39.766431,-39.657321,-39.972444
1548.1906,-43.858793,-43.051804,-37.089635,-38.556845,-38.502856,-39.540857,-39.856937,-39.762633,-40.072595
1548.1937,-43.83954,-43.064428,-37.187979,-38.615278,-38.426436,-39.617918,-39.941487,-39.865767,-40.165721
1548.1969,-43.823226,-43.082851,-37.287721,-38.67053,-38.353404,-39.69004,-40.018561,-39.965198,-40.250003
1548.2,-43.81075,-43.107517,-37.387918,-38.721649,-38.28435,-39.755989,-40.08665,-40.059312,-40.323692
1548.2031,-43.802778,-43.138535,-37.487534,-38.767703,-38.219789,-39.814513,-40.144312,-40.146435,-40.385177
1548.2062,-43.799712,-43.175712,-37.585455,-38.807822,-38.16016,-39.864382,-40.19023,-40.224885,-40.433068
1548.2094,-43.801686,-43.218597,-37.680507,-38.841242,-38.105839,-39.904442,-40.223278,-40.293027,-40.466263
1548.2125,-43.80856,-43.266516,-37.771476,-38.867342,-38.057142,-39.933672,-40.242587,-40.34934,-40.484009
1548.2156,-43.81993,-43.318611,-37.857141,-38.885674,-38.014333,-39.951241,-40.247593,-40.392489,-40.485948
1548.2188,-43.835156,-43.373885,-37.9363,-38.89599,-37.977634,-39.956564,-40.238084,-40.421396,-40.472137
1548.2219,-43.853391,-43.431234,-38.00781,-38.898252,-37.947225,-39.949349,-40.21422,-40.435301,-40.443045
1548.225,-43.87363,-43.489492,-38.070616,-38.892629,-37.923259,-39.929626,-40.176536,-40.433814,-40.399526
1548.2281,-43.894753,-43.547467,-38.12379,-38.879486,-37.90586,-39.897759,-40.125918,-40.416946,-40.34277
1548.2313,-43.915599,-43.603983,-38.166561,-38.859353,-37.895129,-39.854437,-40.063563,-40.385114,-40.274239
1548.2344,-43.935021,-43.657914,-38.198342,-38.832899,-37.891151,-39.800644,-39.99092,-40.339126,-40.195595
1548.2375,-43.951959,-43.70822,-38.218757,-38.800887,-37.893994,-39.737614,-39.90962,-40.28014,-40.108622
1548.2406,-43.965504,-43.753978,-38.227649,-38.764139,-37.90371,-39.666768,-39.821407,-40.209603,-40.015157
1548.2438,-43.974954,-43.79441,-38.225089,-38.723494,-37.920338,-39.589649,-39.728064,-40.12918,-39.917022
1548.2469,-43.979859,-43.828904,-38.211373,-38.679779,-37.943902,-39.507858,-39.631352,-40.040677,-39.815975
1548.25,-43.980046,-43.857028,-38.18701,-38.633775,-37.974407,-39.422992,-39.532955,-39.945965,-39.713667
1548.2531,-43.975632,-43.878536,-38.1527,-38.586199,-38.011838,-39.33659,-39.434443,-39.846907,-39.611615
1548.2562,-43.967003,-43.893374,-38.109309,-38.537691,-38.056155,-39.250093,-39.33724,-39.745307,-39.511182
1548.2594,-43.954792,-43.901674,-38.057837,-38.488806,-38.107287,-39.164812,-39.242613,-39.642853,-39.413574
1548.2625,-43.939827,-43.903738,-37.999382,-38.440007,-38.165123,-39.081911,-39.151658,-39.541094,-39.319836
1548.2656,-43.923076,-43.900029,-37.935104,-38.391678,-38.229509,-39.0024,-39.06531,-39.441414,-39.23086
1548.2687,-43.905581,-43.891147,-37.86619,-38.344119,-38.300237,-38.92713,-38.984345,-39.345028,-39.147396
1548.2719,-43.8884,-43.877806,-37.793823,-38.297566,-38.377035,-38.856804,-38.909394,-39.252975,-39.070064
1548.275,-43.872537,-43.860812,-37.71915,-38.252194,-38.459559,-38.791983,-38.840958,-39.166132,-38.999366
1548.2781,-43.858899,-43.841034,-37.643261,-38.208134,-38.547386,-38.733103,-38.779424,-39.085218,-38.935704
1548.2812,-43.848241,-43.819384,-37.567167,-38.16548,-38.64,-38.680486,-38.725079,-39.010817,-38.879395
1548.2844,-43.841139,-43.796784,-37.49179,-38.124307,-38.736791,-38.634355,-38.678128,-38.943388,-38.830681
1548.2875,-43.837962,-43.774146,-37.417949,-38.084672,-38.837043,-38.59485,-38.638704,-38.883282,-38.789741
1548.2906,-43.838857,-43.752352,-37.346359,-38.046634,-38.939937,-38.562039,-38.606884,-38.83076,-38.756707
1548.2938,-43.843753,-43.732226,-37.277627,-38.010253,-39.044548,-38.53593,-38.582696,-38.786008,-38.731668
1548.2969,-43.85236,-43.714518,-37.212257,-37.9756,-39.14985,-38.516479,-38.566131,-38.749148,-38.714678
1548.3,-43.86419,-43.699885,-37.15065,-37.94276,-39.254723,-38.503601,-38.557146,-38.72025,-38.705764
1548.3031,-43.878585,-43.688873,-37.093114,-37.911834,-39.357968,-38.497175,-38.555672,-38.699343,-38.704927
1548.3063,-43.894748,-43.681908,-37.039868,-37.882944,-39.458327,-38.497051,-38.561616,-38.686421,-38.712146
1548.3094,-43.911786,-43.679275,-36.991047,-37.856227,-39.554507,-38.503051,-38.574861,-38.681449,-38.727378
1548.3125,-43.928761,-43.681116,-36.946716,-37.831836,-39.645208,-38.514976,-38.59527,-38.684367,-38.750554
1548.3156,-43.944742,-43.687417,-36.906868,-37.809939,-39.729159,-38.532604,-38.622684,-38.695093,-38.781583
1548.3187,-43.958857,-43.698007,-36.871439,-37.790716,-39.805153,-38.555695,-38.656916,-38.713519,-38.820339
1548.3219,-43.970348,-43.712556,-36.840308,-37.774351,-39.872086,-38.583993,-38.697753,-38.739517,-38.866663
1548.325,-43.978613,-43.730577,-36.813306,-37.761035,-39.928994,-38.61722,-38.744954,-38.77293,-38.92035
1548.3281,-43.983249,-43.751443,-36.790222,-37.750959,-39.975086,-38.655087,-38.798238,-38.813575,-38.981148
1548.3312,-43.98407,-43.774391,-36.770805,-37.744307,-40.009774,-38.697286,-38.857289,-38.861231,-39.048741
1548.3344,-43.981118,-43.798554,-36.754771,-37.74126,-40.032693,-38.743494,-38.921745,-38.915639,-39.122748
1548.3375,-43.974661,-43.822984,-36.74181,-37.741987,-40.043716,-38.793375,-38.991198,-38.976496,-39.202709
1548.3406,-43.965165,-43.846693,-36.731586,-37.746645,-40.042951,-38.846578,-39.065188,-39.043443,-39.288079
1548.3438,-43.953267,-43.868689,-36.723751,-37.755372,-40.030742,-38.902738,-39.1432,-39.116068,-39.378219
1548.3469,-43.939728,-43.888025,-36.717944,-37.768293,-40.007645,-38.96148,-39.224664,-39.193892,-39.472393
1548.35,-43.925385,-43.903849,-36.713801,-37.785507,-39.974406,-39.022414,-39.308952,-39.276367,-39.569763
1548.3531,-43.9111,-43.915447,-36.710963,-37.807093,-39.931933,-39.085141,-39.395376,-39.362873,-39.669389
1548.3563,-43.897709,-43.922285,-36.709084,-37.833104,-39.881259,-39.149249,-39.483197,-39.452712,-39.770236
1548.3594,-43.885978,-43.924047,-36.707836,-37.863563,-39.823503,-39.214315,-39.571621,-39.545112,-39.871184
1548.3625,-43.876562,-43.920651,-36.706923,-37.898467,-39.759842,-39.279905,-39.659811,-39.639225,-39.97104
1548.3656,-43.869975,-43.91226,-36.706083,-37.937775,-39.691469,-39.345572,-39.746892,-39.734133,-40.068561
1548.3688,-43.866565,-43.899275,-36.705097,-37.981416,-39.619567,-39.410859,-39.831959,-39.828856,-40.162479
1548.3719,-43.866501,-43.882315,-36.703796,-38.029276,-39.545284,-39.475296,-39.914097,-39.922367,-40.251534
1548.375,-43.869769,-43.862183,-36.702063,-38.081204,-39.469708,-39.538406,-39.992389,-40.013599,-40.334504
1548.3781,-43.876172,-43.839821,-36.699836,-38.137007,-39.393854,-39.5997,-40.065937,-40.101474,-40.410243
1548.3812,-43.885346,-43.816266,-36.69711,-38.196445,-39.318653,-39.658685,-40.133878,-40.184915,-40.477721
1548.3844,-43.896778,-43.792593,-36.693935,-38.259233,-39.244942,-39.714868,-40.195409,-40.262877,-40.53605
1548.3875,-43.909834,-43.769869,-36.69041,-38.325039,-39.173463,-39.767763,-40.2498,-40.33437,-40.58452
1548.3906,-43.923791,-43.749102,-36.686683,-38.393487,-39.104862,-39.816894,-40.296422,-40.398487,-40.622614
1548.3937,-43.937882,-43.731199,-36.68294,-38.46415,-39.039692,-39.861814,-40.334761,-40.454429,-40.65003
1548.3969,-43.951333,-43.716933,-36.679401,-38.536561,-38.978416,-39.902106,-40.364436,-40.501528,-40.666676
1548.4,-43.963409,-43.706912,-36.676312,-38.61021,-38.921413,-39.937403,-40.385212,-40.539269,-40.672673
1548.4031,-43.97346,-43.701557,-36.673936,-38.684553,-38.868985,-39.967397,-40.397009,-40.567307,-40.668341
1548.4062,-43.980956,-43.701092,-36.672546,-38.759014,-38.821363,-39.991853,-40.399906,-40.585471,-40.654175
1548.4094,-43.98552,-43.705533,-36.672417,-38.832993,-38.778711,-40.010615,-40.394137,-40.593773,-40.630823
1548.4125,-43.986951,-43.714686,-36.673822,-38.905877,-38.741138,-40.023621,-40.380084,-40.592402,-40.599056
1548.4156,-43.985234,-43.728162,-36.677024,-38.977046,-38.7087,-40.030903,-40.358266,-40.581718,-40.559738
1548.4188,-43.980539,-43.745382,-36.68227,-39.045885,-38.681404,-40.032592,-40.329319,-40.562231,-40.5138
1548.4219,-43.973206,-43.765602,-36.689791,-39.111794,-38.65922,-40.028914,-40.293976,-40.534584,-40.462205
1548.425,-43.963725,-43.787942,-36.699795,-39.174198,-38.642074,-40.020185,-40.253046,-40.499531,-40.40593
1548.4281,-43.952698,-43.81142,-36.712465,-39.232559,-38.629865,-40.006802,-40.207386,-40.457912,-40.345941
1548.4313,-43.940803,-43.834998,-36.727958,-39.286385,-38.622455,-39.989231,-40.157878,-40.410622,-40.283177
1548.4344,-43.928755,-43.857625,-36.746403,-39.33524,-38.619681,-39.967988,-40.105411,-40.358591,-40.218533
1548.4375,-43.91726,-43.87829,-36.767897,-39.378752,-38.621353,-39.943629,-40.050856,-40.30276,-40.152853
1548.4406,-43.906975,-43.896079,-36.792506,-39.416615,-38.627258,-39.91673,-39.995049,-40.244057,-40.08692
1548.4437,-43.89848,-43.910218,-36.820266,-39.448604,-38.637158,-39.887871,-39.938781,-40.183382,-40.021451
1548.4469,-43.892242,-43.920118,-36.851173,-39.474565,-38.650796,-39.857622,-39.882782,-40.121589,-39.957097
1548.45,-43.888596,-43.925412,-36.885193,-39.494428,-38.667894,-39.82653,-39.827717,-40.059478,-39.894439
1548.4531,-43.887729,-43.925971,-36.922252,-39.508199,-38.688159,-39.795105,-39.774179,-39.997786,-39.833992
1548.4562,-43.889676,-43.921912,-36.96224,-39.515961,-38.711281,-39.763814,-39.72269,-39.937178,-39.776206
1548.4594,-43.894314,-43.913587,-37.005005,-39.517866,-38.736937,-39.733073,-39.673696,-39.87825,-39.721468
1548.4625,-43.90138,-43.901562,-37.050361,-39.514137,-38.764797,-39.703243,-39.627571,-39.821524,-39.670108
1548.4656,-43.910475,-43.886577,-37.09808,-39.505053,-38.79452,-39.674625,-39.584623,-39.767452,-39.622399
1548.4688,-43.921094,-43.869504,-37.147896,-39.490947,-38.825768,-39.647461,-39.545093,-39.716416,-39.578566
1548.4719,-43.932649,-43.851294,-37.199507,-39.472197,-38.858201,-39.621936,-39.50916,-39.668734,-39.538788
1548.475,-43.944503,-43.83293,-37.25258,-39.449215,-38.891488,-39.598178,-39.47695,-39.624664,-39.5032
1548.4781,-43.956005,-43.815372,-37.306752,-39.42244,-38.925307,-39.576258,-39.448535,-39.584406,-39.471901
1548.4813,-43.966525,-43.799517,-37.361635,-39.39233,-38.959358,-39.5562,-39.423944,-39.548109,-39.444956
1548.4844,-43.975496,-43.786156,-37.416829,-39.359351,-38.993357,-39.53798,-39.40316,-39.515878,-39.4224
1548.4875,-43.982439,-43.775943,-37.471923,-39.323972,-39.027051,-39.521534,-39.386131,-39.487774,-39.40424
1548.4906,-43.986998,-43.769372,-37.526512,-39.286656,-39.060218,-39.506762,-39.372772,-39.463822,-39.39046
1548.4938,-43.98896,-43.766762,-37.5802,-39.247855,-39.092669,-39.49353,-39.362967,-39.444012,-39.381023
1548.4969,-43.988261,-43.768244,-37.632617,-39.208003,-39.124256,-39.481684,-39.356577,-39.428307,-39.375874
1548.5,-43.984998,-43.773768,-37.683428,-39.167512,-39.15487,-39.471046,-39.353436,-39.416644,-39.374939
1548.5031,-43.97941,-43.783099,-37.732343,-39.126769,-39.184444,-39.461427,-39.353362,-39.408935,-39.378132
1548.5062,-43.971871,-43.795837,-37.779125,-39.086134,-39.21295,-39.452631,-39.356158,-39.405075,-39.385351
1548.5094,-43.962859,-43.811434,-37.823599,-39.045932,-39.240403,-39.44446,-39.36161,-39.404939,-39.396483
1548.5125,-43.952927,-43.829217,-37.865657,-39.006462,-39.266854,-39.436722,-39.369497,-39.408388,-39.411404
1548.5156,-43.942672,-43.848422,-37.905258,-38.967984,-39.292387,-39.429233,-39.379591,-39.41527,-39.429978
1548.5187,-43.932693,-43.868228,-37.942433,-38.930731,-39.317117,-39.421827,-39.39166,-39.42542,-39.452062
1548.5219,-43.923566,-43.887794,-37.977274,-38.894898,-39.341183,-39.414358,-39.405472,-39.438666,-39.477499
1548.525,-43.915806,-43.906304,-38.009937,-38.860651,-39.364743,-39.406708,-39.420796,-39.454823,-39.506128
1548.5281,-43.909843,-43.923007,-38.040627,-38.828122,-39.387967,-39.398787,-39.43741,-39.473703,-39.537773
1548.5312,-43.906002,-43.937252,-38.069592,-38.797414,-39.411033,-39.390535,-39.455101,-39.495113,-39.572255
1548.5344,-43.904485,-43.948527,-38.097112,-38.768599,-39.434117,-39.381933,-39.47367,-39.518852,-39.609382
1548.5375,-43.905364,-43.95648,-38.123486,-38.741719,-39.457391,-39.372993,-39.492932,-39.544723,-39.648955
1548.5406,-43.908581,-43.960939,-38.149023,-38.716789,-39.481013,-39.363768,-39.512727,-39.572523,-39.690766
1548.5438,-43.913949,-43.961915,-38.174026,-38.693798,-39.505125,-39.354345,-39.532911,-39.602054,-39.734598
1548.5469,-43.921164,-43.959596,-38.198788,-38.672708,-39.529844,-39.344846,-39.553372,-39.63312,-39.780227
1548.55,-43.929825,-43.954337,-38.223577,-38.653457,-39.555262,-39.335429,-39.57402,-39.665529,-39.827421
1548.5531,-43.939451,-43.946625,-38.248628,-38.635959,-39.581438,-39.326278,-39.594796,-39.699097,-39.875942
1548.5563,-43.949511,-43.937057,-38.274141,-38.620108,-39.608396,-39.317606,-39.61567,-39.733649,-39.925542
1548.5594,-43.95945,-43.926295,-38.300267,-38.605778,-39.636123,-39.309648,-39.636639,-39.76902,-39.975972
1548.5625,-43.968725,-43.915034,-38.327112,-38.592825,-39.664566,-39.302656,-39.657731,-39.805056,-40.026972
1548.5656,-43.976833,-43.903964,-38.354728,-38.581091,-39.693632,-39.296896,-39.678999,-39.841617,-40.078283
1548.5687,-43.983338,-43.89373,-38.383114,-38.570406,-39.723188,-39.292644,-39.700519,-39.878575,-40.129637
1548.5719,-43.987902,-43.884909,-38.412213,-38.560591,-39.753061,-39.290177,-39.722388,-39.915818,-40.180766
1548.575,-43.990299,-43.877982,-38.441914,-38.551464,-39.783039,-39.289774,-39.744721,-39.953246,-40.231397
1548.5781,-43.990432,-43.873316,-38.472051,-38.542843,-39.812877,-39.291708,-39.767641,-39.990771,-40.281254
1548.5812,-43.988335,-43.871151,-38.502407,-38.534551,-39.842298,-39.296243,-39.791281,-40.028317,-40.330059
1548.5844,-43.984172,-43.871596,-38.532715,-38.526422,-39.870997,-39.303631,-39.81577,-40.065815,-40.377528
1548.5875,-43.978221,-43.874628,-38.562663,-38.518305,-39.89865,-39.314106,-39.841236,-40.103202,-40.423376
1548.5906,-43.970861,-43.880102,-38.591897,-38.51007,-39.924919,-39.327881,-39.867791,-40.140415,-40.46731
1548.5938,-43.962543,-43.887755,-38.620025,-38.501615,-39.949457,-39.345146,-39.895531,-40.177389,-40.509036
1548.5969,-43.953767,-43.897231,-38.646626,-38.492866,-39.971919,-39.366063,-39.924526,-40.214052,-40.548253
1548.6,-43.945047,-43.908095,-38.671253,-38.483787,-39.991966,-39.390762,-39.954817,-40.250316,-40.584655
1548.6031,-43.936887,-43.919858,-38.69344,-38.474377,-40.009274,-39.419342,-39.986407,-40.286078,-40.617934
1548.6063,-43.929751,-43.932005,-38.712714,-38.464678,-40.023542,-39.451859,-40.019258,-40.321212,-40.647776
1548.6094,-43.924036,-43.944019,-38.728599,-38.45477,-40.034495,-39.488333,-40.053285,-40.355562,-40.673873
1548.6125,-43.920056,-43.95541,-38.740625,-38.444776,-40.041896,-39.528734,-40.088355,-40.388946,-40.695919
1548.6156,-43.918024,-43.965737,-38.748341,-38.434858,-40.045539,-39.572985,-40.12428,-40.421146,-40.713619
1548.6188,-43.918045,-43.974631,-38.751324,-38.425213,-40.045265,-39.620958,-40.160823,-40.451912,-40.726695
1548.6219,-43.920108,-43.981814,-38.749188,-38.416072,-40.040955,-39.672467,-40.197689,-40.480959,-40.734897
1548.625,-43.924092,-43.987108,-38.741594,-38.407693,-40.032533,-39.727268,-40.234536,-40.507976,-40.738006
1548.6281,-43.92977,-43.990441,-38.728265,-38.400359,-40.019968,-39.785055,-40.270974,-40.532623,-40.73585
1548.6312,-43.936825,-43.991848,-38.708993,-38.394368,-40.003271,-39.845459,-40.306572,-40.554546,-40.72831
1548.6344,-43.944864,-43.991461,-38.683645,-38.39003,-39.982495,-39.908044,-40.340869,-40.573381,-40.715333
1548.6375,-43.953443,-43.989501,-38.652179,-38.387663,-39.95773,-39.972314,-40.373381,-40.588768,-40.696933
1548.6406,-43.962088,-43.986253,-38.61464,-38.387582,-39.929107,-40.037706,-40.403614,-40.600365,-40.673207
1548.6437,-43.970327,-43.982056,-38.571169,-38.390098,-39.896789,-40.103602,-40.43108,-40.607858,-40.644329
1548.6469,-43.977709,-43.977272,-38.522003,-38.395511,-39.860973,-40.169328,-40.45531,-40.610978,-40.610558
1548.65,-43.983836,-43.972269,-38.467471,-38.404108,-39.82189,-40.234168,-40.47587,-40.609517,-40.572234
1548.6531,-43.988385,-43.967399,-38.407987,-38.416154,-39.779797,-40.297367,-40.492372,-40.603333,-40.529772
1548.6562,-43.991126,-43.96298,-38.344046,-38.431894,-39.734983,-40.35815,-40.504493,-40.592368,-40.483653
1548.6594,-43.991931,-43.959278,-38.276206,-38.451545,-39.68776,-40.415732,-40.511981,-40.576649,-40.434418
1548.6625,-43.990789,-43.9565,-38.205082,-38.475293,-39.638468,-40.469335,-40.514665,-40.556293,-40.382652
1548.6656,-43.987799,-43.954782,-38.131324,-38.503295,-39.587467,-40.518206,-40.512462,-40.531507,-40.328972
1548.6688,-43.983166,-43.954189,-38.055608,-38.535668,-39.535138,-40.561633,-40.505371,-40.50258,-40.274012
1548.6719,-43.977183,-43.954712,-37.978616,-38.572492,-39.481879,-40.598961,-40.493482,-40.469881,-40.21841
1548.675,-43.970221,-43.956279,-37.90102,-38.613804,-39.428101,-40.629615,-40.476958,-40.433841,-40.162797
1548.6781,-43.962696,-43.958759,-37.823473,-38.659597,-39.374225,-40.653105,-40.456033,-40.394945,-40.107781
1548.6813,-43.955051,-43.961972,-37.746594,-38.709814,-39.320679,-40.669045,-40.431003,-40.353712,-40.053943
1548.6844,-43.947729,-43.965707,-37.670956,-38.764347,-39.267892,-40.677162,-40.402206,-40.310684,-40.001822
1548.6875,-43.941147,-43.969733,-37.59708,-38.823031,-39.216289,-40.6773,-40.370018,-40.26641,-39.951913
1548.6906,-43.935674,-43.973816,-37.52543,-38.885647,-39.166288,-40.669422,-40.334832,-40.22143,-39.904664
1548.6937,-43.931614,-43.977733,-37.456404,-38.951911,-39.118297,-40.653613,-40.297055,-40.176265,-39.860468
1548.6969,-43.929186,-43.981284,-37.390338,-39.021481,-39.072709,-40.630074,-40.257091,-40.131405,-39.819666
1548.7,-43.928519,-43.984309,-37.327499,-39.093948,-39.029897,-40.599114,-40.215336,-40.087301,-39.782547
1548.7031,-43.929643,-43.98669,-37.26809,-39.16884,-38.990213,-40.561144,-40.172173,-40.044362,-39.749344
1548.7062,-43.932488,-43.98836,-37.212249,-39.245623,-38.953989,-40.516663,-40.127965,-40.002947,-39.720246
1548.7094,-43.936892,-43.989304,-37.160054,-39.323704,-38.921527,-40.466247,-40.083054,-39.963367,-39.69539
1548.7125,-43.942606,-43.989559,-37.11152,-39.402433,-38.893104,-40.410536,-40.037761,-39.925881,-39.674871
1548.7156,-43.949313,-43.989206,-37.06661,-39.481111,-38.868972,-40.35022,-39.992388,-39.890703,-39.658744
1548.7188,-43.956641,-43.988364,-37.025232,-39.558997,-38.849353,-40.286024,-39.947216,-39.858001,-39.647026
1548.7219,-43.964186,-43.98718,-36.987247,-39.635321,-38.834439,-40.218697,-39.902511,-39.827903,-39.639701
1548.725,-43.971532,-43.985814,-36.952471,-39.709291,-38.824398,-40.148996,-39.85853,-39.800502,-39.636723
1548.7281,-43.978278,-43.984433,-36.92068,-39.780109,-38.819366,-40.077678,-39.815516,-39.775857,-39.638022
1548.7313,-43.984058,-43.983192,-36.891614,-39.846985,-38.819452,-40.005486,-39.773709,-39.754006,-39.643505
1548.7344,-43.988564,-43.982228,-36.864986,-39.909156,-38.824737,-39.933143,-39.733345,-39.734965,-39.65306
1548.7375,-43.991562,-43.981647,-36.840483,-39.965893,-38.835271,-39.861341,-39.694658,-39.718736,-39.666561
1548.7406,-43.992906,-43.981519,-36.817775,-40.016525,-38.851078,-39.790735,-39.657882,-39.705312,-39.683869
1548.7438,-43.992546,-43.981873,-36.796522,-40.060452,-38.872148,-39.721938,-39.623255,-39.694684,-39.704836
1548.7469,-43.99053,-43.982692,-36.776383,-40.097156,-38.89844,-39.65552,-39.591014,-39.686842,-39.729308
1548.75,-43.987001,-43.983921,-36.757022,-40.126214,-38.929884,-39.592,-39.561397,-39.68178,-39.757126
1548.7531,-43.982184,-43.985463,-36.73812,-40.147311,-38.966371,-39.53185,-39.534644,-39.679498,-39.788131
1548.7562,-43.976379,-43.987194,-36.71938,-40.160243,-39.007759,-39.475489,-39.51099,-39.680007,-39.822158
1548.7594,-43.969933,-43.988965,-36.700539,-40.164925,-39.053867,-39.423289,-39.490671,-39.683327,-39.859046
1548.7625,-43.963226,-43.990614,-36.681376,-40.161391,-39.104476,-39.375574,-39.473914,-39.68949,-39.89863
1548.7656,-43.95665,-43.99198,-36.661714,-40.149794,-39.159326,-39.33262,-39.46094,-39.698536,-39.940744
1548.7687,-43.950578,-43.992913,-36.641434,-40.1304,-39.218116,-39.294658,-39.451959,-39.710516,-39.985218
1548.7719,-43.945354,-43.993285,-36.620468,-40.103583,-39.280502,-39.26188,-39.447168,-39.725484,-40.031875
1548.775,-43.941269,-43.993,-36.598808,-40.069813,-39.3461,-39.234435,-39.446748,-39.743501,-40.080529
1548.7781,-43.938546,-43.992002,-36.576503,-40.029646,-39.414483,-39.212436,-39.450862,-39.764626,-40.130981
1548.7812,-43.937333,-43.990279,-36.553654,-39.983713,-39.485185,-39.19596,-39.459649,-39.78891,-40.183009
1548.7844,-43.937689,-43.987867,-36.530413,-39.932699,-39.557703,-39.185051,-39.473227,-39.816398,-40.23637
1548.7875,-43.93959,-43.98485,-36.50697,-39.877332,-39.631502,-39.179719,-39.491683,-39.847117,-40.290793
1548.7906,-43.942926,-43.981354,-36.483553,-39.818366,-39.706016,-39.179946,-39.515075,-39.88107,-40.345969
1548.7938,-43.947507,-43.97754,-36.460412,-39.756566,-39.780657,-39.185683,-39.543427,-39.918235,-40.401553
1548.7969,-43.953079,-43.973597,-36.437814,-39.692692,-39.85482,-39.196851,-39.576723,-39.958556,-40.457156
1548.8,-43.959331,-43.96973,-36.416034,-39.627487,-39.927889,-39.213343,-39.614909,-40.001934,-40.512348
1548.8031,-43.965917,-43.966148,-36.395346,-39.561664,-39.999246,-39.235022,-39.657883,-40.048226,-40.566652
1548.8063,-43.972475,-43.963052,-36.376013,-39.495896,-40.06828,-39.261722,-39.705496,-40.097238,-40.619552
1548.8094,-43.978646,-43.96062,-36.358283,-39.430807,-40.13439,-39.29325,-39.757546,-40.148718,-40.670495
1548.8125,-43.984093,-43.959,-36.342383,-39.366967,-40.197001,-39.32938,-39.813776,-40.202357,-40.718902
1548.8156,-43.988524,-43.958298,-36.328514,-39.304885,-40.255567,-39.36986,-39.87387,-40.257785,-40.764177
1548.8187,-43.991704,-43.958571,-36.316846,-39.245008,-40.309579,-39.414406,-39.937454,-40.31457,-40.805726
1548.8219,-43.993474,-43.959822,-36.307516,-39.187717,-40.358576,-39.462707,-40.004091,-40.372223,-40.842969
1548.825,-43.993753,-43.962001,-36.300628,-39.133328,-40.402149,-39.514424,-40.073283,-40.430197,-40.875364
1548.8281,-43.992549,-43.965002,-36.296246,-39.082094,-40.439949,-39.569189,-40.144472,-40.4879,-40.902425
1548.8312,-43.989952,-43.968668,-36.294399,-39.034203,-40.471693,-39.626611,-40.217047,-40.544701,-40.923743
1548.8344,-43.986133,-43.972804,-36.295077,-38.989783,-40.497171,-39.686277,-40.290344,-40.599944,-40.939002
1548.8375,-43.981328,-43.977177,-36.298233,-38.948905,-40.516246,-39.747754,-40.363656,-40.652962,-40.947997
1548.8406,-43.975827,-43.981538,-36.303779,-38.911585,-40.528862,-39.810591,-40.436244,-40.703097,-40.950644
1548.8438,-43.969955,-43.985627,-36.311591,-38.877788,-40.535042,-39.874326,-40.507347,-40.749712,-40.946986
1548.8469,-43.964054,-43.989193,-36.321509,-38.847432,-40.534891,-39.93849,-40.576195,-40.792216,-40.937191
1548.85,-43.958464,-43.992006,-36.333338,-38.820391,-40.528595,-40.002606,-40.642026,-40.830081,-40.92155
1548.8531,-43.9535,-43.993871,-36.34685,-38.796502,-40.516416,-40.066203,-40.7041,-40.862857,-40.900464
1548.8563,-43.94944,-43.994642,-36.361787,-38.775567,-40.498688,-40.128809,-40.761716,-40.890185,-40.874427
1548.8594,-43.946508,-43.994225,-36.377868,-38.757361,-40.475809,-40.189967,-40.814226,-40.911812,-40.84401
1548.8625,-43.944865,-43.992595,-36.394792,-38.741634,-40.448238,-40.24923,-40.861052,-40.92759,-40.809836
1548.8656,-43.944596,-43.989786,-36.412244,-38.728117,-40.416476,-40.306171,-40.901698,-40.937483,-40.772563
1548.8688,-43.945712,-43.985903,-36.429905,-38.716531,-40.381065,-40.360383,-40.935757,-40.94156,-40.732859
1548.8719,-43.948146,-43.981106,-36.447459,-38.706593,-40.342568,-40.411487,-40.962923,-40.939986,-40.691386
1548.875,-43.951759,-43.975608,-36.464601,-38.698017,-40.301563,-40.459131,-40.982992,-40.933013,-40.648778
1548.8781,-43.95635,-43.969665,-36.481051,-38.690528,-40.25863,-40.502995,-40.995863,-40.920966,-40.605632
1548.8812,-43.961662,-43.963555,-36.496558,-38.683864,-40.214339,-40.542798,-41.001538,-40.904223,-40.562495
1548.8844,-43.967401,-43.957573,-36.510912,-38.677786,-40.169238,-40.578295,-41.000116,-40.883202,-40.519853
1548.8875,-43.973251,-43.952008,-36.52395,-38.672078,-40.12385,-40.609286,-40.991786,-40.858345,-40.478134
1548.8906,-43.978889,-43.947132,-36.535566,-38.66656,-40.078658,-40.635614,-40.97682,-40.830101,-40.437697
1548.8937,-43.984008,-43.943182,-36.545709,-38.661085,-40.034105,-40.657174,-40.955563,-40.798918,-40.398838
1548.8969,-43.988331,-43.940353,-36.554391,-38.655549,-39.990583,-40.673908,-40.928422,-40.765227,-40.361792
1548.9,-43.991627,-43.938785,-36.561682,-38.649889,-39.948434,-40.685815,-40.895855,-40.729439,-40.326732
1548.9031,-43.993726,-43.938553,-36.567709,-38.644084,-39.907949,-40.692945,-40.858363,-40.691938,-40.29378
1548.9062,-43.994525,-43.939669,-36.572651,-38.638155,-39.86936,-40.695405,-40.81648,-40.653078,-40.263007
1548.9094,-43.993998,-43.942075,-36.576733,-38.632166,-39.832848,-40.693353,-40.77076,-40.613182,-40.234446
1548.9125,-43.992194,-43.945651,-36.580214,-38.626215,-39.798539,-40.687,-40.721775,-40.572546,-40.208091
1548.9156,-43.989234,-43.950215,-36.583383,-38.620437,-39.766509,-40.676605,-40.6701,-40.531438,-40.183909
1548.9188,-43.985303,-43.955536,-36.586545,-38.614994,-39.736783,-40.662468,-40.616311,-40.4901,-40.161844
1548.9219,-43.980639,-43.961342,-36.590014,-38.610069,-39.709342,-40.644928,-40.560974,-40.448757,-40.141825
1548.925,-43.975519,-43.967337,-36.594104,-38.605867,-39.684126,-40.624353,-40.504645,-40.407615,-40.123771
1548.9281,-43.970242,-43.973212,-36.599118,-38.602602,-39.661035,-40.601132,-40.447857,-40.36687,-40.107596
1548.9313,-43.965111,-43.978666,-36.605342,-38.600494,-39.639938,-40.575672,-40.391125,-40.326705,-40.093216
1548.9344,-43.960419,-43.983416,-36.61304,-38.599764,-39.620674,-40.548381,-40.334933,-40.287301,-40.080549
1548.9375,-43.956429,-43.987219,-36.622443,-38.600628,-39.603064,-40.519668,-40.279736,-40.248831,-40.069526
1548.9406,-43.953362,-43.989877,-36.63375,-38.603292,-39.586907,-40.489929,-40.225957,-40.211469,-40.060084
1548.9437,-43.951388,-43.991255,-36.647121,-38.60795,-39.571994,-40.459545,-40.173985,-40.175387,-40.052176
1548.9469,-43.950612,-43.991287,-36.662673,-38.614778,-39.558112,-40.428869,-40.124171,-40.140754,-40.045769
1548.95,-43.951074,-43.989975,-36.68048,-38.623931,-39.545046,-40.398229,-40.076832,-40.107741,-40.040845
1548.9531,-43.952742,-43.987393,-36.700568,-38.635542,-39.532593,-40.367915,-40.032245,-40.076515,-40.037401
1548.9562,-43.955523,-43.983683,-36.722917,-38.64972,-39.520559,-40.338181,-39.990652,-40.047242,-40.035448
1548.9594,-43.959259,-43.979044,-36.747457,-38.666546,-39.508771,-40.309242,-39.95226,-40.020083,-40.03501
1548.9625,-43.963741,-43.973723,-36.774072,-38.686073,-39.497078,-40.281268,-39.917236,-39.995193,-40.036123
1548.9656,-43.96872,-43.967999,-36.802597,-38.708325,-39.485357,-40.254392,-39.885718,-39.972723,-40.038831
1548.9688,-43.973922,-43.962173,-36.832822,-38.733295,-39.473516,-40.228702,-39.857807,-39.952811,-40.043185
1548.9719,-43.97906,-43.956545,-36.864497,-38.760947,-39.461498,-40.204248,-39.833573,-39.935588,-40.049242
1548.975,-43.983852,-43.951406,-36.897335,-38.791212,-39.449277,-40.18104,-39.813056,-39.921173,-40.057059
1548.9781,-43.988037,-43.947016,-36.931016,-38.82399,-39.436866,-40.159056,-39.796266,-39.909672,-40.066694
1548.9813,-43.991391,-43.943597,-36.965201,-38.85915,-39.424312,-40.138239,-39.783188,-39.901177,-40.078203
1548.9844,-43.993736,-43.941319,-36.999536,-38.896532,-39.411693,-40.118505,-39.773778,-39.895766,-40.091633
1548.9875,-43.994955,-43.940295,-37.033666,-38.935944,-39.39912,-40.099746,-39.767969,-39.8935,-40.107028
1548.9906,-43.994993,-43.940573,-37.067246,-38.97717,-39.386732,-40.081836,-39.765671,-39.894427,-40.12442
1548.9938,-43.993864,-43.942135,-37.099954,-39.019964,-39.374691,-40.064633,-39.76677,-39.898575,-40.143833
1548.9969,-43.991648,-43.944901,-37.131502,-39.064061,-39.363177,-40.047987,-39.771135,-39.905956,-40.165275
1549,-43.988485,-43.948731,-37.161654,-39.109176,-39.35239,-40.031745,-39.778614,-39.916567,-40.188742
1549.0031,-43.984569,-43.953434,-37.190227,-39.155008,-39.342536,-40.015754,-39.789038,-39.930384,-40.214217
1549.0062,-43.980133,-43.958776,-37.217111,-39.201247,-39.333832,-39.99987,-39.802224,-39.947367,-40.241664
1549.0094,-43.975436,-43.964495,-37.242266,-39.24758,-39.326494,-39.98396,-39.817973,-39.96746,-40.271033
1549.0125,-43.970749,-43.970312,-37.265729,-39.293693,-39.320737,-39.967908,-39.836077,-39.990586,-40.302256
1549.0156,-43.96634,-43.975945,-37.287616,-39.339281,-39.31677,-39.95162,-39.856315,-40.016653,-40.335248
1549.0187,-43.962459,-43.981129,-37.308114,-39.384056,-39.314796,-39.935025,-39.878463,-40.045548,-40.369906
1549.0219,-43.959321,-43.985622,-37.327477,-39.427746,-39.315002,-39.918081,-39.90229,-40.077142,-40.406107
1549.025,-43.9571,-43.989224,-37.346019,-39.470111,-39.317561,-39.900777,-39.927564,-40.11129,-40.443713
1549.0281,-43.955916,-43.991784,-37.364099,-39.510938,-39.322632,-39.883129,-39.954055,-40.147825,-40.482565
1549.0312,-43.955834,-43.993208,-37.382113,-39.550055,-39.330352,-39.86519,-39.981537,-40.186566,-40.522488
1549.0344,-43.956852,-43.993465,-37.400476,-39.587326,-39.340836,-39.84704,-40.009792,-40.227314,-40.563288
1549.0375,-43.958912,-43.992584,-37.419616,-39.622657,-39.354181,-39.828791,-40.038615,-40.269855,-40.604753
1549.0406,-43.961898,-43.990655,-37.439956,-39.655999,-39.370456,-39.810582,-40.067814,-40.313958,-40.646657
1549.0438,-43.965641,-43.987822,-37.461904,-39.687339,-39.389708,-39.792578,-40.097213,-40.359379,-40.688756
1549.0469,-43.969933,-43.984273,-37.485841,-39.716706,-39.411955,-39.774966,-40.126657,-40.405858,-40.730792
1549.05,-43.974537,-43.98023,-37.512117,-39.744161,-39.43719,-39.757951,-40.156014,-40.453126,-40.772493
1549.0531,-43.979199,-43.975935,-37.541033,-39.769798,-39.465378,-39.741754,-40.185175,-40.500904,-40.813577
1549.0563,-43.983662,-43.971638,-37.572845,-39.793731,-39.496456,-39.726605,-40.214054,-40.548902,-40.853751
1549.0594,-43.987683,-43.967582,-37.607749,-39.816096,-39.530333,-39.712743,-40.242593,-40.596825,-40.892715
1549.0625,-43.991044,-43.963993,-37.645879,-39.837038,-39.566887,-39.700407,-40.270757,-40.644375,-40.930164
1549.0656,-43.993565,-43.961066,-37.687304,-39.856706,-39.605971,-39.689836,-40.298534,-40.691252,-40.965791
1549.0687,-43.995116,-43.958956,-37.732026,-39.875251,-39.647407,-39.681266,-40.325935,-40.737155,-40.999289
1549.0719,-43.995622,-43.957772,-37.779972,-39.892814,-39.690993,-39.674922,-40.352988,-40.781787,-41.030357
1549.075,-43.995068,-43.957573,-37.831,-39.909523,-39.7365,-39.671021,-40.379739,-40.824857,-41.0587
1549.0781,-43.993498,-43.958364,-37.884896,-39.925492,-39.783674,-39.669764,-40.406244,-40.866081,-41.084036
1549.0812,-43.991015,-43.960097,-37.941378,-39.94081,-39.832243,-39.671336,-40.432567,-40.905184,-41.106096
1549.0844,-43.987771,-43.962678,-38.000097,-39.955547,-39.881916,-39.675904,-40.458776,-40.941904,-41.124632
1549.0875,-43.983961,-43.965969,-38.060649,-39.969744,-39.932385,-39.683615,-40.484936,-40.975992,-41.139417
1549.0906,-43.979807,-43.969797,-38.12258,-39.983418,-39.983333,-39.694592,-40.511107,-41.007213,-41.150252
1549.0938,-43.975551,-43.973968,-38.185402,-39.99656,-40.034435,-39.708936,-40.537337,-41.035349,-41.156966
1549.0969,-43.971436,-43.97827,-38.248602,-40.009132,-40.085366,-39.72672,-40.563661,-41.060201,-41.159424
1549.1,-43.967696,-43.98249,-38.311664,-40.021073,-40.135799,-39.747991,-40.590091,-41.081588,-41.157524
1549.1031,-43.964541,-43.986427,-38.374087,-40.032299,-40.185416,-39.772769,-40.616621,-41.099349,-41.151207
1549.1063,-43.962145,-43.989897,-38.435402,-40.042704,-40.233908,-39.801041,-40.643215,-41.113347,-41.140452
1549.1094,-43.96064,-43.992747,-38.495193,-40.05216,-40.280978,-39.832767,-40.669812,-41.123465,-41.125283
1549.1125,-43.960107,-43.994863,-38.553117,-40.060527,-40.326351,-39.867872,-40.696324,-41.129614,-41.105768
1549.1156,-43.960573,-43.996172,-38.608917,-40.067648,-40.369765,-39.906251,-40.72263,-41.13173,-41.08202
1549.1188,-43.962009,-43.996649,-38.662441,-40.073353,-40.410984,-39.947763,-40.748584,-41.129781,-41.054197
1549.1219,-43.964333,-43.996315,-38.71364,-40.077466,-40.449791,-39.992235,-40.774013,-41.123762,-41.022502
1549.125,-43.967414,-43.995236,-38.762581,-40.079804,-40.485994,-40.03946,-40.798717,-41.113702,-40.98718
1549.1281,-43.971081,-43.993515,-38.809439,-40.080179,-40.51942,-40.089197,-40.822477,-41.099667,-40.948515
1549.1312,-43.975129,-43.991289,-38.854495,-40.078402,-40.549921,-40.141175,-40.84506,-41.081755,-40.906829
1549.1344,-43.979336,-43.988719,-38.898116,-40.074288,-40.577367,-40.195086,-40.866218,-41.060104,-40.862479
1549.1375,-43.983468,-43.985979,-38.940751,-40.067654,-40.601647,-40.250598,-40.885699,-41.034887,-40.815846
1549.1406,-43.9873,-43.983245,-38.9829,-40.058328,-40.622671,-40.307349,-40.903252,-41.006317,-40.767341
1549.1437,-43.990624,-43.98069,-39.025107,-40.046145,-40.640365,-40.364952,-40.918633,-40.974639,-40.717388
1549.1469,-43.99326,-43.978467,-39.067931,-40.030959,-40.654672,-40.422999,-40.931609,-40.940132,-40.666427
1549.15,-43.995069,-43.976709,-39.111928,-40.01264,-40.665553,-40.481065,-40.941967,-40.903108,-40.614905
1549.1531,-43.99596,-43.975514,-39.157636,-39.991083,-40.672984,-40.538712,-40.949519,-40.863901,-40.56327
1549.1562,-43.995894,-43.974946,-39.205553,-39.966209,-40.676964,-40.595492,-40.954103,-40.822869,-40.511966
1549.1594,-43.994886,-43.975033,-39.256124,-39.937971,-40.677507,-40.650954,-40.95559,-40.780385,-40.46143
1549.1625,-43.993004,-43.975759,-39.309727,-39.906358,-40.67465,-40.704647,-40.953884,-40.736834,-40.412082
1549.1656,-43.990366,-43.977077,-39.366663,-39.8714,-40.668455,-40.756127,-40.948926,-40.692604,-40.364327
1549.1688,-43.98713,-43.978902,-39.427144,-39.833167,-40.659003,-40.804959,-40.94069,-40.64808,-40.318548
1549.1719,-43.983488,-43.981123,-39.491289,-39.791775,-40.646403,-40.850725,-40.929184,-40.603641,-40.275103
1549.175,-43.97965,-43.983608,-39.559113,-39.747389,-40.630787,-40.893027,-40.914449,-40.559654,-40.234324
1549.1781,-43.975838,-43.986213,-39.63053,-39.700217,-40.612313,-40.931492,-40.896554,-40.516466,-40.196512
1549.1813,-43.972268,-43.988788,-39.705346,-39.650513,-40.59116,-40.965775,-40.875596,-40.474402,-40.161939
1549.1844,-43.969142,-43.991189,-39.783263,-39.598574,-40.567529,-40.995565,-40.851692,-40.433761,-40.130847
1549.1875,-43.966632,-43.993285,-39.863883,-39.544735,-40.541638,-41.02059,-40.824981,-40.394814,-40.103443
1549.1906,-43.96488,-43.994966,-39.94671,-39.489362,-40.51372,-41.040617,-40.795617,-40.357798,-40.079906
1549.1937,-43.963979,-43.996148,-40.031166,-39.432849,-40.484015,-41.055461,-40.763769,-40.32292,-40.060379
1549.1969,-43.963977,-43.996779,-40.1166,-39.37561,-40.45277,-41.064985,-40.729619,-40.290352,-40.044976
1549.2,-43.964872,-43.996842,-40.202309,-39.318069,-40.42023,-41.069105,-40.693357,-40.260233,-40.03378
1549.2031,-43.966612,-43.996353,-40.287555,-39.260654,-40.386631,-41.067795,-40.655183,-40.232669,-40.026843
1549.2062,-43.969099,-43.995361,-40.371596,-39.203791,-40.352204,-41.061083,-40.615309,-40.207736,-40.024187
1549.2094,-43.972193,-43.993946,-40.453703,-39.147893,-40.317157,-41.049061,-40.573953,-40.185479,-40.025805
1549.2125,-43.975722,-43.992211,-40.533199,-39.093356,-40.281685,-41.031878,-40.531344,-40.165916,-40.031665
1549.2156,-43.979491,-43.990275,-40.609478,-39.040554,-40.245956,-41.009744,-40.487721,-40.14904,-40.041704
1549.2188,-43.983292,-43.98827,-40.682037,-38.989829,-40.210114,-40.982926,-40.443332,-40.134823,-40.055837
1549.2219,-43.986916,-43.986327,-40.750494,-38.941492,-40.174277,-40.951746,-40.398436,-40.123219,-40.073953
1549.225,-43.990164,-43.984573,-40.81461,-38.895818,-40.138536,-40.916573,-40.353304,-40.114166,-40.095916
1549.2281,-43.992862,-43.98312,-40.874294,-38.853041,-40.102957,-40.877819,-40.308215,-40.107594,-40.121573
1549.2313,-43.994864,-43.98206,-40.92961,-38.813357,-40.067582,-40.835932,-40.263457,-40.103423,-40.150745
1549.2344,-43.996067,-43.981459,-40.98077,-38.776919,-40.032432,-40.791386,-40.219328,-40.10157,-40.18324
1549.2375,-43.996412,-43.981356,-41.028126,-38.743839,-39.997511,-40.744672,-40.176128,-40.101955,-40.218844
1549.2406,-43.995891,-43.981755,-41.072148,-38.714186,-39.96281,-40.69629,-40.134165,-40.104499,-40.257332
1549.2438,-43.994542,-43.982633,-41.113402,-38.687989,-39.928312,-40.64674,-40.093745,-40.109131,-40.298464
1549.2469,-43.99245,-43.983933,-41.152528,-38.665237,-39.893997,-40.59651,-40.055173,-40.115789,-40.34199
1549.25,-43.989744,-43.985574,-41.190207,-38.64588,-39.859848,-40.546072,-40.018752,-40.124424,-40.38765
1549.2531,-43.986584,-43.987455,-41.227137,-38.629829,-39.825856,-40.495873,-39.984774,-40.134999,-40.435176
1549.2562,-43.983153,-43.989456,-41.264004,-38.616965,-39.792022,-40.446327,-39.953525,-40.147493,-40.484297
1549.2594,-43.979649,-43.991453,-41.301463,-38.607131,-39.758368,-40.397812,-39.925274,-40.161897,-40.534735
1549.2625,-43.976273,-43.993317,-41.340109,-38.600145,-39.724933,-40.350664,-39.900278,-40.178219,-40.586207
1549.2656,-43.973215,-43.99493,-41.380466,-38.595795,-39.691781,-40.305178,-39.878775,-40.196477,-40.638429
1549.2687,-43.970646,-43.996187,-41.42297,-38.593848,-39.658999,-40.261602,-39.860983,-40.2167,-40.691113
1549.2719,-43.96871,-43.997003,-41.467956,-38.594055,-39.626702,-40.220138,-39.847099,-40.238926,-40.743968
1549.275,-43.967512,-43.99732,-41.515652,-38.596152,-39.595029,-40.180942,-39.837295,-40.263197,-40.796698
1549.2781,-43.967117,-43.997109,-41.566169,-38.599867,-39.564142,-40.144128,-39.831721,-40.289556,-40.849001
1549.2812,-43.967545,-43.996373,-41.619508,-38.604927,-39.534225,-40.109764,-39.830499,-40.31804,-40.900572
1549.2844,-43.968769,-43.995146,-41.675547,-38.611064,-39.505481,-40.077882,-39.833724,-40.348681,-40.951096
1549.2875,-43.970721,-43.993492,-41.734055,-38.618022,-39.478126,-40.048477,-39.841463,-40.381495,-41.000252
1549.2906,-43.97329,-43.991499,-41.79469,-38.625562,-39.452389,-40.021511,-39.853752,-40.416483,-41.047711
1549.2938,-43.976334,-43.98928,-41.857012,-38.633469,-39.428502,-39.996918,-39.870599,-40.453621,-41.093135
1549.2969,-43.979683,-43.986956,-41.920493,-38.641559,-39.4067,-39.97461,-39.891978,-40.492858,-41.136185
1549.3,-43.983151,-43.984661,-41.984529,-38.649682,-39.387215,-39.954481,-39.917833,-40.534112,-41.176515
1549.3031,-43.986549,-43.982523,-42.048462,-38.657728,-39.370274,-39.936409,-39.948072,-40.577267,-41.213784
1549.3063,-43.98969,-43.980666,-42.1116,-38.665629,-39.356088,-39.920268,-39.98257,-40.622166,-41.247657
1549.3094,-43.992402,-43.979196,-42.17324,-38.673361,-39.344858,-39.905928,-40.021169,-40.668614,-41.277813
1549.3125,-43.994541,-43.978199,-42.232692,-38.680946,-39.336763,-39.893261,-40.063671,-40.716374,-41.303954
1549.3156,-43.995991,-43.977734,-42.289311,-38.688444,-39.331965,-39.882147,-40.109848,-40.765166,-41.32581
1549.3187,-43.996681,-43.977828,-42.342519,-38.695961,-39.3306,-39.872479,-40.159433,-40.814673,-41.343152
1549.3219,-43.996579,-43.978481,-42.39183,-38.703634,-39.33278,-39.864163,-40.212124,-40.864536,-41.355801
1549.325,-43.9957,-43.979656,-42.436875,-38.711634,-39.338587,-39.857128,-40.267588,-40.914366,-41.36363
1549.3281,-43.994103,-43.981289,-42.477416,-38.720158,-39.348077,-39.851321,-40.325456,-40.963742,-41.366578
1549.3312,-43.991885,-43.983289,-42.513359,-38.729421,-39.361275,-39.846714,-40.385333,-41.012225,-41.364652
1549.3344,-43.989178,-43.985541,-42.544757,-38.739651,-39.378176,-39.843305,-40.446793,-41.05936,-41.357927
1549.3375,-43.986141,-43.987919,-42.571807,-38.751081,-39.39874,-39.841114,-40.50939,-41.104688,-41.346553
1549.3406,-43.98295,-43.990283,-42.594843,-38.763946,-39.4229,-39.840186,-40.572657,-41.147756,-41.330744
1549.3438,-43.979787,-43.992496,-42.614318,-38.778472,-39.45055,-39.840588,-40.636112,-41.188126,-41.310781
1549.3469,-43.976832,-43.994427,-42.630786,-38.794873,-39.481558,-39.842404,-40.699265,-41.225387,-41.287001
1549.35,-43.97425,-43.99596,-42.644875,-38.813345,-39.515755,-39.84574,-40.761622,-41.259161,-41.259786
1549.3531,-43.972186,-43.996998,-42.657263,-38.834062,-39.552944,-39.850709,-40.822692,-41.289117,-41.229558
1549.3563,-43.970754,-43.997475,-42.668649,-38.857173,-39.592895,-39.857439,-40.881992,-41.314972,-41.196762
1549.3594,-43.970032,-43.997352,-42.679732,-38.882793,-39.635352,-39.866059,-40.939054,-41.336501,-41.161857
1549.3625,-43.970058,-43.996625,-42.691181,-38.911007,-39.680033,-39.876702,-40.993432,-41.353539,-41.125305
1549.3656,-43.970828,-43.995324,-42.703615,-38.941864,-39.726632,-39.889496,-41.044705,-41.365981,-41.087557
1549.3688,-43.972299,-43.993512,-42.717587,-38.975376,-39.774823,-39.904562,-41.092485,-41.373782,-41.049048
1549.3719,-43.974387,-43.991278,-42.733564,-39.011514,-39.824266,-39.92201,-41.13642,-41.376957,-41.010185
1549.375,-43.976976,-43.988738,-42.75192,-39.050213,-39.874611,-39.941936,-41.1762,-41.375571,-40.971343
1549.3781,-43.979921,-43.986023,-42.772923,-39.091365,-39.9255,-39.964418,-41.211559,-41.369737,-40.932859
1549.3812,-43.983059,-43.983276,-42.796729,-39.134824,-39.976578,-39.989511,-41.242279,-41.359611,-40.895026
1549.3844,-43.986217,-43.980642,-42.823384,-39.180406,-40.027494,-40.017248,-41.268194,-41.345381,-40.858096
1549.3875,-43.989222,-43.97826,-42.852817,-39.227887,-40.077912,-40.047635,-41.289187,-41.327264,-40.822278
1549.3906,-43.99191,-43.976256,-42.884851,-39.277013,-40.12751,-40.080651,-41.305197,-41.305496,-40.787735
1549.3937,-43.994133,-43.974737,-42.919203,-39.327495,-40.17599,-40.116244,-41.316217,-41.280331,-40.754593
1549.3969,-43.995775,-43.973782,-42.955496,-39.37902,-40.223085,-40.154333,-41.322291,-41.252032,-40.722938
1549.4,-43.996748,-43.973444,-42.993269,-39.431251,-40.268557,-40.194806,-41.323518,-41.220871,-40.692823
1549.4031,-43.997006,-43.973739,-43.031995,-39.483838,-40.312202,-40.237518,-41.320047,-41.187121,-40.664271
1549.4062,-43.996542,-43.974652,-43.071097,-39.536419,-40.353858,-40.282296,-41.312075,-41.15106,-40.63728
1549.4094,-43.995388,-43.976134,-43.109967,-39.588632,-40.393397,-40.328933,-41.299844,-41.112967,-40.611831
1549.4125,-43.993619,-43.978106,-43.147992,-39.640122,-40.430732,-40.377197,-41.283637,-41.073119,-40.587885
1549.4156,-43.991339,-43.980463,-43.184576,-39.690548,-40.465813,-40.426825,-41.263771,-41.031797,-40.565399
1549.4188,-43.988683,-43.983079,-43.219163,-39.739592,-40.498625,-40.477532,-41.240595,-40.989279,-40.544321
1549.4219,-43.985806,-43.985813,-43.251263,-39.786967,-40.529187,-40.52901,-41.214483,-40.945846,-40.524601
1549.425,-43.982872,-43.988519,-43.280472,-39.832421,-40.557545,-40.580931,-41.185823,-40.901779,-40.506192
1549.4281,-43.980048,-43.991052,-43.306487,-39.875748,-40.583775,-40.632952,-41.155019,-40.857359,-40.489054
1549.4313,-43.977494,-43.993276,-43.329127,-39.916791,-40.607969,-40.684719,-41.122474,-40.812867,-40.473158
1549.4344,-43.975352,-43.995072,-43.34833,-39.955441,-40.630242,-40.735872,-41.088593,-40.768585,-40.458488
1549.4375,-43.973741,-43.996345,-43.364166,-39.991646,-40.650716,-40.786048,-41.05377,-40.724791,-40.445042
1549.4406,-43.972751,-43.997028,-43.376822,-40.025403,-40.669526,-40.834887,-41.018383,-40.68176,-40.432832
1549.4437,-43.972434,-43.997084,-43.386601,-40.056761,-40.686809,-40.882036,-40.982792,-40.639762,-40.421886
1549.4469,-43.972806,-43.996513,-43.3939,-40.085817,-40.702706,-40.927156,-40.947332,-40.59906,-40.412249
1549.45,-43.973845,-43.995349,-43.399194,-40.11271,-40.717352,-40.969924,-40.912309,-40.559908,-40.403978
1549.4531,-43.975493,-43.993657,-43.40301,-40.137612,-40.73088,-41.01004,-40.877996,-40.522548,-40.397141
1549.4562,-43.977656,-43.991529,-43.405911,-40.160728,-40.743414,-41.04723,-40.844631,-40.48721,-40.39182
1549.4594,-43.980214,-43.989082,-43.408462,-40.182283,-40.755068,-41.081247,-40.812418,-40.454109,-40.388104
1549.4625,-43.983025,-43.98645,-43.411216,-40.202515,-40.765942,-41.111881,-40.781521,-40.423441,-40.386085
1549.4656,-43.985933,-43.983776,-43.414689,-40.22167,-40.776127,-41.138953,-40.752068,-40.395387,-40.385862
1549.4688,-43.988779,-43.981202,-43.419342,-40.239991,-40.785694,-41.162325,-40.724149,-40.370104,-40.387531
1549.4719,-43.991406,-43.978867,-43.425565,-40.257715,-40.7947,-41.181896,-40.697817,-40.347733,-40.391187
1549.475,-43.993671,-43.976895,-43.433667,-40.275063,-40.803184,-41.197603,-40.673092,-40.328389,-40.396921
1549.4781,-43.995452,-43.97539,-43.443867,-40.292237,-40.811167,-41.209423,-40.649961,-40.312167,-40.404813
1549.4813,-43.996655,-43.974432,-43.456288,-40.309414,-40.818651,-41.217373,-40.628378,-40.299138,-40.414936
1549.4844,-43.997218,-43.974068,-43.470954,-40.326742,-40.825619,-41.221504,-40.608273,-40.289352,-40.42735
1549.4875,-43.997116,-43.974319,-43.487795,-40.344336,-40.832034,-41.221905,-40.589551,-40.282834,-40.442101
1549.4906,-43.996361,-43.975168,-43.506648,-40.362279,-40.837841,-41.218698,-40.572098,-40.279585,-40.45922
1549.4938,-43.995003,-43.976569,-43.527268,-40.380614,-40.842964,-41.212034,-40.555782,-40.279587,-40.478721
1549.4969,-43.993124,-43.978448,-43.549335,-40.39935,-40.847311,-41.202092,-40.540461,-40.282795,-40.500598
1549.5,-43.990835,-43.980705,-43.572467,-40.418453,-40.850773,-41.189078,-40.525986,-40.289146,-40.52483
1549.5031,-43.98827,-43.983221,-43.596239,-40.437856,-40.853224,-41.173214,-40.512204,-40.298554,-40.551373
1549.5062,-43.985577,-43.985865,-43.620195,-40.457452,-40.854526,-41.154743,-40.498965,-40.310912,-40.580164
1549.5094,-43.982908,-43.988499,-43.643871,-40.477095,-40.85453,-41.133919,-40.486128,-40.326094,-40.611119
1549.5125,-43.980416,-43.990988,-43.666809,-40.49661,-40.853077,-41.111007,-40.473558,-40.343957,-40.644135
1549.5156,-43.97824,-43.993204,-43.68858,-40.515785,-40.850006,-41.086275,-40.461141,-40.36434,-40.679087
1549.5187,-43.976501,-43.995038,-43.7088,-40.534382,-40.845154,-41.059997,-40.448777,-40.387065,-40.715831
1549.5219,-43.975295,-43.9964,-43.727145,-40.552137,-40.838361,-41.032441,-40.436392,-40.411942,-40.754204
1549.525,-43.974689,-43.997228,-43.743365,-40.568765,-40.829475,-41.003873,-40.423934,-40.438769,-40.794023
1549.5281,-43.974714,-43.997488,-43.757295,-40.583963,-40.818356,-40.97455,-40.411378,-40.467335,-40.835088
1549.5312,-43.975368,-43.99718,-43.768858,-40.597422,-40.804882,-40.944719,-40.398729,-40.497419,-40.877183
1549.5344,-43.976613,-43.996332,-43.778068,-40.608824,-40.788952,-40.914612,-40.386018,-40.528799,-40.920077
1549.5375,-43.978379,-43.995004,-43.785026,-40.617857,-40.77049,-40.884445,-40.373304,-40.561248,-40.963525
1549.5406,-43.980567,-43.993277,-43.789912,-40.624217,-40.749452,-40.854418,-40.360675,-40.594544,-41.007271
1549.5438,-43.983056,-43.991257,-43.792978,-40.627615,-40.725824,-40.824709,-40.348242,-40.628466,-41.05105
1549.5469,-43.985707,-43.989063,-43.794529,-40.62779,-40.69963,-40.795477,-40.336139,-40.662803,-41.094589
1549.55,-43.988374,-43.98682,-43.794912,-40.624508,-40.670928,-40.766857,-40.324521,-40.697351,-41.137612
1549.5531,-43.990911,-43.984656,-43.794496,-40.617575,-40.639818,-40.738962,-40.313559,-40.731921,-41.17984
1549.5563,-43.993178,-43.982693,-43.793659,-40.60684,-40.606432,-40.711881,-40.303439,-40.76634,-41.220995
1549.5594,-43.995054,-43.981038,-43.792767,-40.592201,-40.570941,-40.685678,-40.294354,-40.800453,-41.260801
1549.5625,-43.996436,-43.979782,-43.792166,-40.573608,-40.533549,-40.660396,-40.286505,-40.834121,-41.298992
1549.5656,-43.997254,-43.978993,-43.792162,-40.551069,-40.494489,-40.636052,-40.280095,-40.867228,-41.335305
1549.5687,-43.997466,-43.978712,-43.793018,-40.524645,-40.454022,-40.61264,-40.275323,-40.899679,-41.369494
1549.5719,-43.997066,-43.978951,-43.79494,-40.494455,-40.412428,-40.590136,-40.272387,-40.931399,-41.401324
1549.575,-43.996084,-43.979696,-43.798073,-40.46067,-40.370006,-40.56849,-40.271474,-40.962333,-41.430575
1549.5781,-43.994579,-43.980904,-43.802501,-40.423514,-40.327063,-40.547639,-40.272761,-40.992444,-41.457047
1549.5812,-43.992642,-43.982508,-43.808245,-40.383255,-40.283913,-40.527499,-40.27641,-41.021715,-41.480558
1549.5844,-43.990387,-43.98442,-43.815264,-40.340199,-40.240869,-40.507975,-40.282567,-41.050139,-41.50095
1549.5875,-43.987942,-43.986538,-43.823461,-40.294687,-40.198241,-40.488961,-40.29136,-41.077723,-41.518086
1549.5906,-43.985449,-43.988747,-43.83269,-40.247081,-40.156326,-40.47034,-40.302896,-41.104482,-41.531851
1549.5938,-43.983048,-43.99093,-43.842761,-40.197763,-40.115407,-40.451995,-40.317258,-41.130435,-41.542158
1549.5969,-43.980876,-43.992974,-43.853451,-40.147119,-40.075748,-40.433805,-40.334508,-41.155603,-41.548944
1549.6,-43.979053,-43.994774,-43.864515,-40.095537,-40.037592,-40.415655,-40.354678,-41.180005,-41.552171
1549.6031,-43.97768,-43.99624,-43.875695,-40.043397,-40.001156,-40.397437,-40.377779,-41.203654,-41.551829
1549.6063,-43.976834,-43.997303,-43.886733,-39.991062,-39.966627,-40.379055,-40.40379,-41.226556,-41.547932
1549.6094,-43.97656,-43.997914,-43.897377,-39.938874,-39.934167,-40.360428,-40.432666,-41.248705,-41.540523
1549.6125,-43.976872,-43.998054,-43.907399,-39.887146,-39.903901,-40.341497,-40.464329,-41.270084,-41.529671
1549.6156,-43.977751,-43.997728,-43.916595,-39.836161,-39.875928,-40.322223,-40.498678,-41.290659,-41.515469
1549.6188,-43.979148,-43.996967,-43.924798,-39.78616,-39.85031,-40.302596,-40.535578,-41.310383,-41.498039
1549.6219,-43.980984,-43.995828,-43.931881,-39.737347,-39.827079,-40.282632,-40.574871,-41.329193,-41.477526
1549.625,-43.983156,-43.994385,-43.937763,-39.689882,-39.806234,-40.262376,-40.616369,-41.347011,-41.454101
1549.6281,-43.985545,-43.99273,-43.942405,-39.643881,-39.787745,-40.241906,-40.659859,-41.363746,-41.427955
1549.6312,-43.988018,-43.990965,-43.945818,-39.599415,-39.77155,-40.221328,-40.705104,-41.379295,-41.399304
1549.6344,-43.990439,-43.989195,-43.948052,-39.55651,-39.757561,-40.200776,-40.751845,-41.393544,-41.368381
1549.6375,-43.992675,-43.987526,-43.949197,-39.51515,-39.745665,-40.180412,-40.799803,-41.406374,-41.335436
1549.6406,-43.994604,-43.986054,-43.949374,-39.475275,-39.735724,-40.160423,-40.848681,-41.41766,-41.300737
1549.6437,-43.996122,-43.984864,-43.948733,-39.436787,-39.727585,-40.141016,-40.89817,-41.427278,-41.264559
1549.6469,-43.997148,-43.984024,-43.947439,-39.399553,-39.721076,-40.122414,-40.94795,-41.435106,-41.227189
1549.65,-43.997629,-43.983579,-43.94567,-39.363408,-39.716016,-40.104856,-40.997693,-41.441027,-41.188917
1549.6531,-43.997544,-43.983553,-43.943609,-39.328163,-39.712217,-40.088588,-41.047068,-41.444936,-41.150037
1549.6562,-43.996903,-43.983946,-43.941433,-39.293607,-39.70949,-40.073859,-41.095745,-41.446735,-41.110837
1549.6594,-43.995747,-43.984733,-43.939309,-39.259517,-39.707651,-40.060922,-41.143398,-41.446344,-41.071604
1549.6625,-43.994145,-43.985867,-43.937392,-39.225667,-39.706525,-40.05002,-41.189707,-41.443696,-41.032613
1549.6656,-43.992192,-43.987284,-43.935814,-39.19183,-39.70595,-40.041392,-41.234363,-41.438742,-40.994127
1549.6688,-43.990002,-43.9889,-43.934684,-39.15779,-39.705785,-40.035261,-41.27707,-41.43145,-40.956394
1549.6719,-43.987699,-43.990626,-43.934088,-39.12335,-39.705916,-40.031837,-41.317548,-41.421805,-40.919643
1549.675,-43.985416,-43.992364,-43.934084,-39.088339,-39.706253,-40.031309,-41.355532,-41.409808,-40.884084
1549.6781,-43.983281,-43.994017,-43.934702,-39.052618,-39.706742,-40.033845,-41.390778,-41.395477,-40.849903
1549.6813,-43.981413,-43.995494,-43.935948,-39.016087,-39.707362,-40.039587,-41.423063,-41.378845,-40.817264
1549.6844,-43.979917,-43.996715,-43.937802,-38.978688,-39.708125,-40.048654,-41.452181,-41.359957,-40.786304
1549.6875,-43.978877,-43.997614,-43.940224,-38.940411,-39.709082,-40.061134,-41.477953,-41.338868,-40.757136
1549.6906,-43.978347,-43.998147,-43.943153,-38.901292,-39.710318,-40.077085,-41.50022,-41.315648,-40.729848
1549.6937,-43.978358,-43.998288,-43.946512,-38.861415,-39.71195,-40.096536,-41.518848,-41.290372,-40.704501
1549.6969,-43.978906,-43.998036,-43.95021,-38.820908,-39.714123,-40.119482,-41.533728,-41.263125,-40.681134
1549.7,-43.979962,-43.997412,-43.954148,-38.77994,-39.717012,-40.145888,-41.544776,-41.234002,-40.659763
1549.7031,-43.981464,-43.996458,-43.958221,-38.738716,-39.72081,-40.175684,-41.551938,-41.203102,-40.640383
1549.7062,-43.98333,-43.995235,-43.962321,-38.697469,-39.725726,-40.208767,-41.555186,-41.170537,-40.62297
1549.7094,-43.985455,-43.993819,-43.966342,-38.656455,-39.731981,-40.245003,-41.554524,-41.136426,-40.607486
1549.7125,-43.987722,-43.992294,-43.970183,-38.615943,-39.7398,-40.284224,-41.549988,-41.100896,-40.593878
1549.7156,-43.990005,-43.990753,-43.973747,-38.576207,-39.749408,-40.326232,-41.541646,-41.064088,-40.582084
1549.7188,-43.992179,-43.989287,-43.976949,-38.537522,-39.761024,-40.370801,-41.529598,-41.026155,-40.572036
1549.7219,-43.994125,-43.987982,-43.979716,-38.500151,-39.774854,-40.417676,-41.51398,-40.987263,-40.563663
1549.725,-43.995738,-43.986914,-43.981987,-38.464342,-39.791089,-40.466577,-41.494959,-40.947591,-40.556894
1549.7281,-43.99693,-43.986145,-43.983718,-38.430321,-39.809901,-40.517204,-41.472735,-40.907334,-40.551664
1549.7313,-43.997639,-43.98572,-43.98488,-38.398289,-39.831436,-40.569238,-41.447536,-40.866702,-40.547913
1549.7344,-43.997829,-43.985661,-43.985459,-38.368415,-39.85581,-40.622346,-41.419617,-40.825919,-40.545592
1549.7375,-43.997495,-43.985972,-43.985461,-38.340833,-39.883112,-40.676184,-41.389254,-40.785222,-40.544665
1549.7406,-43.996661,-43.986635,-43.984905,-38.315641,-39.913394,-40.730405,-41.356742,-40.744863,-40.545112
1549.7438,-43.995376,-43.98761,-43.983829,-38.292901,-39.946674,-40.78466,-41.322389,-40.705103,-40.546927
1549.7469,-43.993719,-43.988841,-43.982282,-38.272634,-39.982932,-40.838602,-41.286506,-40.666209,-40.550124
1549.75,-43.991785,-43.990256,-43.98033,-38.254823,-40.022108,-40.891895,-41.24941,-40.628458,-40.554733
1549.7531,-43.989685,-43.991773,-43.978048,-38.239414,-40.064106,-40.944213,-41.211411,-40.592126,-40.5608
1549.7562,-43.98754,-43.993305,-43.975521,-38.226313,-40.108787,-40.995248,-41.172809,-40.557491,-40.56839
1549.7594,-43.985471,-43.994763,-43.972841,-38.215395,-40.155975,-41.044708,-41.133887,-40.524825,-40.577581
1549.7625,-43.983594,-43.996063,-43.970103,-38.206499,-40.205456,-41.092326,-41.094912,-40.494396,-40.58846
1549.7656,-43.982015,-43.99713,-43.967406,-38.199438,-40.256981,-41.137854,-41.056125,-40.46646,-40.601127
1549.7687,-43.980821,-43.997902,-43.964846,-38.193996,-40.310266,-41.181069,-41.017739,-40.44126,-40.615686
1549.7719,-43.980078,-43.998335,-43.962513,-38.18994,-40.364996,-41.221775,-40.979941,-40.419024,-40.632242
1549.775,-43.979826,-43.998402,-43.960491,-38.18702,-40.420831,-41.259796,-40.942884,-40.399963,-40.650898
1549.7781,-43.980078,-43.998101,-43.958853,-38.184976,-40.477409,-41.294983,-40.906695,-40.384266,-40.671751
1549.7812,-43.980819,-43.997447,-43.957661,-38.183546,-40.534351,-41.327208,-40.871467,-40.372099,-40.694888
1549.7844,-43.982008,-43.996479,-43.956958,-38.182474,-40.591267,-41.356366,-40.837266,-40.363605,-40.720381
1549.7875,-43.983576,-43.99525,-43.956773,-38.181513,-40.647765,-41.382375,-40.80413,-40.358903,-40.748283
1549.7906,-43.985438,-43.993831,-43.957115,-38.180434,-40.70345,-41.405169,-40.772074,-40.358082,-40.778624
1549.7938,-43.98749,-43.992302,-43.957974,-38.179037,-40.757942,-41.424708,-40.741093,-40.361205,-40.811409
1549.7969,-43.989618,-43.99075,-43.95932,-38.177151,-40.81087,-41.440968,-40.711164,-40.368306,-40.846613
1549.8,-43.991705,-43.989263,-43.961104,-38.174641,-40.861889,-41.453945,-40.682254,-40.379389,-40.884179
1549.8031,-43.993636,-43.987924,-43.963261,-38.171416,-40.910678,-41.463659,-40.65432,-40.394429,-40.924015
1549.8063,-43.995306,-43.98681,-43.965709,-38.167426,-40.956948,-41.470147,-40.627317,-40.413371,-40.965993
1549.8094,-43.996625,-43.985983,-43.968352,-38.16267,-41.000448,-41.473467,-40.601202,-40.436129,-41.009948
1549.8125,-43.997522,-43.98549,-43.971086,-38.157188,-41.040962,-41.473701,-40.575936,-40.462587,-41.055678
1549.8156,-43.997951,-43.985359,-43.973801,-38.151065,-41.078318,-41.470949,-40.551493,-40.4926,-41.102941
1549.8187,-43.997892,-43.985596,-43.976385,-38.144422,-41.112381,-41.465332,-40.527858,-40.525992,-41.15146
1549.8219,-43.997353,-43.986189,-43.978729,-38.137419,-41.143061,-41.45699,-40.505034,-40.562561,-41.200925
1549.825,-43.996367,-43.987104,-43.980731,-38.13024,-41.170307,-41.446082,-40.483041,-40.602076,-41.250993
1549.8281,-43.994994,-43.988291,-43.982303,-38.123092,-41.194106,-41.43278,-40.46192,-40.644283,-41.301292
1549.8312,-43.993316,-43.989681,-43.983371,-38.116197,-41.21448,-41.417271,-40.441733,-40.688902,-41.351431
1549.8344,-43.991427,-43.991198,-43.98388,-38.109784,-41.231486,-41.399748,-40.422561,-40.735634,-41.400997
1549.8375,-43.989438,-43.992756,-43.9838,-38.104081,-41.245209,-41.380412,-40.404507,-40.784162,-41.449568
1549.8406,-43.98746,-43.994266,-43.983123,-38.099309,-41.255762,-41.359463,-40.38769,-40.834151,-41.496716
1549.8438,-43.985606,-43.995643,-43.981867,-38.095677,-41.26328,-41.337099,-40.372244,-40.885259,-41.542015
1549.8469,-43.983979,-43.99681,-43.980073,-38.093373,-41.267916,-41.31351,-40.358317,-40.937134,-41.585048
1549.85,-43.98267,-43.9977,-43.977808,-38.092563,-41.269842,-41.288877,-40.346067,-40.98942,-41.625415
1549.8531,-43.981751,-43.998261,-43.975157,-38.093384,-41.269239,-41.263362,-40.335655,-41.041762,-41.662737
1549.8563,-43.981274,-43.998462,-43.972224,-38.09594,-41.2663,-41.237113,-40.327248,-41.093808,-41.696666
1549.8594,-43.981262,-43.998289,-43.969125,-38.100302,-41.261222,-41.210257,-40.321008,-41.145216,-41.726887
1549.8625,-43.981717,-43.997752,-43.965985,-38.106504,-41.254208,-41.182898,-40.317093,-41.195652,-41.753125
1549.8656,-43.982612,-43.996879,-43.962932,-38.114544,-41.245456,-41.155119,-40.315654,-41.2448,-41.775149
1549.8688,-43.983896,-43.995718,-43.960091,-38.12438,-41.235164,-41.126978,-40.316826,-41.292359,-41.792772
1549.8719,-43.985498,-43.994333,-43.957579,-38.135934,-41.223524,-41.098514,-40.320731,-41.338051,-41.805853
1549.875,-43.987329,-43.992799,-43.955499,-38.149091,-41.210715,-41.069745,-40.327474,-41.381617,-41.814301
1549.8781,-43.989288,-43.991202,-43.953939,-38.163701,-41.196908,-41.040672,-40.337136,-41.422821,-41.818071
1549.8812,-43.991265,-43.989628,-43.952964,-38.179585,-41.182256,-41.011282,-40.349778,-41.461453,-41.817165
1549.8844,-43.993153,-43.988164,-43.952613,-38.196534,-41.166897,-40.981551,-40.365436,-41.497327,-41.811629
1549.8875,-43.994848,-43.986891,-43.952903,-38.214316,-41.150946,-40.951451,-40.384118,-41.530284,-41.801553
1549.8906,-43.996257,-43.985878,-43.953821,-38.232682,-41.134499,-40.920949,-40.405807,-41.560189,-41.787066
1549.8937,-43.997306,-43.985181,-43.955329,-38.251372,-41.117627,-40.890019,-40.430457,-41.586933,-41.768336
1549.8969,-43.997937,-43.984836,-43.957361,-38.270122,-41.100376,-40.85864,-40.457991,-41.610433,-41.745564
1549.9,-43.998121,-43.984864,-43.959833,-38.288674,-41.082769,-40.826804,-40.488307,-41.630634,-41.718985
1549.9031,-43.99785,-43.985262,-43.962639,-38.306777,-41.064802,-40.794519,-40.521272,-41.647505,-41.688864
1549.9062,-43.997143,-43.986007,-43.965661,-38.324206,-41.046446,-40.761811,-40.556725,-41.66104,-41.655488
1549.9094,-43.996044,-43.98706,-43.968769,-38.340759,-41.027653,-40.728726,-40.594479,-41.671262,-41.619171
1549.9125,-43.994617,-43.988362,-43.971832,-38.356272,-41.008349,-40.695335,-40.63432,-41.678218,-41.580245
1549.9156,-43.992945,-43.989843,-43.974721,-38.37062,-40.988446,-40.66173,-40.676013,-41.681982,-41.539059
1549.9188,-43.991125,-43.99142,-43.977316,-38.383725,-40.967842,-40.628028,-40.719297,-41.68265,-41.495974
1549.9219,-43.98926,-43.993008,-43.979508,-38.395558,-40.946422,-40.594367,-40.763896,-41.680345,-41.451359
1549.925,-43.987455,-43.994521,-43.981209,-38.406139,-40.92407,-40.560903,-40.809517,-41.675211,-41.405591
1549.9281,-43.985813,-43.995875,-43.982355,-38.415537,-40.900666,-40.527811,-40.855856,-41.667415,-41.359045
1549.9313,-43.984424,-43.996999,-43.982905,-38.423871,-40.876099,-40.495279,-40.9026,-41.657138,-41.312096
1549.9344,-43.983367,-43.99783,-43.982847,-38.431299,-40.850268,-40.463507,-40.949431,-41.644582,-41.265112
1549.9375,-43.982698,-43.998326,-43.982197,-38.438019,-40.823088,-40.432697,-40.996035,-41.629958,-41.218448
1549.9406,-43.982455,-43.99846,-43.980998,-38.444258,-40.794495,-40.403056,-41.042099,-41.613486,-41.17245
1549.9437,-43.982651,-43.998226,-43.979317,-38.450265,-40.764453,-40.374789,-41.087322,-41.595393,-41.127443
1549.9469,-43.983273,-43.99764,-43.977245,-38.456306,-40.732953,-40.348094,-41.131416,-41.575906,-41.083733
1549.95,-43.984287,-43.996736,-43.974887,-38.46265,-40.70002,-40.323157,-41.174111,-41.555248,-41.041604
1549.9531,-43.985635,-43.995565,-43.972364,-38.469567,-40.665711,-40.300154,-41.215159,-41.533637,-41.001315
1549.9562,-43.987242,-43.994193,-43.969799,-38.477313,-40.630117,-40.279243,-41.254334,-41.511277,-40.963097
1549.9594,-43.98902,-43.992696,-43.96732,-38.486132,-40.593365,-40.260563,-41.291441,-41.488361,-40.927155
1549.9625,-43.99087,-43.991159,-43.965047,-38.496241,-40.555608,-40.244231,-41.326311,-41.465063,-40.893661
1549.9656,-43.992689,-43.989665,-43.963092,-38.507827,-40.517033,-40.230342,-41.358809,-41.441537,-40.862761
1549.9688,-43.994379,-43.988298,-43.96155,-38.521047,-40.477848,-40.218966,-41.388827,-41.417914,-40.834567
1549.9719,-43.995846,-43.987131,-43.960498,-38.536017,-40.43828,-40.210147,-41.416292,-41.394305,-40.809165
1549.975,-43.997011,-43.986229,-43.959989,-38.552812,-40.398572,-40.203903,-41.441158,-41.370792,-40.786606
1549.9781,-43.997812,-43.98564,-43.960053,-38.571465,-40.358977,-40.200224,-41.463411,-41.347438,-40.766916
1549.9813,-43.998207,-43.985396,-43.960693,-38.591965,-40.319748,-40.199077,-41.483061,-41.324277,-40.75009
1549.9844,-43.998177,-43.985509,-43.961889,-38.614257,-40.281139,-40.200399,-41.500146,-41.301326,-40.736096
1549.9875,-43.997728,-43.985973,-43.963596,-38.638242,-40.243394,-40.204105,-41.514725,-41.278578,-40.724875
1549.9906,-43.996888,-43.986762,-43.965746,-38.66378,-40.206745,-40.210083,-41.526877,-41.256008,-40.716346
1549.9938,-43.995707,-43.987832,-43.968254,-38.690691,-40.171407,-40.218202,-41.536699,-41.233576,-40.710403
1549.9969,-43.994255,-43.989124,-43.971023,-38.718763,-40.137575,-40.228307,-41.544302,-41.211232,-40.70692
1550,-43.992614,-43.99057,-43.973943,-38.747754,-40.105417,-40.240228,-41.549808,-41.188914,-40.705754
1550.0031,-43.990879,-43.992089,-43.976902,-38.7774,-40.075076,-40.253777,-41.553346,-41.166558,-40.706745
1550.0062,-43.989149,-43.993601,-43.979787,-38.807421,-40.046664,-40.268755,-41.555053,-41.144098,-40.70972
1550.0094,-43.98752,-43.995024,-43.982494,-38.837532,-40.020261,-40.284953,-41.555068,-41.121471,-40.714496
1550.0125,-43.986084,-43.996283,-43.984926,-38.867451,-39.995918,-40.30216,-41.553532,-41.098623,-40.720883
1550.0156,-43.984921,-43.997312,-43.987005,-38.896907,-39.973651,-40.320162,-41.550584,-41.075507,-40.728689
1550.0187,-43.984095,-43.998057,-43.988666,-38.925656,-39.953445,-40.338749,-41.546359,-41.052094,-40.737721
1550.0219,-43.983652,-43.998482,-43.98987,-38.953481,-39.93525,-40.35772,-41.540988,-41.028368,-40.74779
1550.025,-43.983616,-43.998567,-43.990597,-38.980209,-39.91899,-40.376885,-41.534593,-41.004333,-40.758712
1550.0281,-43.983987,-43.998312,-43.990851,-39.005714,-39.904557,-40.396073,-41.527289,-40.980016,-40.770317
1550.0312,-43.984745,-43.997735,-43.990655,-39.029924,-39.891817,-40.415133,-41.519181,-40.955462,-40.782447
1550.0344,-43.985847,-43.996873,-43.990055,-39.052825,-39.880613,-40.43394,-41.510361,-40.930738,-40.79496
1550.0375,-43.987231,-43.995777,-43.989112,-39.074459,-39.870765,-40.452396,-41.500911,-40.905935,-40.807737
1550.0406,-43.988821,-43.994511,-43.987901,-39.094929,-39.86208,-40.470432,-41.490898,-40.881162,-40.820676
1550.0438,-43.990527,-43.993148,-43.986508,-39.11439,-39.85435,-40.488013,-41.480376,-40.856548,-40.833702
1550.0469,-43.992257,-43.991765,-43.985021,-39.133048,-39.847362,-40.505135,-41.469382,-40.832238,-40.846765
1550.05,-43.993914,-43.990441,-43.983533,-39.151149,-39.840898,-40.521827,-41.457942,-40.808393,-40.859837
1550.0531,-43.995409,-43.98925,-43.98213,-39.168974,-39.834746,-40.538149,-41.446063,-40.785182,-40.872918
1550.0563,-43.996658,-43.988257,-43.980892,-39.186827,-39.828704,-40.554188,-41.43374,-40.762785,-40.886032
1550.0594,-43.997596,-43.987518,-43.97989,-39.205025,-39.822584,-40.570061,-41.42095,-40.741388,-40.899225
1550.0625,-43.998173,-43.987073,-43.979177,-39.223891,-39.816218,-40.585904,-41.407659,-40.721176,-40.912564
1550.0656,-43.998358,-43.986945,-43.978794,-39.243737,-39.809464,-40.601873,-41.393817,-40.702335,-40.926135
1550.0687,-43.998145,-43.987142,-43.978765,-39.264863,-39.802214,-40.618138,-41.379365,-40.685047,-40.940041
1550.0719,-43.997549,-43.98765,-43.979094,-39.287543,-39.794389,-40.634879,-41.364233,-40.669484,-40.954395
1550.075,-43.996606,-43.988441,-43.979772,-39.312016,-39.785952,-40.652278,-41.34834,-40.655812,-40.96932
1550.0781,-43.995372,-43.989472,-43.980771,-39.338484,-39.7769,-40.670517,-41.331602,-40.644181,-40.984944
1550.0812,-43.993918,-43.990684,-43.982051,-39.367104,-39.767273,-40.689774,-41.313932,-40.634731,-41.001398
1550.0844,-43.992328,-43.992013,-43.983562,-39.397983,-39.757149,-40.710216,-41.29524,-40.627581,-41.018809
1550.0875,-43.990691,-43.993383,-43.985243,-39.431172,-39.746641,-40.731993,-41.27544,-40.622835,-41.037299
1550.0906,-43.989101,-43.994723,-43.98703,-39.466672,-39.735896,-40.755239,-41.254454,-40.620577,-41.05698
1550.0938,-43.987647,-43.995958,-43.988856,-39.504423,-39.725093,-40.780066,-41.232209,-40.620871,-41.077951
1550.0969,-43.986411,-43.997024,-43.990657,-39.544314,-39.714433,-40.806559,-41.20865,-40.62376,-41.100297
1550.1,-43.985459,-43.997864,-43.992372,-39.586177,-39.704138,-40.834777,-41.183734,-40.629263,-41.124084
1550.1031,-43.984846,-43.998436,-43.993947,-39.629795,-39.694444,-40.864746,-41.157439,-40.637381,-41.149355
1550.1063,-43.984605,-43.998711,-43.995337,-39.674905,-39.685593,-40.896463,-41.129767,-40.64809,-41.176133
1550.1094,-43.984748,-43.998679,-43.99651,-39.721206,-39.677831,-40.929891,-41.10074,-40.661345,-41.204413
1550.1125,-43.985267,-43.998346,-43.997444,-39.768365,-39.6714,-40.964961,-41.070409,-40.677079,-41.234166
1550.1156,-43.986133,-43.997735,-43.998127,-39.81603,-39.666531,-41.001566,-41.038852,-40.695205,-41.265336
1550.1188,-43.987296,-43.996884,-43.998563,-39.863835,-39.663442,-41.039571,-41.006174,-40.715617,-41.297837
1550.1219,-43.988693,-43.995845,-43.998764,-39.91142,-39.662332,-41.078806,-40.972506,-40.738191,-41.331558
1550.125,-43.990244,-43.994679,-43.998751,-39.958435,-39.663378,-41.119069,-40.938007,-40.762785,-41.366358
1550.1281,-43.991866,-43.993455,-43.998554,-40.004559,-39.66673,-41.160132,-40.902859,-40.789244,-41.402069
1550.1312,-43.993468,-43.992241,-43.998209,-40.04951,-39.672511,-41.201739,-40.867266,-40.817401,-41.438498
1550.1344,-43.994962,-43.991109,-43.997754,-40.093055,-39.680811,-41.243611,-40.831451,-40.847078,-41.475428
1550.1375,-43.996266,-43.990122,-43.997227,-40.13502,-39.691688,-41.28545,-40.795652,-40.878092,-41.512619
1550.1406,-43.997311,-43.989336,-43.996668,-40.175299,-39.705167,-41.326943,-40.760118,-40.910254,-41.549811
1550.1437,-43.998038,-43.988794,-43.996113,-40.213856,-39.721238,-41.367763,-40.725106,-40.943376,-41.586727
1550.1469,-43.998412,-43.988527,-43.995592,-40.250728,-39.739858,-41.40758,-40.690877,-40.977271,-41.623078
1550.15,-43.998413,-43.988548,-43.995131,-40.286022,-39.76095,-41.446061,-40.657689,-41.011758,-41.658562
1550.1531,-43.998044,-43.988856,-43.99475,-40.319912,-39.784405,-41.482876,-40.625796,-41.046663,-41.692872
1550.1562,-43.997329,-43.989432,-43.994461,-40.352631,-39.810083,-41.517704,-40.595444,-41.081823,-41.7257
1550.1594,-43.99631,-43.990244,-43.994269,-40.384461,-39.837817,-41.550238,-40.566864,-41.117089,-41.756738
1550.1625,-43.995047,-43.991247,-43.994176,-40.415723,-39.867415,-41.580185,-40.540275,-41.152323,-41.785682
1550.1656,-43.993612,-43.992383,-43.994174,-40.446764,-39.898666,-41.60728,-40.515874,-41.187404,-41.812243
1550.1688,-43.992087,-43.993589,-43.994255,-40.477942,-39.93134,-41.631279,-40.493839,-41.222226,-41.836141
1550.1719,-43.99056,-43.994798,-43.994405,-40.509619,-39.965197,-41.651968,-40.474324,-41.2567,-41.857116
1550.175,-43.989114,-43.995944,-43.994611,-40.54214,-39.999992,-41.669168,-40.457461,-41.290748,-41.87493
1550.1781,-43.987832,-43.996963,-43.994856,-40.575827,-40.035481,-41.68273,-40.443351,-41.324309,-41.889368
1550.1813,-43.986786,-43.9978,-43.995126,-40.61097,-40.071425,-41.692545,-40.432074,-41.357331,-41.900245
1550.1844,-43.986032,-43.99841,-43.995409,-40.64781,-40.107599,-41.698539,-40.423678,-41.389769,-41.907403
1550.1875,-43.985613,-43.998761,-43.995694,-40.686539,-40.143795,-41.700675,-40.418186,-41.421588,-41.910721
1550.1906,-43.985551,-43.998837,-43.995974,-40.72729,-40.17983,-41.698955,-40.415593,-41.452752,-41.910109
1550.1937,-43.985848,-43.998634,-43.996243,-40.770135,-40.215551,-41.693419,-40.415869,-41.483227,-41.905514
1550.1969,-43.986489,-43.998168,-43.996501,-40.815076,-40.250836,-41.684142,-40.418956,-41.512975,-41.896923
1550.2,-43.987436,-43.997468,-43.996748,-40.862053,-40.285598,-41.671234,-40.424772,-41.541952,-41.884358
1550.2031,-43.988638,-43.996574,-43.996987,-40.910936,-40.31979,-41.65484,-40.433214,-41.570106,-41.86788
1550.2062,-43.990026,-43.995541,-43.997222,-40.961534,-40.353398,-41.635134,-40.444155,-41.597377,-41.847591
1550.2094,-43.991524,-43.994427,-43.997457,-41.013594,-40.386446,-41.612319,-40.457454,-41.62369,-41.823626
1550.2125,-43.99305,-43.993297,-43.997696,-41.066809,-40.418992,-41.586623,-40.472951,-41.648962,-41.796162
1550.2156,-43.994519,-43.992216,-43.997942,-41.120827,-40.451123,-41.558298,-40.490475,-41.673096,-41.765405
1550.2188,-43.995851,-43.991244,-43.998194,-41.17526,-40.48295,-41.52761,-40.509845,-41.695986,-41.731599
1550.2219,-43.996973,-43.990438,-43.99845,-41.229694,-40.514605,-41.494843,-40.530875,-41.717514,-41.695013
1550.225,-43.997824,-43.989842,-43.998704,-41.283706,-40.546234,-41.460287,-40.553378,-41.737556,-41.655946
1550.2281,-43.998359,-43.98949,-43.998947,-41.336873,-40.577989,-41.42424,-40.57717,-41.755984,-41.614717
1550.2313,-43.998551,-43.989401,-43.999167,-41.388788,-40.610025,-41.387,-40.60207,-41.772667,-41.571665
1550.2344,-43.998392,-43.989579,-43.999351,-41.439077,-40.642491,-41.348858,-40.627911,-41.787475,-41.527142
1550.2375,-43.997892,-43.990015,-43.999483,-41.487411,-40.675523,-41.310101,-40.654537,-41.800283,-41.481508
1550.2406,-43.997083,-43.990683,-43.999548,-41.533519,-40.709242,-41.271,-40.681809,-41.810974,-41.43513
1550.2438,-43.996012,-43.991545,-43.999529,-41.577197,-40.743748,-41.23181,-40.709608,-41.819442,-41.38837
1550.2469,-43.99474,-43.992553,-43.999413,-41.618318,-40.779114,-41.192765,-40.737835,-41.825592,-41.341588
1550.25,-43.993342,-43.993651,-43.999191,-41.656836,-40.815384,-41.154077,-40.766415,-41.829347,-41.29513
1550.2531,-43.991895,-43.994775,-43.998854,-41.692787,-40.85257,-41.115931,-40.795292,-41.830646,-41.249332
1550.2562,-43.990482,-43.995865,-43.998402,-41.726288,-40.89065,-41.078481,-40.824436,-41.829445,-41.204506
1550.2594,-43.989183,-43.996858,-43.997839,-41.757528,-40.929567,-41.041855,-40.853835,-41.825719,-41.160947
1550.2625,-43.988069,-43.9977,-43.997174,-41.786765,-40.969229,-41.006147,-40.883498,-41.81946,-41.118921
1550.2656,-43.987202,-43.998344,-43.996425,-41.81431,-41.00951,-40.971423,-40.91345,-41.810676,-41.078669
1550.2687,-43.986631,-43.998755,-43.995613,-41.840518,-41.050249,-40.937717,-40.943726,-41.799391,-41.040403
1550.2719,-43.986387,-43.99891,-43.994765,-41.86577,-41.091254,-40.905034,-40.974374,-41.785642,-41.004301
1550.275,-43.986482,-43.998803,-43.99391,-41.890463,-41.132305,-40.873351,-41.005444,-41.76948,-40.970514
1550.2781,-43.986911,-43.998439,-43.993084,-41.914993,-41.173155,-40.842624,-41.036989,-41.750961,-40.939157
1550.2812,-43.98765,-43.997841,-43.992318,-41.939742,-41.213535,-40.812784,-41.069056,-41.730155,-40.910317
1550.2844,-43.988657,-43.997044,-43.991647,-41.965066,-41.25316,-40.783746,-41.101686,-41.707135,-40.884047
1550.2875,-43.989875,-43.996092,-43.991101,-41.99128,-41.29173,-40.755412,-41.134908,-41.681982,-40.860371
1550.2906,-43.991239,-43.995041,-43.990705,-42.018656,-41.328939,-40.727676,-41.168736,-41.654781,-40.839286
1550.2938,-43.992671,-43.99395,-43.990481,-42.047409,-41.364478,-40.700428,-41.203165,-41.625624,-40.820761
1550.2969,-43.994092,-43.99288,-43.99044,-42.077691,-41.398041,-40.673559,-41.238171,-41.594606,-40.80474
1550.3,-43.995426,-43.991891,-43.990587,-42.109591,-41.429331,-40.646967,-41.273706,-41.561831,-40.791147
1550.3031,-43.996598,-43.99104,-43.990917,-42.143131,-41.458065,-40.620563,-41.309699,-41.52741,-40.779888
1550.3063,-43.997546,-43.990373,-43.991417,-42.178264,-41.483978,-40.594271,-41.346053,-41.491463,-40.770851
1550.3094,-43.998217,-43.989928,-43.992064,-42.214876,-41.506833,-40.568037,-41.382649,-41.454119,-40.763913
1550.3125,-43.998577,-43.98973,-43.992826,-42.252791,-41.526419,-40.541832,-41.419344,-41.41552,-40.758945
1550.3156,-43.998608,-43.989788,-43.993668,-42.291777,-41.542558,-40.515649,-41.455973,-41.375821,-40.75581
1550.3187,-43.998311,-43.9901,-43.994545,-42.331549,-41.555109,-40.489512,-41.492351,-41.335191,-40.754371
1550.3219,-43.997703,-43.990648,-43.995412,-42.371781,-41.563972,-40.463471,-41.528275,-41.293813,-40.754497
1550.325,-43.996823,-43.991401,-43.996221,-42.412116,-41.569085,-40.437605,-41.563529,-41.251884,-40.756058
1550.3281,-43.99572,-43.992317,-43.996928,-42.452175,-41.570431,-40.412018,-41.597886,-41.209615,-40.75894
1550.3312,-43.994458,-43.993345,-43.997489,-42.491574,-41.568033,-40.386839,-41.631109,-41.167231,-40.763037
1550.3344,-43.99311,-43.994428,-43.997869,-42.529937,-41.561959,-40.36222,-41.662961,-41.124965,-40.768261
1550.3375,-43.991751,-43.995506,-43.99804,-42.566905,-41.552315,-40.338326,-41.693202,-41.083063,-40.774541
1550.3406,-43.990457,-43.996518,-43.997983,-42.602156,-41.539249,-40.315342,-41.721598,-41.041774,-40.781825
1550.3438,-43.989302,-43.997408,-43.997689,-42.635414,-41.522941,-40.293455,-41.74792,-41.001352,-40.790081
1550.3469,-43.98835,-43.998128,-43.997162,-42.66646,-41.503606,-40.272862,-41.771952,-40.962049,-40.799297
1550.35,-43.987653,-43.998638,-43.996418,-42.695141,-41.481484,-40.253757,-41.793489,-40.924117,-40.809479
1550.3531,-43.987249,-43.99891,-43.995481,-42.72138,-41.456842,-40.236329,-41.812343,-40.8878,-40.820655
1550.3563,-43.987162,-43.998929,-43.994389,-42.745172,-41.429962,-40.220759,-41.828346,-40.853331,-40.832864
1550.3594,-43.987394,-43.998696,-43.993184,-42.766591,-41.401139,-40.207215,-41.841348,-40.820932,-40.846165
1550.3625,-43.987933,-43.998225,-43.991918,-42.785784,-41.370676,-40.195846,-41.851222,-40.790808,-40.860623
1550.3656,-43.988749,-43.997541,-43.990644,-42.802962,-41.338876,-40.186785,-41.857865,-40.763147,-40.876314
1550.3688,-43.989795,-43.996685,-43.98942,-42.818397,-41.306038,-40.18014,-41.861196,-40.738115,-40.893317
1550.3719,-43.991014,-43.995704,-43.988298,-42.832406,-41.272453,-40.175993,-41.861162,-40.715855,-40.911715
1550.375,-43.992337,-43.994654,-43.98733,-42.845342,-41.238394,-40.174403,-41.857734,-40.696487,-40.931584
1550.3781,-43.993693,-43.993593,-43.986559,-42.857578,-41.204119,-40.175398,-41.850912,-40.680106,-40.952997
1550.3812,-43.995005,-43.99258,-43.98602,-42.869494,-41.169858,-40.17898,-41.84072,-40.666777,-40.976015
1550.3844,-43.996203,-43.991673,-43.985738,-42.881465,-41.135817,-40.18512,-41.82721,-40.656543,-41.00069
1550.3875,-43.997221,-43.990921,-43.985726,-42.893845,-41.102169,-40.193762,-41.810463,-40.649415,-41.027052
1550.3906,-43.998003,-43.990365,-43.985983,-42.90696,-41.069056,-40.204821,-41.790587,-40.64538,-41.055119
1550.3937,-43.998508,-43.990037,-43.986498,-42.921092,-41.036583,-40.218185,-41.767714,-40.644396,-41.084884
1550.3969,-43.998709,-43.989953,-43.987247,-42.936476,-41.004822,-40.233716,-41.742006,-40.646397,-41.116319
1550.4,-43.998599,-43.99012,-43.988193,-42.953289,-40.973804,-40.251253,-41.713648,-40.65129,-41.149372
1550.4031,-43.998184,-43.990526,-43.989293,-42.971649,-40.943529,-40.270615,-41.68285,-40.658958,-41.183968
1550.4062,-43.99749,-43.991149,-43.990495,-42.99161,-40.913958,-40.2916,-41.649842,-40.669263,-41.220004
1550.4094,-43.996558,-43.991955,-43.991741,-43.013159,-40.885021,-40.313993,-41.614874,-40.682046,-41.257356
1550.4125,-43.995442,-43.9929,-43.992975,-43.036222,-40.856616,-40.337571,-41.578215,-40.69713,-41.295872
1550.4156,-43.994205,-43.99393,-43.994137,-43.060663,-40.828615,-40.3621,-41.540144,-40.714323,-41.335381
1550.4188,-43.992918,-43.994989,-43.995175,-43.086291,-40.800867,-40.387348,-41.500952,-40.733419,-41.375686
1550.4219,-43.991653,-43.996019,-43.996041,-43.112865,-40.773201,-40.413084,-41.460935,-40.754206,-41.416573
1550.425,-43.990481,-43.996963,-43.996696,-43.140105,-40.745436,-40.439086,-41.420392,-40.776462,-41.457812
1550.4281,-43.989468,-43.997771,-43.997111,-43.167697,-40.717383,-40.465145,-41.379617,-40.799967,-41.499156
1550.4313,-43.98867,-43.998397,-43.99727,-43.195309,-40.688852,-40.491069,-41.338902,-40.824499,-41.540347
1550.4344,-43.988131,-43.998809,-43.99717,-43.222601,-40.65966,-40.516688,-41.298526,-40.849843,-41.581121
1550.4375,-43.987881,-43.998985,-43.996819,-43.249239,-40.629639,-40.541858,-41.258755,-40.875792,-41.621207
1550.4406,-43.987933,-43.998917,-43.99624,-43.274902,-40.598635,-40.566465,-41.219839,-40.902154,-41.660333
1550.4437,-43.988283,-43.998609,-43.995464,-43.299304,-40.566525,-40.590423,-41.182004,-40.92875,-41.698233
1550.4469,-43.988912,-43.99808,-43.994534,-43.322197,-40.533211,-40.613683,-41.145457,-40.95542,-41.734642
1550.45,-43.989785,-43.997362,-43.993498,-43.343383,-40.498634,-40.636225,-41.110378,-40.982026,-41.769308
1550.4531,-43.990853,-43.996493,-43.992411,-43.362724,-40.462768,-40.658063,-41.076918,-41.008452,-41.801992
1550.4562,-43.992056,-43.995525,-43.991329,-43.380145,-40.425628,-40.679242,-41.045202,-41.034607,-41.832468
1550.4594,-43.993329,-43.994512,-43.990306,-43.395635,-40.38727,-40.699836,-41.015324,-41.060422,-41.860532
1550.4625,-43.9946,-43.993509,-43.989396,-43.409251,-40.347786,-40.719945,-40.987348,-41.085854,-41.885999
1550.4656,-43.9958,-43.992574,-43.988644,-43.421112,-40.307306,-40.73969,-40.961309,-41.110883,-41.908707
1550.4688,-43.996863,-43.991758,-43.988087,-43.43139,-40.265991,-40.759209,-40.937212,-41.135512,-41.92852
1550.4719,-43.997732,-43.991105,-43.987753,-43.440308,-40.224029,-40.778654,-40.915033,-41.159762,-41.945326
1550.475,-43.998359,-43.990653,-43.98766,-43.448126,-40.181634,-40.798185,-40.89472,-41.183672,-41.95904
1550.4781,-43.998711,-43.990425,-43.987811,-43.455132,-40.139034,-40.817965,-40.876197,-41.207295,-41.969607
1550.4813,-43.99877,-43.990435,-43.988201,-43.461628,-40.096465,-40.838155,-40.859362,-41.230697,-41.976996
1550.4844,-43.998536,-43.99068,-43.988811,-43.467916,-40.054169,-40.858912,-40.844096,-41.25395,-41.981206
1550.4875,-43.998023,-43.991147,-43.989613,-43.474295,-40.012384,-40.880381,-40.830259,-41.277132,-41.982261
1550.4906,-43.997261,-43.991811,-43.990569,-43.481038,-39.971339,-40.902692,-40.817696,-41.300322,-41.980213
1550.4938,-43.996296,-43.992633,-43.991635,-43.488393,-39.931247,-40.92596,-40.806244,-41.323598,-41.975139
1550.4969,-43.995182,-43.99357,-43.992763,-43.496567,-39.892302,-40.950278,-40.795728,-41.34703,-41.967139
1550.5,-43.993983,-43.994569,-43.993903,-43.505726,-39.854674,-40.975715,-40.785976,-41.370684,-41.956336
1550.5031,-43.992766,-43.995575,-43.995004,-43.515983,-39.818502,-41.002317,-40.776813,-41.394614,-41.942876
1550.5062,-43.9916,-43.996534,-43.996021,-43.527403,-39.783899,-41.030102,-40.76807,-41.418862,-41.926922
1550.5094,-43.990551,-43.997394,-43.996911,-43.539995,-39.750941,-41.059061,-40.75959,-41.443458,-41.908653
1550.5125,-43.989676,-43.998108,-43.99764,-43.553718,-39.719673,-41.089156,-40.751229,-41.468413,-41.888265
1550.5156,-43.989024,-43.998637,-43.998184,-43.568482,-39.690102,-41.120322,-40.742862,-41.493725,-41.865965
1550.5187,-43.988632,-43.998955,-43.998526,-43.584149,-39.662204,-41.152467,-40.734382,-41.519373,-41.841968
1550.5219,-43.98852,-43.999046,-43.998662,-43.600544,-39.63592,-41.185472,-40.725711,-41.545319,-41.816497
1550.525,-43.988694,-43.998905,-43.998597,-43.617461,-39.611157,-41.219192,-40.716795,-41.571507,-41.78978
1550.5281,-43.989145,-43.998543,-43.998347,-43.634668,-39.587796,-41.253461,-40.707609,-41.597865,-41.762042
1550.5312,-43.989846,-43.997982,-43.997936,-43.651917,-39.565689,-41.28809,-40.698156,-41.624303,-41.733511
1550.5344,-43.990759,-43.997255,-43.997396,-43.668958,-39.544667,-41.322874,-40.688469,-41.650716,-41.704406
1550.5375,-43.991833,-43.996403,-43.996763,-43.685544,-39.52454,-41.357594,-40.678609,-41.676983,-41.674942
1550.5406,-43.993008,-43.995476,-43.996078,-43.70144,-39.505107,-41.392019,-40.668665,-41.70297,-41.64532
1550.5438,-43.99422,-43.994524,-43.995384,-43.716438,-39.486159,-41.425913,-40.658748,-41.728532,-41.615734
1550.5469,-43.995401,-43.993603,-43.99472,-43.730356,-39.467482,-41.459034,-40.648991,-41.753511,-41.58636
1550.55,-43.996487,-43.992764,-43.994126,-43.743052,-39.44887,-41.491144,-40.639549,-41.777743,-41.557358
1550.5531,-43.997418,-43.992053,-43.993633,-43.754426,-39.430123,-41.522012,-40.630586,-41.801057,-41.528871
1550.5563,-43.998144,-43.99151,-43.993268,-43.764424,-39.41106,-41.551413,-40.62228,-41.823275,-41.501022
1550.5594,-43.998626,-43.991164,-43.99305,-43.773035,-39.391522,-41.57914,-40.614814,-41.844221,-41.473915
1550.5625,-43.998839,-43.991035,-43.99299,-43.780297,-39.371377,-41.605001,-40.608376,-41.863717,-41.447633
1550.5656,-43.998772,-43.991129,-43.993089,-43.786289,-39.350523,-41.628825,-40.603147,-41.881586,-41.422236
1550.5687,-43.998432,-43.991441,-43.993341,-43.791128,-39.328897,-41.650465,-40.599308,-41.897658,-41.397764
1550.5719,-43.997838,-43.991953,-43.993731,-43.794963,-39.30647,-41.6698,-40.597026,-41.91177,-41.374235
1550.575,-43.997027,-43.992636,-43.994239,-43.797969,-39.283254,-41.686734,-40.596458,-41.923768,-41.351649
1550.5781,-43.996043,-43.993452,-43.994838,-43.800336,-39.259299,-41.701202,-40.597746,-41.933511,-41.329983
1550.5812,-43.994945,-43.994357,-43.995497,-43.802267,-39.23469,-41.713162,-40.601011,-41.940869,-41.309199
1550.5844,-43.993794,-43.995301,-43.996185,-43.803961,-39.209549,-41.722604,-40.606355,-41.945733,-41.289241
1550.5875,-43.992654,-43.99623,-43.996868,-43.805616,-39.184026,-41.72954,-40.613858,-41.948007,-41.270039
1550.5906,-43.99159,-43.997096,-43.997517,-43.807411,-39.158295,-41.734011,-40.623577,-41.947618,-41.251512
1550.5938,-43.990662,-43.99785,-43.998102,-43.80951,-39.132551,-41.736076,-40.635542,-41.944514,-41.233567
1550.5969,-43.98992,-43.998452,-43.998602,-43.812048,-39.107003,-41.735818,-40.649759,-41.938664,-41.216107
1550.6,-43.989406,-43.998871,-43.998997,-43.815134,-39.081866,-41.733334,-40.666208,-41.930062,-41.199031
1550.6031,-43.989148,-43.999083,-43.999279,-43.818845,-39.057355,-41.728738,-40.684843,-41.918724,-41.182238
1550.6063,-43.989161,-43.999081,-43.999441,-43.823225,-39.03368,-41.722155,-40.705595,-41.904693,-41.16563
1550.6094,-43.989442,-43.998864,-43.999487,-43.828285,-39.011042,-41.713719,-40.728369,-41.888035,-41.149114
1550.6125,-43.989976,-43.998448,-43.999426,-43.834004,-38.989625,-41.703572,-40.75305,-41.868841,-41.132611
1550.6156,-43.990733,-43.997857,-43.999272,-43.840332,-38.969591,-41.691856,-40.779499,-41.847224,-41.116053
1550.6188,-43.991671,-43.997125,-43.999045,-43.847193,-38.951079,-41.678717,-40.807563,-41.82332,-41.099386
1550.6219,-43.992737,-43.996295,-43.998765,-43.854486,-38.934201,-41.664297,-40.83707,-41.797285,-41.08258
1550.625,-43.993874,-43.995415,-43.998457,-43.862094,-38.919038,-41.648736,-40.867838,-41.769296,-41.06562
1550.6281,-43.995017,-43.994533,-43.998146,-43.869885,-38.905641,-41.632166,-40.899676,-41.739544,-41.048517
1550.6312,-43.996104,-43.993701,-43.997853,-43.877721,-38.894028,-41.614712,-40.932387,-41.708235,-41.031305
1550.6344,-43.997076,-43.992963,-43.9976,-43.885461,-38.884183,-41.596489,-40.965773,-41.675588,-41.01404
1550.6375,-43.997879,-43.992363,-43.997402,-43.892966,-38.87606,-41.577599,-40.99964,-41.641828,-40.996804
1550.6406,-43.99847,-43.991932,-43.997272,-43.900107,-38.869583,-41.558133,-41.033798,-41.607187,-40.9797
1550.6437,-43.998818,-43.991696,-43.997217,-43.906765,-38.864645,-41.538165,-41.06807,-41.571899,-40.962852
1550.6469,-43.998905,-43.991665,-43.997237,-43.912839,-38.861113,-41.517753,-41.102292,-41.536197,-40.946402
1550.65,-43.998727,-43.991843,-43.99733,-43.918249,-38.858833,-41.496941,-41.136317,-41.500309,-40.930512
1550.6531,-43.998296,-43.992218,-43.997486,-43.922936,-38.85763,-41.475752,-41.170019,-41.464458,-40.915355
1550.6562,-43.997639,-43.99277,-43.997691,-43.926864,-38.857315,-41.454195,-41.20329,-41.428855,-40.901113
1550.6594,-43.996792,-43.993467,-43.997931,-43.930021,-38.857692,-41.432259,-41.236047,-41.393698,-40.887977
1550.6625,-43.995805,-43.994271,-43.998186,-43.932422,-38.858558,-41.409916,-41.268229,-41.35917,-40.87614
1550.6656,-43.994734,-43.995137,-43.998438,-43.9341,-38.859714,-41.387125,-41.299798,-41.325438,-40.865795
1550.6688,-43.993638,-43.996018,-43.998667,-43.935112,-38.860969,-41.363826,-41.330735,-41.292647,-40.857131
1550.6719,-43.992581,-43.996864,-43.998857,-43.93553,-38.862146,-41.339951,-41.361041,-41.260922,-40.850329
1550.675,-43.991621,-43.997629,-43.998994,-43.935442,-38.863089,-41.315419,-41.390733,-41.230368,-40.845561
1550.6781,-43.990811,-43.998272,-43.999066,-43.934948,-38.863665,-41.290144,-41.419842,-41.201063,-40.842983
1550.6813,-43.990196,-43.998757,-43.999068,-43.934154,-38.863772,-41.264036,-41.448407,-41.173067,-40.842737
1550.6844,-43.989811,-43.999059,-43.999,-43.933168,-38.863342,-41.237003,-41.476474,-41.146412,-40.844945
1550.6875,-43.989676,-43.999163,-43.998863,-43.9321,-38.86234,-41.208963,-41.504089,-41.121112,-40.849708
1550.6906,-43.989799,-43.999063,-43.998668,-43.931055,-38.860771,-41.179837,-41.531298,-41.097157,-40.857108
1550.6937,-43.990172,-43.998768,-43.998426,-43.93013,-38.858674,-41.149564,-41.558141,-41.074518,-40.867197
1550.6969,-43.990774,-43.998294,-43.998154,-43.929414,-38.856124,-41.118097,-41.584649,-41.053149,-40.880009
1550.7,-43.991572,-43.99767,-43.997869,-43.92898,-38.853228,-41.085411,-41.610841,-41.032988,-40.895546
1550.7031,-43.992521,-43.996931,-43.99759,-43.928891,-38.850123,-41.051507,-41.636722,-41.013959,-40.913789
1550.7062,-43.993568,-43.996121,-43.997338,-43.92919,-38.846967,-41.016412,-41.662282,-40.995979,-40.934689
1550.7094,-43.994657,-43.995284,-43.997129,-43.929906,-38.84394,-40.98018,-41.687494,-40.978956,-40.958174
1550.7125,-43.995726,-43.994468,-43.996979,-43.93105,-38.841231,-40.942899,-41.712313,-40.962797,-40.984146
1550.7156,-43.996717,-43.993719,-43.9969,-43.932615,-38.839038,-40.904684,-41.736676,-40.947409,-41.012482
1550.7188,-43.997576,-43.993079,-43.996899,-43.934579,-38.837558,-40.865678,-41.760502,-40.932705,-41.043037
1550.7219,-43.998256,-43.992584,-43.996978,-43.936906,-38.836983,-40.826054,-41.783697,-40.918605,-41.075645
1550.725,-43.99872,-43.99226,-43.997135,-43.939545,-38.837492,-40.786005,-41.80615,-40.905041,-41.110122
1550.7281,-43.998944,-43.992127,-43.997361,-43.942433,-38.83925,-40.745747,-41.827736,-40.89196,-41.146266
1550.7313,-43.998918,-43.99219,-43.997643,-43.9455,-38.8424,-40.705511,-41.848322,-40.879328,-41.183862
1550.7344,-43.998643,-43.992447,-43.997966,-43.948667,-38.847059,-40.665538,-41.867765,-40.867129,-41.222685
1550.7375,-43.998138,-43.992882,-43.998307,-43.951853,-38.853317,-40.626077,-41.885916,-40.85537,-41.262504
1550.7406,-43.997431,-43.993471,-43.998646,-43.954974,-38.861232,-40.587375,-41.902621,-40.84408,-41.30308
1550.7438,-43.996563,-43.994182,-43.998959,-43.957949,-38.870833,-40.549678,-41.917728,-40.833309,-41.344178
1550.7469,-43.995584,-43.994974,-43.999223,-43.9607,-38.88211,-40.513219,-41.931083,-40.823133,-41.385563
1550.75,-43.994549,-43.995804,-43.99942,-43.963159,-38.895025,-40.478221,-41.942537,-40.813644,-41.427006
1550.7531,-43.993517,-43.996626,-43.99953,-43.965263,-38.909504,-40.444885,-41.951944,-40.804958,-41.468289
1550.7562,-43.992546,-43.997394,-43.999542,-43.966966,-38.92544,-40.413392,-41.959168,-40.797205,-41.509203
1550.7594,-43.991689,-43.998066,-43.999448,-43.968231,-38.9427,-40.3839,-41.964081,-40.79053,-41.549554
1550.7625,-43.990994,-43.998606,-43.999246,-43.969037,-38.961122,-40.356536,-41.966565,-40.785086,-41.589162
1550.7656,-43.9905,-43.998983,-43.998941,-43.96938,-38.980521,-40.3314,-41.966515,-40.781037,-41.627862
1550.7687,-43.990234,-43.999179,-43.998542,-43.96927,-39.000696,-40.30856,-41.963838,-40.778548,-41.665507
1550.7719,-43.990211,-43.999183,-43.998067,-43.968732,-39.02143,-40.288053,-41.95846,-40.777782,-41.701966
1550.775,-43.99043,-43.998996,-43.997534,-43.967807,-39.042503,-40.269884,-41.950319,-40.778899,-41.737123
1550.7781,-43.990881,-43.998629,-43.996969,-43.966547,-39.063691,-40.254027,-41.939375,-40.782052,-41.770876
1550.7812,-43.991537,-43.998104,-43.996399,-43.965017,-39.084778,-40.240427,-41.925605,-40.787381,-41.803137
1550.7844,-43.992362,-43.997452,-43.995851,-43.96329,-39.105561,-40.228997,-41.909008,-40.79501,-41.833829
1550.7875,-43.99331,-43.996709,-43.995353,-43.961444,-39.125858,-40.219626,-41.889605,-40.805047,-41.862886
1550.7906,-43.994329,-43.995917,-43.99493,-43.959563,-39.145511,-40.212178,-41.867442,-40.81758,-41.890249
1550.7938,-43.995363,-43.995121,-43.994605,-43.957729,-39.164395,-40.206497,-41.842589,-40.832672,-41.915865
1550.7969,-43.996353,-43.994366,-43.994394,-43.956024,-39.182418,-40.202408,-41.815142,-40.850364,-41.939689
1550.8,-43.997247,-43.993694,-43.994309,-43.954522,-39.199531,-40.199725,-41.785221,-40.870669,-41.961677
1550.8031,-43.997996,-43.993143,-43.994356,-43.953289,-39.215724,-40.198252,-41.752976,-40.893575,-41.981792
1550.8063,-43.998558,-43.992742,-43.994531,-43.952382,-39.231026,-40.19779,-41.718578,-40.919038,-41.999998
1550.8094,-43.998903,-43.992515,-43.994828,-43.951843,-39.245509,-40.198142,-41.682226,-40.946992,-42.016264
1550.8125,-43.999015,-43.992473,-43.995231,-43.951703,-39.25928,-40.199116,-41.644139,-40.977338,-42.030562
1550.8156,-43.998888,-43.992619,-43.995718,-43.951974,-39.27248,-40.200533,-41.604556,-41.009952,-42.04287
1550.8187,-43.99853,-43.992945,-43.996264,-43.952653,-39.285277,-40.202232,-41.563735,-41.044683,-42.053171
1550.8219,-43.997964,-43.993431,-43.99684,-43.953722,-39.297863,-40.20407,-41.521946,-41.081356,-42.061453
1550.825,-43.997221,-43.994051,-43.997414,-43.955148,-39.310443,-40.205931,-41.479469,-41.119773,-42.067714
1550.8281,-43.996344,-43.994771,-43.997956,-43.956883,-39.323232,-40.207728,-41.436592,-41.159714,-42.071957
1550.8312,-43.995384,-43.995549,-43.998434,-43.958867,-39.336444,-40.209403,-41.393601,-41.200942,-42.074196
1550.8344,-43.994394,-43.996345,-43.998822,-43.961031,-39.350291,-40.210932,-41.350782,-41.243208,-42.074454
1550.8375,-43.99343,-43.997112,-43.999097,-43.963297,-39.364969,-40.212322,-41.30841,-41.286248,-42.072762
1550.8406,-43.992546,-43.99781,-43.999241,-43.965584,-39.380658,-40.213612,-41.266752,-41.329793,-42.069159
1550.8438,-43.991791,-43.9984,-43.999245,-43.967811,-39.397514,-40.214873,-41.226058,-41.373572,-42.063694
1550.8469,-43.991208,-43.998849,-43.999105,-43.969897,-39.415666,-40.216201,-41.186557,-41.417311,-42.056421
1550.85,-43.990827,-43.999134,-43.998826,-43.971771,-39.435209,-40.217718,-41.148459,-41.460743,-42.047399
1550.8531,-43.990671,-43.99924,-43.998419,-43.973365,-39.456204,-40.219565,-41.111946,-41.503612,-42.036691
1550.8563,-43.990747,-43.999161,-43.997903,-43.974628,-39.478674,-40.2219,-41.077174,-41.54567,-42.024362
1550.8594,-43.991052,-43.998903,-43.997302,-43.975518,-39.502606,-40.224889,-41.044269,-41.586686,-42.010478
1550.8625,-43.991567,-43.998481,-43.996645,-43.976012,-39.527947,-40.228707,-41.013328,-41.62645,-41.995102
1550.8656,-43.992264,-43.997919,-43.995965,-43.976102,-39.554606,-40.233527,-40.984416,-41.664771,-41.978293
1550.8688,-43.993104,-43.99725,-43.995295,-43.975797,-39.582458,-40.239518,-40.957567,-41.701478,-41.960109
1550.8719,-43.994041,-43.996512,-43.994668,-43.975122,-39.611344,-40.246838,-40.932784,-41.736429,-41.9406
1550.875,-43.995023,-43.995745,-43.994115,-43.974118,-39.641075,-40.255635,-40.910042,-41.769502,-41.919812
1550.8781,-43.995995,-43.994994,-43.993665,-43.97284,-39.671439,-40.266037,-40.889285,-41.800601,-41.897787
1550.8812,-43.996905,-43.994299,-43.99334,-43.971352,-39.702207,-40.27815,-40.870433,-41.829654,-41.874559
1550.8844,-43.997702,-43.9937,-43.993156,-43.96973,-39.733136,-40.29206,-40.85338,-41.85661,-41.850161
1550.8875,-43.998343,-43.993231,-43.993123,-43.968053,-39.763979,-40.307824,-40.838002,-41.88144,-41.824624
1550.8906,-43.998793,-43.992916,-43.993241,-43.966402,-39.794495,-40.325472,-40.824152,-41.904135,-41.797979
1550.8937,-43.999029,-43.992773,-43.993505,-43.964856,-39.824451,-40.345004,-40.811675,-41.924704,-41.770257
1550.8969,-43.999039,-43.99281,-43.993902,-43.963491,-39.853636,-40.366392,-40.800401,-41.943171,-41.741497
1550.9,-43.998823,-43.993025,-43.994411,-43.962374,-39.881868,-40.389578,-40.790157,-41.959574,-41.711743
1550.9031,-43.998395,-43.993405,-43.995006,-43.961562,-39.908995,-40.414475,-40.780768,-41.973962,-41.681047
1550.9062,-43.99778,-43.993929,-43.995658,-43.961097,-39.934909,-40.440969,-40.772062,-41.986395,-41.649475
1550.9094,-43.997014,-43.994569,-43.996334,-43.961008,-39.959544,-40.46892,-40.763876,-41.996942,-41.617104
1550.9125,-43.996139,-43.995288,-43.997,-43.961309,-39.982883,-40.498165,-40.756057,-42.005676,-41.584027
1550.9156,-43.995206,-43.996047,-43.997623,-43.961996,-40.004957,-40.52852,-40.748471,-42.012679,-41.550352
1550.9188,-43.994268,-43.996804,-43.998172,-43.96305,-40.025843,-40.559786,-40.741003,-42.018033,-41.516202
1550.9219,-43.993376,-43.997517,-43.99862,-43.964438,-40.045665,-40.591751,-40.733561,-42.021826,-41.481715
1550.925,-43.99258,-43.998148,-43.998947,-43.966112,-40.064586,-40.624197,-40.726079,-42.024145,-41.447046
1550.9281,-43.991925,-43.998661,-43.999138,-43.968013,-40.082805,-40.656902,-40.718518,-42.025077,-41.41236
1550.9313,-43.991448,-43.99903,-43.999184,-43.970074,-40.100549,-40.689647,-40.71087,-42.024709,-41.377835
1550.9344,-43.991173,-43.999234,-43.999087,-43.972223,-40.118063,-40.722221,-40.70315,-42.023127,-41.343657
1550.9375,-43.991118,-43.999263,-43.998853,-43.974383,-40.135607,-40.754428,-40.695405,-42.02041,-41.310018
1550.9406,-43.991283,-43.999116,-43.998496,-43.97648,-40.153443,-40.786089,-40.687706,-42.016635,-41.277112
1550.9437,-43.991659,-43.998803,-43.998038,-43.978443,-40.171827,-40.81705,-40.680147,-42.011872,-41.245134
1550.9469,-43.992227,-43.998342,-43.997505,-43.980207,-40.191004,-40.847181,-40.672844,-42.006184,-41.214276
1550.95,-43.992953,-43.997759,-43.996925,-43.981718,-40.211198,-40.876385,-40.665929,-41.999627,-41.184719
1550.9531,-43.993798,-43.997087,-43.99633,-43.982934,-40.232605,-40.904598,-40.659547,-41.992245,-41.156641
1550.9562,-43.994714,-43.996365,-43.995753,-43.983826,-40.25539,-40.931787,-40.653851,-41.984074,-41.1302
1550.9594,-43.995652,-43.995633,-43.995225,-43.984379,-40.279678,-40.957958,-40.649,-41.975138,-41.105546
1550.9625,-43.996559,-43.994932,-43.994772,-43.984593,-40.305557,-40.983146,-40.645152,-41.96545,-41.082805
1550.9656,-43.997386,-43.994301,-43.99442,-43.984485,-40.333067,-41.00742,-40.642463,-41.955011,-41.062088
1550.9688,-43.998087,-43.993775,-43.994186,-43.984082,-40.362204,-41.030876,-40.64108,-41.943812,-41.043484
1550.9719,-43.998625,-43.993383,-43.994082,-43.983426,-40.39292,-41.053637,-40.641139,-41.931831,-41.027057
1550.975,-43.998971,-43.993147,-43.994114,-43.982569,-40.42512,-41.075846,-40.642761,-41.919038,-41.012851
1550.9781,-43.999106,-43.99308,-43.994278,-43.981568,-40.458668,-41.09766,-40.646051,-41.905393,-41.000886
1550.9813,-43.999024,-43.993185,-43.994568,-43.980488,-40.493388,-41.119249,-40.651092,-41.890852,-40.991157
1550.9844,-43.998731,-43.993456,-43.994967,-43.979394,-40.529073,-41.140787,-40.657947,-41.875362,-40.983635
1550.9875,-43.998245,-43.993878,-43.995454,-43.978351,-40.565482,-41.16245,-40.666655,-41.858871,-40.97827
1550.9906,-43.997593,-43.994428,-43.996006,-43.97742,-40.602357,-41.184404,-40.677231,-41.841325,-40.974989
1550.9938,-43.996814,-43.995074,-43.996594,-43.976654,-40.639426,-41.206811,-40.689666,-41.822676,-40.973698
1550.9969,-43.995951,-43.995782,-43.997188,-43.976101,-40.676412,-41.229814,-40.703925,-41.80288,-40.974286
1551,-43.995053,-43.996512,-43.997762,-43.975796,-40.713043,-41.253539,-40.719948,-41.7819,-40.976623
1551.0031,-43.99417,-43.997223,-43.998285,-43.975762,-40.749063,-41.278091,-40.737653,-41.759715,-40.980565
1551.0062,-43.993353,-43.997878,-43.998736,-43.976011,-40.784237,-41.303548,-40.756934,-41.736316,-40.985957
1551.0094,-43.992645,-43.99844,-43.999094,-43.976543,-40.818367,-41.329963,-40.777667,-41.711709,-40.992636
1551.0125,-43.992088,-43.998879,-43.999344,-43.977346,-40.851294,-41.357359,-40.799707,-41.685921,-41.00043
1551.0156,-43.991711,-43.99917,-43.999478,-43.978393,-40.882905,-41.385728,-40.822896,-41.658998,-41.009169
1551.0187,-43.991535,-43.9993,-43.999494,-43.979653,-40.913141,-41.415035,-40.847062,-41.631004,-41.018682
1551.0219,-43.99157,-43.999261,-43.999397,-43.981082,-40.941997,-41.445213,-40.872027,-41.602028,-41.028803
1551.025,-43.991813,-43.999057,-43.999196,-43.982633,-40.969522,-41.476167,-40.897604,-41.572174,-41.039376
1551.0281,-43.992251,-43.998701,-43.998908,-43.984254,-40.99582,-41.507771,-40.92361,-41.541568,-41.050257
1551.0312,-43.992859,-43.998212,-43.998552,-43.985891,-41.021043,-41.539879,-40.949863,-41.510352,-41.061315
1551.0344,-43.993604,-43.997619,-43.998151,-43.987492,-41.045387,-41.572317,-40.97619,-41.478685,-41.072441
1551.0375,-43.994443,-43.996955,-43.997732,-43.989007,-41.069083,-41.604894,-41.002429,-41.446735,-41.083543
1551.0406,-43.995332,-43.996259,-43.997318,-43.990393,-41.092393,-41.637401,-41.028435,-41.414683,-41.094554
1551.0438,-43.99622,-43.995568,-43.996935,-43.991612,-41.115593,-41.669617,-41.054083,-41.382714,-41.105432
1551.0469,-43.997059,-43.994923,-43.996604,-43.992634,-41.138968,-41.701314,-41.079271,-41.351017,-41.116157
1551.05,-43.997802,-43.994358,-43.996346,-43.993441,-41.162804,-41.732259,-41.103921,-41.319781,-41.126736
1551.0531,-43.99841,-43.993905,-43.996174,-43.994022,-41.18737,-41.76222,-41.127984,-41.28919,-41.1372
1551.0563,-43.998849,-43.993589,-43.996096,-43.994377,-41.212919,-41.790972,-41.151438,-41.259421,-41.147603
1551.0594,-43.999097,-43.993428,-43.996118,-43.994514,-41.239673,-41.818298,-41.174288,-41.230642,-41.158022
1551.0625,-43.999139,-43.99343,-43.996237,-43.99445,-41.267817,-41.843998,-41.196567,-41.203008,-41.168549
1551.0656,-43.998976,-43.993595,-43.996444,-43.994211,-41.297498,-41.867888,-41.218334,-41.176658,-41.179297
1551.0687,-43.998617,-43.993913,-43.996729,-43.993827,-41.32881,-41.889807,-41.239671,-41.151713,-41.190389
1551.0719,-43.998084,-43.994367,-43.997074,-43.993332,-41.361804,-41.909619,-41.260679,-41.128276,-41.201957
1551.075,-43.997407,-43.994932,-43.997461,-43.992765,-41.396473,-41.927214,-41.281477,-41.106428,-41.214142
1551.0781,-43.996624,-43.995575,-43.997866,-43.992164,-41.432763,-41.942509,-41.302196,-41.08623,-41.227083
1551.0812,-43.995781,-43.996262,-43.998268,-43.991566,-41.470564,-41.955452,-41.322974,-41.067718,-41.24092
1551.0844,-43.994924,-43.996955,-43.998646,-43.991006,-41.509722,-41.966016,-41.343953,-41.050909,-41.255787
1551.0875,-43.994102,-43.997615,-43.998978,-43.990516,-41.550036,-41.974206,-41.365273,-41.035793,-41.27181
1551.0906,-43.99336,-43.998207,-43.999249,-43.990122,-41.591265,-41.98005,-41.387071,-41.022341,-41.289101
1551.0938,-43.99274,-43.998698,-43.999446,-43.989845,-41.633139,-41.983601,-41.409472,-41.010504,-41.307761
1551.0969,-43.992275,-43.999062,-43.999559,-43.9897,-41.675362,-41.984936,-41.432587,-41.00021,-41.327869
1551.1,-43.991993,-43.999279,-43.999584,-43.989694,-41.717625,-41.984147,-41.456512,-40.991373,-41.349488
1551.1031,-43.991908,-43.999338,-43.999525,-43.98983,-41.759613,-41.981345,-41.481321,-40.983889,-41.372658
1551.1063,-43.992024,-43.999237,-43.999386,-43.990104,-41.801019,-41.976653,-41.507066,-40.977642,-41.397397
1551.1094,-43.992335,-43.998982,-43.999179,-43.990505,-41.841551,-41.970201,-41.533774,-40.972505,-41.423698
1551.1125,-43.992824,-43.998589,-43.998918,-43.991021,-41.880945,-41.962129,-41.561446,-40.968345,-41.451531
1551.1156,-43.993462,-43.99808,-43.998621,-43.991632,-41.918976,-41.952575,-41.590056,-40.965026,-41.480839
1551.1188,-43.994216,-43.997484,-43.998307,-43.992319,-41.955462,-41.941681,-41.61955,-40.96241,-41.511542
1551.1219,-43.995042,-43.996836,-43.997997,-43.99306,-41.990274,-41.929583,-41.649846,-40.960365,-41.543536
1551.125,-43.995896,-43.996171,-43.99771,-43.99383,-42.023338,-41.916411,-41.680837,-40.958765,-41.576694
1551.1281,-43.99673,-43.995527,-43.997463,-43.994608,-42.054643,-41.902287,-41.71239,-40.957497,-41.610866
1551.1312,-43.997498,-43.99494,-43.997272,-43.995372,-42.084232,-41.887324,-41.744347,-40.956461,-41.645884
1551.1344,-43.998159,-43.994442,-43.997149,-43.996102,-42.112207,-41.871618,-41.77653,-40.955576,-41.681561
1551.1375,-43.998676,-43.994062,-43.997101,-43.996781,-42.138721,-41.855254,-41.808742,-40.954781,-41.717697
1551.1406,-43.999022,-43.993819,-43.99713,-43.997394,-42.163972,-41.838299,-41.84077,-40.954038,-41.754078
1551.1437,-43.999178,-43.993729,-43.997235,-43.99793,-42.188193,-41.820803,-41.872388,-40.953334,-41.790482
1551.1469,-43.999137,-43.993794,-43.997409,-43.998379,-42.211644,-41.802797,-41.903364,-40.952679,-41.826679
1551.15,-43.998903,-43.994013,-43.99764,-43.998738,-42.234604,-41.784293,-41.933456,-40.95211,-41.862439
1551.1531,-43.998488,-43.994371,-43.997916,-43.999002,-42.257352,-41.765284,-41.962425,-40.951689,-41.89753
1551.1562,-43.997918,-43.994849,-43.998219,-43.999173,-42.280168,-41.745743,-41.990033,-40.951501,-41.931727
1551.1594,-43.997224,-43.995421,-43.99853,-43.999252,-42.303314,-41.725627,-42.016049,-40.951651,-41.96481
1551.1625,-43.996448,-43.996055,-43.99883,-43.999245,-42.327029,-41.704871,-42.040252,-40.952264,-41.99657
1551.1656,-43.995631,-43.996716,-43.999101,-43.999156,-42.35152,-41.683399,-42.062437,-40.953481,-42.026811
1551.1688,-43.99482,-43.997367,-43.999325,-43.998994,-42.376957,-41.661117,-42.082412,-40.955455,-42.05535
1551.1719,-43.994061,-43.997972,-43.999489,-43.998766,-42.403464,-41.637923,-42.100008,-40.958348,-42.082023
1551.175,-43.993395,-43.9985,-43.999581,-43.998482,-42.431119,-41.613706,-42.115077,-40.962324,-42.106684
1551.1781,-43.99286,-43.998919,-43.999596,-43.998151,-42.45995,-41.588351,-42.127497,-40.96755,-42.129206
1551.1813,-43.992485,-43.99921,-43.999532,-43.997782,-42.489934,-41.561744,-42.137169,-40.974188,-42.149482
1551.1844,-43.992291,-43.999355,-43.999391,-43.997386,-42.521,-41.533774,-42.144024,-40.982394,-42.167426
1551.1875,-43.992289,-43.999347,-43.99918,-43.996973,-42.553028,-41.504341,-42.148019,-40.99231,-42.18297
1551.1906,-43.992478,-43.999189,-43.998912,-43.996554,-42.585854,-41.473358,-42.149138,-41.004067,-42.196068
1551.1937,-43.992847,-43.998889,-43.998601,-43.996138,-42.619279,-41.440756,-42.147394,-41.017775,-42.206691
1551.1969,-43.993376,-43.998465,-43.998264,-43.995737,-42.653067,-41.40649,-42.142827,-41.033525,-42.214832
1551.2,-43.994036,-43.997942,-43.997921,-43.99536,-42.686963,-41.370541,-42.135501,-41.051387,-42.220496
1551.2031,-43.994789,-43.997349,-43.997592,-43.995019,-42.720693,-41.332919,-42.125506,-41.071404,-42.223709
1551.2062,-43.995595,-43.996719,-43.997295,-43.994721,-42.753977,-41.293666,-42.112953,-41.093595,-42.22451
1551.2094,-43.996409,-43.996089,-43.997048,-43.994477,-42.786538,-41.252855,-42.097977,-41.11795,-42.222954
1551.2125,-43.997185,-43.995493,-43.996865,-43.994294,-42.818111,-41.210594,-42.080729,-41.144433,-42.219108
1551.2156,-43.997882,-43.994965,-43.996757,-43.994179,-42.848455,-41.167021,-42.061375,-41.172982,-42.213052
1551.2188,-43.998461,-43.994533,-43.996731,-43.994137,-42.877359,-41.122303,-42.040096,-41.203504,-42.204878
1551.2219,-43.998891,-43.994223,-43.996788,-43.994172,-42.904648,-41.076633,-42.017083,-41.235883,-42.194687
1551.225,-43.999149,-43.994051,-43.996926,-43.994283,-42.930194,-41.030229,-41.992534,-41.269977,-42.182589
1551.2281,-43.999221,-43.994026,-43.997137,-43.99447,-42.953918,-40.983321,-41.96665,-41.305623,-42.168705
1551.2313,-43.999105,-43.99415,-43.997409,-43.994727,-42.975792,-40.936156,-41.939634,-41.342634,-42.153157
1551.2344,-43.998808,-43.994415,-43.997727,-43.995047,-42.995839,-40.888983,-41.911685,-41.380807,-42.136077
1551.2375,-43.998348,-43.994807,-43.998072,-43.995421,-43.014133,-40.842054,-41.882998,-41.419926,-42.117598
1551.2406,-43.99775,-43.995304,-43.998424,-43.995834,-43.030797,-40.795615,-41.853757,-41.459761,-42.097854
1551.2438,-43.99705,-43.995878,-43.998763,-43.996272,-43.045994,-40.7499,-41.824135,-41.500075,-42.076978
1551.2469,-43.996286,-43.996497,-43.999067,-43.996717,-43.059923,-40.705127,-41.794289,-41.540628,-42.055103
1551.25,-43.995502,-43.997128,-43.999319,-43.99715,-43.072808,-40.661495,-41.76436,-41.581181,-42.032354
1551.2531,-43.994741,-43.997735,-43.999503,-43.997552,-43.084895,-40.619176,-41.734469,-41.621496,-42.008853
1551.2562,-43.994046,-43.998286,-43.999605,-43.997904,-43.096438,-40.578315,-41.704716,-41.661347,-41.984709
1551.2594,-43.993457,-43.998749,-43.99962,-43.998185,-43.107691,-40.539027,-41.675178,-41.700517,-41.960026
1551.2625,-43.993004,-43.9991,-43.999542,-43.998381,-43.118902,-40.501393,-41.645909,-41.738803,-41.93489
1551.2656,-43.992714,-43.999321,-43.999376,-43.998476,-43.130301,-40.465461,-41.61694,-41.776021,-41.909379
1551.2687,-43.992602,-43.999398,-43.999127,-43.998459,-43.142096,-40.431245,-41.588279,-41.812005,-41.883554
1551.2719,-43.992675,-43.99933,-43.998808,-43.998324,-43.154464,-40.398725,-41.559911,-41.84661,-41.857463
1551.275,-43.992927,-43.99912,-43.998434,-43.998068,-43.16755,-40.36785,-41.531802,-41.879712,-41.831138
1551.2781,-43.993345,-43.998781,-43.998024,-43.997694,-43.181458,-40.338536,-41.503899,-41.911211,-41.804599
1551.2812,-43.993906,-43.998333,-43.9976,-43.99721,-43.196253,-40.310674,-41.476133,-41.941024,-41.777852
1551.2844,-43.994578,-43.997801,-43.997183,-43.996629,-43.211956,-40.284128,-41.448425,-41.969091,-41.75089
1551.2875,-43.995324,-43.997215,-43.996795,-43.995968,-43.228548,-40.258743,-41.420686,-41.995373,-41.7237
1551.2906,-43.996103,-43.996608,-43.996458,-43.995248,-43.245968,-40.234346,-41.392823,-42.019843,-41.696258
1551.2938,-43.996872,-43.996014,-43.996188,-43.994493,-43.264117,-40.210756,-41.364743,-42.042495,-41.668538
1551.2969,-43.997589,-43.995467,-43.996,-43.993732,-43.282863,-40.187782,-41.336358,-42.063332,-41.640513
1551.3,-43.998214,-43.994997,-43.995905,-43.992991,-43.302042,-40.165236,-41.30759,-42.082371,-41.612156
1551.3031,-43.998713,-43.994629,-43.995908,-43.9923,-43.321468,-40.142934,-41.278372,-42.099635,-41.583446
1551.3063,-43.99906,-43.994385,-43.996008,-43.991684,-43.340939,-40.120704,-41.248657,-42.115156,-41.554371
1551.3094,-43.999236,-43.994278,-43.9962,-43.991169,-43.360242,-40.09839,-41.218415,-42.128973,-41.524929
1551.3125,-43.999232,-43.994313,-43.996475,-43.990774,-43.379161,-40.075858,-41.187644,-42.141124,-41.495134
1551.3156,-43.999049,-43.994489,-43.996817,-43.990515,-43.397486,-40.052999,-41.156362,-42.151655,-41.465013
1551.3187,-43.998698,-43.994795,-43.997209,-43.990404,-43.415022,-40.029735,-41.124617,-42.160609,-41.434614
1551.3219,-43.998201,-43.995214,-43.997628,-43.990443,-43.431592,-40.006018,-41.09248,-42.168033,-41.404004
1551.325,-43.997585,-43.995724,-43.998053,-43.990631,-43.447049,-39.981836,-41.060051,-42.173972,-41.373267
1551.3281,-43.996885,-43.996295,-43.99846,-43.99096,-43.461275,-39.957207,-41.027451,-42.17847,-41.342508
1551.3312,-43.99614,-43.996897,-43.998828,-43.991414,-43.474193,-39.932185,-40.994824,-42.181572,-41.311851
1551.3344,-43.995394,-43.997495,-43.999136,-43.991973,-43.485763,-39.906852,-40.962331,-42.183319,-41.281436
1551.3375,-43.994686,-43.998058,-43.999367,-43.992612,-43.495986,-39.881319,-40.930146,-42.183752,-41.251417
1551.3406,-43.994058,-43.998553,-43.999509,-43.9933,-43.504907,-39.85572,-40.898457,-42.182909,-41.221959
1551.3438,-43.993542,-43.998955,-43.999554,-43.994008,-43.512607,-39.830208,-40.867454,-42.180824,-41.193239
1551.3469,-43.993169,-43.999241,-43.999499,-43.994702,-43.519204,-39.80495,-40.837329,-42.17753,-41.165437
1551.35,-43.992959,-43.999397,-43.999346,-43.99535,-43.524847,-39.780119,-40.808271,-42.173053,-41.138734
1551.3531,-43.992923,-43.999413,-43.999104,-43.995922,-43.529709,-39.755894,-40.780461,-42.167415,-41.113312
1551.3563,-43.993063,-43.999291,-43.998785,-43.99639,-43.533983,-39.732449,-40.754065,-42.160635,-41.089345
1551.3594,-43.993371,-43.999037,-43.998406,-43.996732,-43.537872,-39.709951,-40.729238,-42.152723,-41.067
1551.3625,-43.993829,-43.998666,-43.997987,-43.996932,-43.541584,-39.688552,-40.706111,-42.143683,-41.046431
1551.3656,-43.994413,-43.9982,-43.99755,-43.996978,-43.545321,-39.668391,-40.684797,-42.133515,-41.027778
1551.3688,-43.995089,-43.997665,-43.997118,-43.996869,-43.549278,-39.649581,-40.665381,-42.122211,-41.011162
1551.3719,-43.995821,-43.99709,-43.996715,-43.996607,-43.553629,-39.632215,-40.647924,-42.109755,-40.996684
1551.375,-43.996568,-43.99651,-43.996361,-43.996204,-43.558529,-39.616358,-40.63246,-42.096128,-40.984426
1551.3781,-43.997289,-43.995955,-43.996075,-43.995678,-43.564103,-39.602046,-40.618994,-42.081305,-40.974445
1551.3812,-43.997944,-43.995456,-43.995873,-43.995052,-43.570445,-39.589287,-40.607504,-42.065258,-40.966772
1551.3844,-43.998498,-43.995043,-43.995765,-43.994354,-43.577616,-39.578059,-40.597939,-42.047958,-40.961418
1551.3875,-43.99892,-43.994736,-43.995756,-43.993617,-43.585641,-39.568312,-40.590223,-42.029374,-40.958366
1551.3906,-43.999188,-43.994555,-43.995847,-43.992873,-43.594508,-39.559967,-40.584256,-42.009482,-40.957575
1551.3937,-43.999287,-43.994507,-43.996033,-43.992157,-43.604173,-39.552918,-40.579913,-41.988259,-40.958979
1551.3969,-43.999214,-43.994596,-43.996305,-43.991502,-43.614559,-39.547037,-40.577052,-41.965691,-40.962493
1551.4,-43.998972,-43.994817,-43.996647,-43.990937,-43.625557,-39.542174,-40.575512,-41.941775,-40.968006
1551.4031,-43.998577,-43.995157,-43.997041,-43.99049,-43.637036,-39.538163,-40.575121,-41.916521,-40.975393
1551.4062,-43.998051,-43.995597,-43.997468,-43.99018,-43.648843,-39.534825,-40.575695,-41.889952,-40.984508
1551.4094,-43.997424,-43.996113,-43.997904,-43.990022,-43.660811,-39.531972,-40.577048,-41.86211,-40.995192
1551.4125,-43.996732,-43.996676,-43.998327,-43.990025,-43.672767,-39.529414,-40.578994,-41.833054,-41.007277
1551.4156,-43.996013,-43.997256,-43.998716,-43.990189,-43.684533,-39.526963,-40.581349,-41.802864,-41.020584
1551.4188,-43.995307,-43.99782,-43.99905,-43.990507,-43.695939,-39.524438,-40.58394,-41.771638,-41.034933
1551.4219,-43.994655,-43.998337,-43.999313,-43.990965,-43.706826,-39.521674,-40.586609,-41.739493,-41.050142
1551.425,-43.994092,-43.998779,-43.999492,-43.991546,-43.717052,-39.518521,-40.589215,-41.706566,-41.066032
1551.4281,-43.99365,-43.999123,-43.999578,-43.992223,-43.726498,-39.514853,-40.591638,-41.67301,-41.082432
1551.4313,-43.993353,-43.999348,-43.99957,-43.992969,-43.735074,-39.510571,-40.593783,-41.638993,-41.099182
1551.4344,-43.993218,-43.999444,-43.999468,-43.993751,-43.74272,-39.505605,-40.595586,-41.604693,-41.116137
1551.4375,-43.993251,-43.999406,-43.99928,-43.994538,-43.749407,-39.49992,-40.597009,-41.5703,-41.133167
1551.4406,-43.99345,-43.999236,-43.999017,-43.995298,-43.755142,-39.49351,-40.598045,-41.536009,-41.150166
1551.4437,-43.993805,-43.998945,-43.998695,-43.995999,-43.759962,-39.486405,-40.598717,-41.502014,-41.167045
1551.4469,-43.994296,-43.99855,-43.998333,-43.996616,-43.763937,-39.478666,-40.599078,-41.468512,-41.183744
1551.45,-43.994895,-43.998072,-43.99795,-43.997126,-43.767162,-39.470382,-40.599205,-41.435692,-41.200223
1551.4531,-43.995569,-43.99754,-43.99757,-43.997511,-43.769758,-39.461672,-40.599204,-41.403734,-41.21647
1551.4562,-43.996281,-43.996982,-43.997212,-43.997761,-43.771859,-39.452673,-40.599197,-41.372806,-41.232495
1551.4594,-43.996991,-43.996431,-43.996896,-43.997871,-43.773616,-39.443542,-40.599327,-41.343064,-41.24833
1551.4625,-43.997662,-43.995916,-43.996641,-43.997844,-43.775183,-39.434448,-40.599746,-41.314641,-41.26403
1551.4656,-43.998255,-43.995468,-43.996459,-43.997688,-43.776715,-39.425566,-40.600618,-41.287655,-41.279666
1551.4688,-43.998738,-43.995109,-43.99636,-43.997418,-43.778362,-39.417075,-40.602109,-41.262199,-41.295326
1551.4719,-43.999086,-43.994861,-43.99635,-43.997052,-43.78026,-39.409146,-40.604381,-41.238342,-41.31111
1551.475,-43.999279,-43.994737,-43.996428,-43.996616,-43.782531,-39.401945,-40.607595,-41.216132,-41.327126
1551.4781,-43.999308,-43.994743,-43.996591,-43.996135,-43.785277,-39.395621,-40.6119,-41.195589,-41.343487
1551.4813,-43.999173,-43.99488,-43.996828,-43.995636,-43.788573,-39.390308,-40.617431,-41.176708,-41.360309
1551.4844,-43.99888,-43.995139,-43.997128,-43.995148,-43.792473,-39.386118,-40.624307,-41.159462,-41.377704
1551.4875,-43.998448,-43.995506,-43.997474,-43.994697,-43.796999,-39.383137,-40.632626,-41.143799,-41.39578
1551.4906,-43.997902,-43.995961,-43.997847,-43.994307,-43.802149,-39.381426,-40.642467,-41.129643,-41.414635
1551.4938,-43.997271,-43.996478,-43.998227,-43.994,-43.807894,-39.381017,-40.65388,-41.1169,-41.434356
1551.4969,-43.996592,-43.997029,-43.998595,-43.993791,-43.814179,-39.381915,-40.666893,-41.105457,-41.455017
1551.5,-43.995903,-43.997583,-43.99893,-43.993691,-43.820927,-39.384093,-40.681508,-41.095184,-41.476674
1551.5031,-43.995242,-43.99811,-43.999217,-43.993706,-43.828043,-39.387498,-40.697699,-41.085941,-41.499365
1551.5062,-43.994647,-43.998581,-43.99944,-43.993836,-43.835417,-39.39205,-40.715414,-41.077576,-41.52311
1551.5094,-43.99415,-43.998971,-43.999589,-43.994075,-43.842927,-39.397641,-40.734577,-41.069934,-41.547907
1551.5125,-43.993778,-43.999257,-43.999657,-43.994414,-43.850449,-39.404145,-40.75509,-41.062855,-41.573735
1551.5156,-43.993553,-43.999426,-43.999643,-43.994838,-43.857855,-39.411413,-40.77683,-41.056186,-41.600549
1551.5187,-43.993487,-43.999467,-43.99955,-43.995329,-43.865023,-39.419286,-40.79966,-41.049776,-41.628286
1551.5219,-43.993583,-43.99938,-43.999383,-43.995866,-43.871841,-39.42759,-40.823423,-41.043487,-41.656862
1551.525,-43.993835,-43.99917,-43.999155,-43.996427,-43.878207,-39.43615,-40.847953,-41.037194,-41.686172
1551.5281,-43.994229,-43.998849,-43.998879,-43.99699,-43.884038,-39.444789,-40.873077,-41.030789,-41.716096
1551.5312,-43.994745,-43.998436,-43.998572,-43.997534,-43.889272,-39.453338,-40.898617,-41.024186,-41.746498
1551.5344,-43.995352,-43.997954,-43.998253,-43.998038,-43.893866,-39.461638,-40.924397,-41.017322,-41.777225
1551.5375,-43.996017,-43.99743,-43.99794,-43.998487,-43.8978,-39.469548,-40.950246,-41.010158,-41.808118
1551.5406,-43.996704,-43.996893,-43.997651,-43.998866,-43.901079,-39.476949,-40.976007,-41.002682,-41.839004
1551.5438,-43.997375,-43.996374,-43.997403,-43.999166,-43.903727,-39.483748,-41.001535,-40.994909,-41.869708
1551.5469,-43.997992,-43.995902,-43.99721,-43.999381,-43.905791,-39.489881,-41.026705,-40.98688,-41.90005
1551.55,-43.998523,-43.995502,-43.997082,-43.999511,-43.907333,-39.495318,-41.051415,-40.978661,-41.929851
1551.5531,-43.998938,-43.995198,-43.997028,-43.999557,-43.908433,-39.50006,-41.07559,-40.970343,-41.958936
1551.5563,-43.999215,-43.995005,-43.997048,-43.999528,-43.90918,-39.504145,-41.09918,-40.962036,-41.987136
1551.5594,-43.999339,-43.994935,-43.997143,-43.999432,-43.909672,-39.507642,-41.122168,-40.95387,-42.014289
1551.5625,-43.999304,-43.99499,-43.997307,-43.999282,-43.910007,-39.510648,-41.144562,-40.94599,-42.040248
1551.5656,-43.999113,-43.995169,-43.997529,-43.999093,-43.910287,-39.513291,-41.166402,-40.93855,-42.064877
1551.5687,-43.998777,-43.99546,-43.997798,-43.998879,-43.910606,-39.515721,-41.187753,-40.931713,-42.088058
1551.5719,-43.998315,-43.995848,-43.998097,-43.998656,-43.911052,-39.518104,-41.208706,-40.925644,-42.10969
1551.575,-43.997755,-43.996311,-43.998411,-43.998437,-43.911703,-39.520622,-41.229372,-40.920509,-42.129688
1551.5781,-43.997127,-43.996823,-43.998721,-43.998238,-43.912621,-39.52346,-41.249881,-40.916468,-42.147991
1551.5812,-43.996467,-43.997356,-43.99901,-43.998067,-43.913857,-39.526807,-41.270376,-40.913671,-42.164552
1551.5844,-43.995812,-43.997882,-43.999263,-43.997934,-43.915441,-39.530847,-41.291006,-40.912259,-42.179346
1551.5875,-43.995198,-43.99837,-43.999465,-43.997845,-43.91739,-39.535753,-41.311927,-40.912357,-42.192366
1551.5906,-43.99466,-43.998794,-43.999607,-43.997802,-43.919703,-39.541685,-41.33329,-40.914072,-42.20362
1551.5938,-43.994228,-43.999132,-43.999679,-43.997806,-43.922364,-39.548781,-41.355245,-40.917492,-42.213133
1551.5969,-43.993924,-43.999364,-43.99968,-43.997854,-43.925341,-39.557156,-41.377925,-40.922684,-42.220945
1551.6,-43.993767,-43.999479,-43.999611,-43.997942,-43.928589,-39.566901,-41.401454,-40.929691,-42.227105
1551.6031,-43.993764,-43.999471,-43.999475,-43.998061,-43.932053,-39.578073,-41.425934,-40.938532,-42.231675
1551.6063,-43.993916,-43.99934,-43.999281,-43.998206,-43.93567,-39.590703,-41.451446,-40.949204,-42.234723
1551.6094,-43.994214,-43.999096,-43.999042,-43.998366,-43.939371,-39.604788,-41.478048,-40.961678,-42.236325
1551.6125,-43.994641,-43.998751,-43.998771,-43.998534,-43.943082,-39.620292,-41.505769,-40.975903,-42.236559
1551.6156,-43.995174,-43.998325,-43.998485,-43.9987,-43.946732,-39.63715,-41.534614,-40.991805,-42.235506
1551.6188,-43.995783,-43.997843,-43.998201,-43.998858,-43.950251,-39.655267,-41.564555,-41.009288,-42.233247
1551.6219,-43.996434,-43.997332,-43.997934,-43.999001,-43.953574,-39.674518,-41.595537,-41.02824,-42.229863
1551.625,-43.997092,-43.996821,-43.997701,-43.999125,-43.956642,-39.694757,-41.627478,-41.04853,-42.225431
1551.6281,-43.99772,-43.996337,-43.997516,-43.999227,-43.959408,-39.715818,-41.660267,-41.070015,-42.220025
1551.6312,-43.998284,-43.995908,-43.997388,-43.999306,-43.961833,-39.737517,-41.693767,-41.09254,-42.213713
1551.6344,-43.998753,-43.995558,-43.997325,-43.999364,-43.963891,-39.759663,-41.727818,-41.115945,-42.206558
1551.6375,-43.999101,-43.995306,-43.997331,-43.999402,-43.965566,-39.782058,-41.76224,-41.140068,-42.198615
1551.6406,-43.999311,-43.995165,-43.997405,-43.999425,-43.966858,-39.804508,-41.796835,-41.164744,-42.189931
1551.6437,-43.99937,-43.995145,-43.997544,-43.999436,-43.967775,-39.826828,-41.831392,-41.189817,-42.180546
1551.6469,-43.999277,-43.995245,-43.997738,-43.999441,-43.968338,-39.848844,-41.865687,-41.215137,-42.170491
1551.65,-43.999037,-43.995459,-43.997978,-43.999444,-43.968578,-39.870407,-41.899495,-41.240568,-42.159785
1551.6531,-43.998664,-43.995777,-43.998248,-43.999449,-43.968535,-39.891392,-41.932586,-41.26599,-42.14844
1551.6562,-43.998181,-43.99618,-43.998533,-43.99946,-43.968256,-39.911703,-41.964735,-41.2913,-42.136458
1551.6594,-43.997613,-43.996646,-43.998818,-43.99948,-43.967791,-39.931281,-41.995723,-41.316418,-42.123831
1551.6625,-43.996994,-43.997149,-43.999085,-43.999508,-43.967195,-39.9501,-42.025345,-41.341286,-42.110539
1551.6656,-43.996357,-43.997661,-43.999318,-43.999544,-43.966526,-39.968174,-42.053407,-41.365869,-42.096555
1551.6688,-43.995739,-43.998155,-43.999505,-43.999586,-43.965838,-39.985552,-42.079738,-41.390155,-42.081844
1551.6719,-43.995174,-43.998603,-43.999634,-43.99963,-43.965184,-40.002319,-42.104184,-41.414157,-42.066362
1551.675,-43.994694,-43.99898,-43.999697,-43.999671,-43.964614,-40.018591,-42.126616,-41.437908,-42.050057
1551.6781,-43.994324,-43.999266,-43.99969,-43.999704,-43.96417,-40.034512,-42.146932,-41.461461,-42.032873
1551.6813,-43.994086,-43.999447,-43.999614,-43.999724,-43.963891,-40.050248,-42.165052,-41.484885,-42.014752
1551.6844,-43.993992,-43.999511,-43.999471,-43.999723,-43.963805,-40.065983,-42.180925,-41.508264,-41.995631
1551.6875,-43.994048,-43.999457,-43.99927,-43.999698,-43.963932,-40.081909,-42.194522,-41.53169,-41.975451
1551.6906,-43.99425,-43.999288,-43.999021,-43.999643,-43.964285,-40.098224,-42.205843,-41.555262,-41.954154
1551.6937,-43.994587,-43.999013,-43.998739,-43.999555,-43.964867,-40.11512,-42.214908,-41.57908,-41.931687
1551.6969,-43.995039,-43.998649,-43.998438,-43.999435,-43.965673,-40.132784,-42.221758,-41.603241,-41.90801
1551.7,-43.995583,-43.998217,-43.998136,-43.999281,-43.966686,-40.151384,-42.226455,-41.627837,-41.883088
1551.7031,-43.996188,-43.99774,-43.997848,-43.999098,-43.967887,-40.171069,-42.229077,-41.652951,-41.856906
1551.7062,-43.996821,-43.997246,-43.997592,-43.99889,-43.969247,-40.191962,-42.229715,-41.678651,-41.82946
1551.7094,-43.997445,-43.996761,-43.997381,-43.998664,-43.97073,-40.214158,-42.228472,-41.704989,-41.800769
1551.7125,-43.998029,-43.996314,-43.997227,-43.998428,-43.972298,-40.237719,-42.225461,-41.731998,-41.770869
1551.7156,-43.998538,-43.995929,-43.997139,-43.998193,-43.973908,-40.262672,-42.220798,-41.759692,-41.739819
1551.7188,-43.998946,-43.995628,-43.997122,-43.997968,-43.975517,-40.289009,-42.214605,-41.78806,-41.7077
1551.7219,-43.999231,-43.995426,-43.997177,-43.997764,-43.97708,-40.316684,-42.207004,-41.817071,-41.674615
1551.725,-43.999377,-43.995335,-43.9973,-43.997592,-43.978555,-40.345619,-42.198117,-41.846668,-41.640687
1551.7281,-43.999377,-43.995361,-43.997485,-43.99746,-43.9799,-40.375698,-42.188059,-41.87677,-41.606063
1551.7313,-43.999232,-43.995501,-43.997722,-43.997375,-43.981081,-40.406778,-42.176941,-41.907277,-41.570904
1551.7344,-43.998949,-43.995747,-43.997998,-43.997344,-43.982067,-40.438686,-42.164868,-41.938065,-41.53539
1551.7375,-43.998547,-43.996086,-43.998297,-43.997368,-43.982832,-40.471228,-42.151933,-41.968989,-41.499713
1551.7406,-43.998047,-43.996499,-43.998602,-43.997448,-43.98336,-40.50419,-42.138218,-41.99989,-41.464074
1551.7438,-43.997478,-43.996964,-43.998896,-43.997581,-43.983642,-40.53735,-42.123791,-42.030589,-41.428681
1551.7469,-43.996872,-43.997454,-43.999164,-43.997761,-43.983677,-40.57048,-42.108709,-42.060899,-41.393744
1551.75,-43.996263,-43.997942,-43.999389,-43.99798,-43.983473,-40.603354,-42.093012,-42.09062,-41.359471
1551.7531,-43.995685,-43.998402,-43.999559,-43.998225,-43.983044,-40.63576,-42.076722,-42.119548,-41.326065
1551.7562,-43.99517,-43.998808,-43.999663,-43.998485,-43.982415,-40.667498,-42.059848,-42.147475,-41.293718
1551.7594,-43.994746,-43.999139,-43.999697,-43.998745,-43.981615,-40.698397,-42.04238,-42.174193,-41.262612
1551.7625,-43.994438,-43.999375,-43.999658,-43.998991,-43.98068,-40.728314,-42.024295,-42.199499,-41.232913
1551.7656,-43.994261,-43.999506,-43.999546,-43.999207,-43.97965,-40.757141,-42.00555,-42.223197,-41.204766
1551.7687,-43.994226,-43.999523,-43.999369,-43.999381,-43.978569,-40.784811,-41.986093,-42.2451,-41.178299
1551.7719,-43.994335,-43.999427,-43.999135,-43.999501,-43.977482,-40.811296,-41.965856,-42.265034,-41.153613
1551.775,-43.994581,-43.999224,-43.998858,-43.999556,-43.976434,-40.836613,-41.944763,-42.282842,-41.130789
1551.7781,-43.99495,-43.998924,-43.998551,-43.999541,-43.975468,-40.860819,-41.92273,-42.298383,-41.109879
1551.7812,-43.995423,-43.998546,-43.998231,-43.999451,-43.974625,-40.884011,-41.89967,-42.31154,-41.090913
1551.7844,-43.995972,-43.998111,-43.997917,-43.999289,-43.973939,-40.906322,-41.875494,-42.322212,-41.073893
1551.7875,-43.996568,-43.997643,-43.997624,-43.999057,-43.973441,-40.927915,-41.850118,-42.330326,-41.058797
1551.7906,-43.997177,-43.997168,-43.997369,-43.998763,-43.973151,-40.948978,-41.823464,-42.335831,-41.04558
1551.7938,-43.997766,-43.996713,-43.997166,-43.998419,-43.973085,-40.969715,-41.795466,-42.3387,-41.034172
1551.7969,-43.998303,-43.996304,-43.997025,-43.998038,-43.973248,-40.990342,-41.766074,-42.338931,-41.024485
1551.8,-43.998758,-43.995962,-43.996955,-43.997636,-43.973637,-41.011077,-41.735255,-42.336548,-41.016412
1551.8031,-43.999107,-43.995708,-43.996959,-43.997232,-43.974239,-41.032135,-41.703,-42.331598,-41.00983
1551.8063,-43.999331,-43.995554,-43.997037,-43.996841,-43.975034,-41.053716,-41.669321,-42.324151,-41.004606
1551.8094,-43.999418,-43.99551,-43.997185,-43.996483,-43.975995,-41.076005,-41.634261,-42.3143,-41.000597
1551.8125,-43.999363,-43.995577,-43.997394,-43.996174,-43.977087,-41.099162,-41.597885,-42.302159,-40.997654
1551.8156,-43.999171,-43.995753,-43.997654,-43.995928,-43.97827,-41.123316,-41.560288,-42.287858,-40.995629
1551.8187,-43.998853,-43.996026,-43.997949,-43.995756,-43.979502,-41.148567,-41.52159,-42.271548,-40.994377
1551.8219,-43.998427,-43.996382,-43.998265,-43.995666,-43.980736,-41.174974,-41.481936,-42.253392,-40.99376
1551.825,-43.997917,-43.996802,-43.998583,-43.995664,-43.981928,-41.202561,-41.441491,-42.233566,-40.993649
1551.8281,-43.997352,-43.997261,-43.998887,-43.995748,-43.983033,-41.231311,-41.400439,-42.212253,-40.993931
1551.8312,-43.996764,-43.997734,-43.999161,-43.995916,-43.984011,-41.261168,-41.358979,-42.189645,-40.99451
1551.8344,-43.996185,-43.998196,-43.999388,-43.996158,-43.984828,-41.29204,-41.317317,-42.165934,-40.99531
1551.8375,-43.995649,-43.998621,-43.999558,-43.996463,-43.985455,-41.323798,-41.275665,-42.141316,-40.996278
1551.8406,-43.995184,-43.998986,-43.99966,-43.996817,-43.98587,-41.356281,-41.234235,-42.11598,-40.997383
1551.8438,-43.994816,-43.999271,-43.99969,-43.997202,-43.986063,-41.389302,-41.193233,-42.09011,-40.998618
1551.8469,-43.994566,-43.99946,-43.999646,-43.9976,-43.986029,-41.422652,-41.152856,-42.063882,-41.000003
1551.85,-43.994448,-43.999544,-43.99953,-43.99799,-43.985776,-41.456105,-41.113286,-42.037457,-41.001576
1551.8531,-43.994468,-43.999518,-43.99935,-43.998355,-43.985319,-41.48943,-41.074684,-42.010984,-41.003401
1551.8563,-43.994624,-43.999385,-43.999114,-43.998677,-43.984683,-41.522393,-41.037195,-41.984593,-41.005559
1551.8594,-43.994908,-43.999152,-43.998837,-43.998939,-43.983898,-41.554769,-41.000932,-41.958396,-41.008149
1551.8625,-43.995304,-43.998832,-43.998533,-43.999129,-43.983003,-41.586348,-40.965986,-41.932485,-41.011282
1551.8656,-43.99579,-43.998444,-43.998219,-43.999239,-43.98204,-41.616943,-40.932418,-41.906928,-41.015079
1551.8688,-43.996339,-43.99801,-43.997912,-43.999263,-43.981054,-41.646396,-40.900257,-41.881773,-41.019667
1551.8719,-43.996921,-43.997553,-43.997629,-43.9992,-43.98009,-41.674587,-40.869505,-41.857044,-41.025177
1551.875,-43.997504,-43.997101,-43.997385,-43.999055,-43.979194,-41.701434,-40.840131,-41.832743,-41.031735
1551.8781,-43.998055,-43.996677,-43.997193,-43.998834,-43.978408,-41.7269,-40.81208,-41.80885,-41.039464
1551.8812,-43.998545,-43.996305,-43.997065,-43.998549,-43.977769,-41.750992,-40.785266,-41.785327,-41.048478
1551.8844,-43.998947,-43.996007,-43.997006,-43.998215,-43.977308,-41.773764,-40.759582,-41.762116,-41.058876
1551.8875,-43.999238,-43.995798,-43.99702,-43.997849,-43.977049,-41.795312,-40.734897,-41.739145,-41.070747
1551.8906,-43.999404,-43.995689,-43.997105,-43.997469,-43.977008,-41.81577,-40.711065,-41.716328,-41.084156
1551.8937,-43.999436,-43.995688,-43.997258,-43.997094,-43.97719,-41.835309,-40.687924,-41.69357,-41.099154
1551.8969,-43.999332,-43.995794,-43.99747,-43.996744,-43.977594,-41.854127,-40.665307,-41.670772,-41.115768
1551.9,-43.999099,-43.996,-43.997729,-43.996436,-43.978208,-41.872443,-40.643039,-41.647831,-41.134001
1551.9031,-43.99875,-43.996296,-43.998022,-43.996184,-43.979011,-41.890488,-40.620949,-41.624648,-41.153837
1551.9062,-43.998306,-43.996664,-43.998332,-43.996002,-43.979975,-41.908502,-40.598871,-41.601128,-41.175232
1551.9094,-43.997792,-43.997086,-43.998643,-43.995899,-43.981067,-41.926717,-40.576651,-41.577189,-41.198123
1551.9125,-43.997235,-43.997536,-43.998938,-43.99588,-43.982248,-41.945359,-40.55415,-41.552761,-41.222422
1551.9156,-43.996669,-43.997991,-43.999202,-43.995946,-43.983475,-41.964632,-40.531252,-41.527791,-41.248021
1551.9188,-43.996124,-43.998425,-43.99942,-43.996093,-43.984705,-41.984718,-40.507862,-41.502246,-41.274794
1551.9219,-43.99563,-43.998814,-43.999583,-43.996314,-43.985896,-42.005769,-40.483914,-41.476115,-41.302595
1551.925,-43.995215,-43.999138,-43.99968,-43.9966,-43.987007,-42.0279,-40.459372,-41.44941,-41.331267
1551.9281,-43.994902,-43.999379,-43.999709,-43.996936,-43.988002,-42.051188,-40.43423,-41.422166,-41.360639
1551.9313,-43.994709,-43.999523,-43.999667,-43.997306,-43.988849,-42.075673,-40.40851,-41.394444,-41.390534
1551.9344,-43.994645,-43.999564,-43.999559,-43.997694,-43.989525,-42.101348,-40.382266,-41.366325,-41.420767
1551.9375,-43.994714,-43.999499,-43.99939,-43.998081,-43.990014,-42.128167,-40.355579,-41.337912,-41.451156
1551.9406,-43.994912,-43.999333,-43.999171,-43.998451,-43.990307,-42.156043,-40.328555,-41.309326,-41.48152
1551.9437,-43.995229,-43.999074,-43.998915,-43.998786,-43.990406,-42.184852,-40.301321,-41.280706,-41.511684
1551.9469,-43.995646,-43.998739,-43.998635,-43.999073,-43.990318,-42.214437,-40.27402,-41.252199,-41.541486
1551.95,-43.99614,-43.998345,-43.998349,-43.999301,-43.990062,-42.244608,-40.246807,-41.223965,-41.570776
1551.9531,-43.996685,-43.997916,-43.998072,-43.99946,-43.989661,-42.275156,-40.219846,-41.196165,-41.599421
1551.9562,-43.997249,-43.997475,-43.997819,-43.999547,-43.989145,-42.305855,-40.193302,-41.168962,-41.627308
1551.9594,-43.997803,-43.997046,-43.997604,-43.999561,-43.988547,-42.336469,-40.167338,-41.142515,-41.654345
1551.9625,-43.998314,-43.996654,-43.99744,-43.999505,-43.987905,-42.366762,-40.142109,-41.116975,-41.680465
1551.9656,-43.998757,-43.996321,-43.997336,-43.999384,-43.987256,-42.396508,-40.117757,-41.092484,-41.705623
1551.9688,-43.999105,-43.996064,-43.997296,-43.999209,-43.986637,-42.425494,-40.094412,-41.069167,-41.729798
1551.9719,-43.999342,-43.995898,-43.997323,-43.998991,-43.986085,-42.453532,-40.07218,-41.047133,-41.752995
1551.975,-43.999453,-43.995833,-43.997416,-43.998745,-43.985632,-42.480464,-40.051148,-41.026473,-41.775238
1551.9781,-43.999434,-43.995871,-43.997569,-43.998485,-43.985302,-42.506171,-40.031379,-41.007253,-41.796573
1551.9813,-43.999285,-43.99601,-43.997773,-43.998227,-43.985119,-42.53057,-40.012908,-40.98952,-41.817065
1551.9844,-43.999017,-43.996243,-43.998018,-43.997985,-43.985096,-42.553628,-39.995747,-40.973294,-41.836793
1551.9875,-43.998644,-43.996557,-43.998289,-43.997773,-43.98524,-42.575352,-39.979877,-40.958572,-41.855849
1551.9906,-43.998187,-43.996934,-43.998572,-43.997603,-43.985551,-42.595796,-39.965257,-40.945328,-41.874332
1551.9938,-43.997673,-43.997353,-43.998852,-43.997483,-43.986022,-42.615056,-39.951816,-40.93351,-41.89235
1551.9969,-43.997129,-43.997791,-43.999114,-43.99742,-43.986639,-42.633266,-39.939465,-40.923045,-41.910009
1552,-43.996588,-43.998225,-43.999343,-43.997417,-43.987383,-42.650591,-39.92809,-40.91384,-41.927415
1552.0031,-43.996078,-43.99863,-43.999527,-43.997473,-43.988229,-42.667224,-39.917561,-40.905784,-41.944671
1552.0062,-43.995628,-43.998984,-43.999656,-43.997586,-43.98915,-42.683374,-39.907732,-40.898749,-41.96187
1552.0094,-43.995263,-43.999267,-43.999725,-43.997748,-43.990114,-42.699262,-39.898447,-40.892595,-41.979096
1552.0125,-43.995003,-43.999465,-43.99973,-43.997952,-43.991092,-42.71511,-39.889545,-40.887173,-41.99642
1552.0156,-43.994862,-43.999567,-43.999672,-43.998186,-43.992051,-42.731136,-39.880862,-40.882329,-42.013897
1552.0187,-43.994849,-43.999568,-43.999554,-43.998439,-43.992964,-42.747542,-39.872239,-40.877906,-42.031567
1552.0219,-43.994964,-43.999468,-43.999384,-43.998698,-43.993803,-42.76451,-39.863523,-40.873754,-42.049453
1552.025,-43.995199,-43.999273,-43.999172,-43.998951,-43.994546,-42.782196,-39.854576,-40.869725,-42.067559
1552.0281,-43.995543,-43.998994,-43.998931,-43.999186,-43.995175,-42.800724,-39.845276,-40.865686,-42.085869
1552.0312,-43.995976,-43.998647,-43.998674,-43.999392,-43.995678,-42.820181,-39.835524,-40.861518,-42.104351
1552.0344,-43.996473,-43.998252,-43.998416,-43.999561,-43.996049,-42.840619,-39.825245,-40.85712,-42.122953
1552.0375,-43.997009,-43.997831,-43.998172,-43.999687,-43.996285,-42.862046,-39.81439,-40.852414,-42.141607
1552.0406,-43.997552,-43.997408,-43.997956,-43.999767,-43.996391,-42.884433,-39.80294,-40.847345,-42.160225
1552.0438,-43.998074,-43.997005,-43.997779,-43.999799,-43.996377,-42.907712,-39.790907,-40.841886,-42.178709
1552.0469,-43.998545,-43.996646,-43.997652,-43.999786,-43.996255,-42.931777,-39.77833,-40.836034,-42.196943
1552.05,-43.99894,-43.996351,-43.997582,-43.999731,-43.996045,-42.956491,-39.765276,-40.829815,-42.214803
1552.0531,-43.999237,-43.996135,-43.997573,-43.999641,-43.995765,-42.98169,-39.75184,-40.823282,-42.232153
1552.0563,-43.99942,-43.996011,-43.997624,-43.999524,-43.995437,-43.007183,-39.738137,-40.816512,-42.248851
1552.0594,-43.999481,-43.995985,-43.997734,-43.999389,-43.995084,-43.032769,-39.724302,-40.809605,-42.264752
1552.0625,-43.999415,-43.996058,-43.997896,-43.999247,-43.994728,-43.058233,-39.710485,-40.802682,-42.279707
1552.0656,-43.999227,-43.996228,-43.9981,-43.999107,-43.99439,-43.083361,-39.696846,-40.795879,-42.293568
1552.0687,-43.998928,-43.996483,-43.998335,-43.998978,-43.994089,-43.107945,-39.683548,-40.789348,-42.306191
1552.0719,-43.998536,-43.99681,-43.998588,-43.99887,-43.993842,-43.131789,-39.670756,-40.783246,-42.317439
1552.075,-43.998071,-43.997191,-43.998845,-43.998788,-43.993662,-43.154719,-39.658628,-40.777737,-42.32718
1552.0781,-43.997561,-43.997605,-43.999092,-43.998738,-43.993559,-43.176586,-39.647316,-40.772985,-42.335297
1552.0812,-43.997035,-43.998029,-43.999314,-43.998722,-43.993538,-43.197274,-39.636956,-40.76915,-42.341683
1552.0844,-43.99652,-43.998439,-43.9995,-43.99874,-43.993602,-43.216702,-39.627667,-40.766383,-42.346249
1552.0875,-43.996047,-43.998813,-43.999639,-43.998791,-43.993749,-43.234825,-39.619548,-40.764825,-42.348919
1552.0906,-43.995641,-43.999131,-43.999724,-43.998871,-43.993975,-43.251642,-39.612675,-40.764602,-42.349638
1552.0938,-43.995325,-43.999375,-43.999751,-43.998974,-43.994272,-43.267185,-39.607101,-40.765821,-42.348369
1552.0969,-43.995116,-43.999533,-43.999717,-43.999092,-43.99463,-43.281525,-39.60285,-40.768569,-42.345095
1552.1,-43.995026,-43.999595,-43.999626,-43.999219,-43.995037,-43.294768,-39.599921,-40.772913,-42.339819
1552.1031,-43.99506,-43.999559,-43.999482,-43.999345,-43.995482,-43.307044,-39.598288,-40.778893,-42.332564
1552.1063,-43.995215,-43.999427,-43.999295,-43.999463,-43.995949,-43.318509,-39.597895,-40.786527,-42.323371
1552.1094,-43.995483,-43.999207,-43.999074,-43.999564,-43.996425,-43.329333,-39.598667,-40.795807,-42.312303
1552.1125,-43.995848,-43.998912,-43.998832,-43.999642,-43.996897,-43.339698,-39.600503,-40.806702,-42.299437
1552.1156,-43.996292,-43.998558,-43.998584,-43.999692,-43.997352,-43.349787,-39.603283,-40.819155,-42.284869
1552.1188,-43.996789,-43.998165,-43.998342,-43.999711,-43.99778,-43.35978,-39.606873,-40.833087,-42.268707
1552.1219,-43.997311,-43.997755,-43.998121,-43.999697,-43.99817,-43.369846,-39.611124,-40.848401,-42.251072
1552.125,-43.997831,-43.997352,-43.997934,-43.999652,-43.998515,-43.380139,-39.615881,-40.864978,-42.232096
1552.1281,-43.998319,-43.996977,-43.99779,-43.999579,-43.998809,-43.390791,-39.620984,-40.882686,-42.211917
1552.1312,-43.998748,-43.996651,-43.997698,-43.999482,-43.999047,-43.40191,-39.626276,-40.901381,-42.19068
1552.1344,-43.999096,-43.996393,-43.997663,-43.999367,-43.999226,-43.413576,-39.631606,-40.92091,-42.16853
1552.1375,-43.999343,-43.996217,-43.997686,-43.999243,-43.999346,-43.425839,-39.636833,-40.941116,-42.145613
1552.1406,-43.999477,-43.996132,-43.997767,-43.999116,-43.999408,-43.438717,-39.641834,-40.961842,-42.122074
1552.1437,-43.99949,-43.996143,-43.997901,-43.998996,-43.999414,-43.452198,-39.646505,-40.982936,-42.098051
1552.1469,-43.999381,-43.996249,-43.99808,-43.998891,-43.999366,-43.466239,-39.650766,-41.004253,-42.073673
1552.15,-43.999159,-43.996444,-43.998295,-43.998807,-43.99927,-43.480772,-39.654565,-41.025663,-42.049061
1552.1531,-43.998835,-43.996718,-43.998532,-43.99875,-43.999129,-43.495701,-39.657875,-41.047049,-42.024323
1552.1562,-43.998427,-43.997055,-43.99878,-43.998725,-43.99895,-43.510911,-39.660703,-41.068318,-41.999555
1552.1594,-43.99796,-43.997437,-43.999024,-43.998733,-43.998738,-43.526268,-39.663081,-41.089396,-41.974833
1552.1625,-43.997459,-43.997842,-43.99925,-43.998775,-43.998501,-43.541628,-39.665072,-41.110234,-41.950221
1552.1656,-43.996952,-43.998249,-43.999446,-43.998848,-43.998245,-43.55684,-39.666764,-41.130811,-41.925764
1552.1688,-43.996467,-43.998634,-43.9996,-43.998949,-43.997976,-43.571751,-39.668268,-41.15113,-41.901486
1552.1719,-43.996032,-43.998977,-43.999705,-43.999071,-43.997703,-43.586213,-39.669714,-41.171219,-41.877397
1552.175,-43.99567,-43.999259,-43.999754,-43.999207,-43.997433,-43.600087,-39.671248,-41.191131,-41.853487
1552.1781,-43.995402,-43.999464,-43.999745,-43.999347,-43.997171,-43.613247,-39.673024,-41.210941,-41.829729
1552.1813,-43.995241,-43.999582,-43.999677,-43.999484,-43.996927,-43.625589,-39.675202,-41.230745,-41.806081
1552.1844,-43.995198,-43.999607,-43.999556,-43.999607,-43.996705,-43.637029,-39.677943,-41.250651,-41.782486
1552.1875,-43.995275,-43.999538,-43.999387,-43.999708,-43.996513,-43.647507,-39.6814,-41.270781,-41.758876
1552.1906,-43.995466,-43.999378,-43.99918,-43.999779,-43.996357,-43.656992,-39.68572,-41.291264,-41.735175
1552.1937,-43.995761,-43.999137,-43.998946,-43.999814,-43.996241,-43.665478,-39.691033,-41.312234,-41.711298
1552.1969,-43.996144,-43.998829,-43.998699,-43.999809,-43.996169,-43.67299,-39.697451,-41.333821,-41.68716
1552.2,-43.996594,-43.998471,-43.998453,-43.999761,-43.996145,-43.679574,-39.705066,-41.356151,-41.662676
1552.2031,-43.997086,-43.998083,-43.99822,-43.999671,-43.99617,-43.685305,-39.713944,-41.379339,-41.637763
1552.2062,-43.997592,-43.997688,-43.998014,-43.999541,-43.996245,-43.690275,-39.724126,-41.403489,-41.612349
1552.2094,-43.998086,-43.997306,-43.997847,-43.999377,-43.996367,-43.694594,-39.735625,-41.428685,-41.586371
1552.2125,-43.998539,-43.99696,-43.997727,-43.999185,-43.996533,-43.698386,-39.748427,-41.454993,-41.559783
1552.2156,-43.998926,-43.996668,-43.997661,-43.998975,-43.996739,-43.701783,-39.762488,-41.482456,-41.532554
1552.2188,-43.999228,-43.996446,-43.997654,-43.998756,-43.996978,-43.704921,-39.777737,-41.511092,-41.504676
1552.2219,-43.999427,-43.996308,-43.997704,-43.998539,-43.99724,-43.707933,-39.794079,-41.540896,-41.47616
1552.225,-43.999513,-43.99626,-43.99781,-43.998335,-43.997517,-43.71095,-39.811395,-41.571834,-41.447042
1552.2281,-43.999482,-43.996304,-43.997966,-43.998155,-43.997796,-43.714091,-39.829545,-41.603847,-41.41738
1552.2313,-43.999336,-43.996439,-43.998163,-43.998008,-43.998067,-43.717463,-39.848373,-41.636851,-41.387256
1552.2344,-43.999083,-43.996658,-43.99839,-43.997901,-43.998317,-43.721156,-39.867712,-41.670737,-41.356775
1552.2375,-43.998738,-43.996946,-43.998634,-43.997841,-43.998534,-43.725242,-39.887385,-41.705372,-41.326059
1552.2406,-43.998321,-43.99729,-43.998882,-43.997831,-43.998706,-43.729772,-39.907216,-41.740604,-41.295251
1552.2438,-43.997855,-43.997669,-43.99912,-43.997871,-43.998824,-43.734776,-39.927031,-41.776264,-41.264506
1552.2469,-43.997366,-43.998063,-43.999336,-43.997961,-43.998878,-43.74026,-39.946664,-41.812165,-41.233993
1552.25,-43.996881,-43.99845,-43.999516,-43.998095,-43.998861,-43.746209,-39.965965,-41.848112,-41.203886
1552.2531,-43.996427,-43.998809,-43.999651,-43.998266,-43.998771,-43.752588,-39.984801,-41.883903,-41.174364
1552.2562,-43.996031,-43.99912,-43.999733,-43.998465,-43.998605,-43.759343,-40.003066,-41.91933,-41.145604
1552.2594,-43.995712,-43.999367,-43.999758,-43.998682,-43.998366,-43.766402,-40.020676,-41.954189,-41.117779
1552.2625,-43.99549,-43.999535,-43.999725,-43.998905,-43.998058,-43.773679,-40.037583,-41.988279,-41.091053
1552.2656,-43.995377,-43.999616,-43.999634,-43.999122,-43.99769,-43.781079,-40.053767,-42.021409,-41.065579
1552.2687,-43.995377,-43.999607,-43.999492,-43.999321,-43.997272,-43.788497,-40.069241,-42.0534,-41.041492
1552.2719,-43.995492,-43.999506,-43.999306,-43.99949,-43.996817,-43.795827,-40.08405,-42.08409,-41.018912
1552.275,-43.995715,-43.999322,-43.999086,-43.999619,-43.996342,-43.802963,-40.098269,-42.113335,-40.997937
1552.2781,-43.996034,-43.999064,-43.998843,-43.999702,-43.995861,-43.809802,-40.112,-42.141012,-40.97864
1552.2812,-43.99643,-43.998746,-43.998593,-43.999733,-43.995393,-43.816251,-40.12537,-42.167021,-40.961075
1552.2844,-43.996882,-43.998388,-43.998348,-43.999708,-43.994955,-43.822227,-40.138522,-42.191287,-40.945266
1552.2875,-43.997365,-43.998008,-43.998121,-43.999629,-43.994564,-43.827662,-40.151615,-42.213758,-40.931216
1552.2906,-43.997853,-43.997629,-43.997925,-43.999499,-43.994234,-43.832506,-40.164814,-42.234406,-40.918902
1552.2938,-43.998317,-43.99727,-43.997772,-43.999322,-43.993979,-43.836725,-40.178291,-42.253226,-40.908275
1552.2969,-43.998734,-43.996953,-43.997668,-43.999109,-43.993809,-43.840308,-40.19221,-42.270235,-40.899266
1552.3,-43.999081,-43.996694,-43.997621,-43.998868,-43.99373,-43.843262,-40.206731,-42.28547,-40.891784
1552.3031,-43.999337,-43.996508,-43.997632,-43.998612,-43.993745,-43.845614,-40.221996,-42.298985,-40.885719
1552.3063,-43.99949,-43.996406,-43.9977,-43.998354,-43.993853,-43.84741,-40.238133,-42.310849,-40.880946
1552.3094,-43.999532,-43.996392,-43.997823,-43.998107,-43.994049,-43.848712,-40.255247,-42.321144,-40.877326
1552.3125,-43.999461,-43.996468,-43.997993,-43.997882,-43.994324,-43.849597,-40.273415,-42.32996,-40.874714
1552.3156,-43.999281,-43.996629,-43.998201,-43.997692,-43.994667,-43.850153,-40.292691,-42.337396,-40.872958
1552.3187,-43.999002,-43.996866,-43.998436,-43.997546,-43.995061,-43.850477,-40.313093,-42.343552,-40.871903
1552.3219,-43.998641,-43.997166,-43.998684,-43.997451,-43.995489,-43.850669,-40.334615,-42.348533,-40.871401
1552.325,-43.998218,-43.997513,-43.998933,-43.997413,-43.995931,-43.850831,-40.357215,-42.352439,-40.871308
1552.3281,-43.997756,-43.997887,-43.999168,-43.997433,-43.996368,-43.851061,-40.380824,-42.355369,-40.871493
1552.3312,-43.997282,-43.998267,-43.999377,-43.99751,-43.996779,-43.851451,-40.405343,-42.357415,-40.871839
1552.3344,-43.996822,-43.998634,-43.999548,-43.997641,-43.997146,-43.852086,-40.430648,-42.358664,-40.872248
1552.3375,-43.996401,-43.998966,-43.999673,-43.997818,-43.99745,-43.853035,-40.456591,-42.35919,-40.872642
1552.3406,-43.996043,-43.999245,-43.999745,-43.998033,-43.997679,-43.854356,-40.483008,-42.35906,-40.872966
1552.3438,-43.995768,-43.999457,-43.99976,-43.998274,-43.99782,-43.856088,-40.509719,-42.358328,-40.873192
1552.3469,-43.99559,-43.99959,-43.999717,-43.99853,-43.997868,-43.858254,-40.536536,-42.357034,-40.873314
1552.35,-43.99552,-43.999636,-43.999619,-43.998788,-43.997818,-43.860859,-40.563268,-42.355209,-40.873353
1552.3531,-43.995562,-43.999595,-43.999472,-43.999034,-43.997673,-43.863891,-40.58973,-42.352864,-40.873353
1552.3563,-43.995712,-43.999467,-43.999284,-43.999256,-43.997438,-43.867318,-40.615744,-42.350001,-40.873382
1552.3594,-43.995962,-43.999262,-43.999065,-43.999443,-43.997124,-43.871095,-40.641147,-42.346606,-40.873527
1552.3625,-43.996299,-43.998989,-43.998829,-43.999587,-43.996745,-43.875164,-40.665801,-42.342652,-40.873892
1552.3656,-43.996704,-43.998666,-43.998587,-43.99968,-43.996317,-43.879452,-40.689591,-42.338096,-40.874596
1552.3688,-43.997155,-43.99831,-43.998353,-43.999719,-43.99586,-43.88388,-40.712434,-42.332888,-40.875766
1552.3719,-43.997626,-43.99794,-43.99814,-43.999702,-43.995394,-43.888364,-40.73428,-42.326961,-40.877537
1552.375,-43.998092,-43.997579,-43.99796,-43.99963,-43.99494,-43.892816,-40.755114,-42.320243,-40.880045
1552.3781,-43.998527,-43.997245,-43.997823,-43.999509,-43.994519,-43.897151,-40.774958,-42.312652,-40.883423
1552.3812,-43.998908,-43.996957,-43.997737,-43.999346,-43.99415,-43.901286,-40.79387,-42.304101,-40.887799
1552.3844,-43.999212,-43.996731,-43.997705,-43.99915,-43.99385,-43.905148,-40.81194,-42.294501,-40.893292
1552.3875,-43.999425,-43.99658,-43.997729,-43.998931,-43.993632,-43.908673,-40.829288,-42.283761,-40.900004
1552.3906,-43.999535,-43.996511,-43.997809,-43.998703,-43.993508,-43.911811,-40.846063,-42.271793,-40.908027
1552.3937,-43.999536,-43.996529,-43.99794,-43.998477,-43.993482,-43.914525,-40.86243,-42.258516,-40.917429
1552.3969,-43.999428,-43.996633,-43.998114,-43.998265,-43.993557,-43.916795,-40.878574,-42.243855,-40.928261
1552.4,-43.999218,-43.996817,-43.998322,-43.998079,-43.99373,-43.918617,-40.894685,-42.227748,-40.940549
1552.4031,-43.998917,-43.99707,-43.998553,-43.997928,-43.993993,-43.920003,-40.910957,-42.210147,-40.954299
1552.4062,-43.998544,-43.997378,-43.998794,-43.997822,-43.994337,-43.920982,-40.927581,-42.191023,-40.96949
1552.4094,-43.998119,-43.997725,-43.999031,-43.997764,-43.994746,-43.921596,-40.944737,-42.170363,-40.986082
1552.4125,-43.997665,-43.998091,-43.999253,-43.997759,-43.995204,-43.921899,-40.96259,-42.148175,-41.004007
1552.4156,-43.997209,-43.998456,-43.999446,-43.997806,-43.995692,-43.921956,-40.981283,-42.124492,-41.02318
1552.4188,-43.996775,-43.9988,-43.999601,-43.997902,-43.996189,-43.921839,-41.000936,-42.099367,-41.043492
1552.4219,-43.996388,-43.999105,-43.999709,-43.998043,-43.996677,-43.921625,-41.021638,-42.072874,-41.064821
1552.425,-43.996069,-43.999353,-43.999765,-43.998221,-43.997135,-43.92139,-41.043448,-42.04511,-41.087026
1552.4281,-43.995835,-43.999531,-43.999766,-43.998427,-43.997546,-43.92121,-41.066392,-42.016193,-41.109955
1552.4313,-43.9957,-43.99963,-43.999712,-43.99865,-43.997895,-43.921156,-41.09046,-41.986255,-41.13345
1552.4344,-43.995671,-43.999644,-43.999607,-43.998879,-43.998171,-43.921293,-41.11561,-41.955447,-41.157347
1552.4375,-43.99575,-43.999573,-43.999457,-43.999102,-43.998365,-43.921672,-41.141766,-41.923929,-41.181481
1552.4406,-43.995931,-43.999421,-43.99927,-43.999308,-43.998473,-43.922338,-41.168821,-41.891869,-41.205691
1552.4437,-43.996205,-43.999198,-43.999057,-43.999488,-43.998494,-43.923319,-41.196641,-41.85944,-41.229824
1552.4469,-43.996557,-43.998915,-43.99883,-43.999632,-43.998433,-43.924631,-41.225065,-41.826817,-41.25374
1552.45,-43.996967,-43.998589,-43.998601,-43.999735,-43.998297,-43.926275,-41.253918,-41.794169,-41.277312
1552.4531,-43.997413,-43.998238,-43.998384,-43.999793,-43.998096,-43.92824,-41.283007,-41.761659,-41.300435
1552.4562,-43.997869,-43.997881,-43.998191,-43.999803,-43.997844,-43.930499,-41.312135,-41.729437,-41.323023
1552.4594,-43.998312,-43.997539,-43.998031,-43.999768,-43.997557,-43.933016,-41.341101,-41.697641,-41.345015
1552.4625,-43.998716,-43.99723,-43.997915,-43.99969,-43.997251,-43.935744,-41.369712,-41.666389,-41.366375
1552.4656,-43.999059,-43.996971,-43.997848,-43.999575,-43.996944,-43.938627,-41.397788,-41.635782,-41.387093
1552.4688,-43.999324,-43.996778,-43.997833,-43.999432,-43.996652,-43.941604,-41.425168,-41.605895,-41.407183
1552.4719,-43.999494,-43.996659,-43.997873,-43.999268,-43.996391,-43.944611,-41.451716,-41.576782,-41.426687
1552.475,-43.999563,-43.996623,-43.997963,-43.999094,-43.996175,-43.947584,-41.477326,-41.548471,-41.445667
1552.4781,-43.999525,-43.996671,-43.998101,-43.998921,-43.996016,-43.95046,-41.501927,-41.520967,-41.464208
1552.4813,-43.999384,-43.9968,-43.998276,-43.998759,-43.99592,-43.953181,-41.525485,-41.494246,-41.482412
1552.4844,-43.999148,-43.997003,-43.998481,-43.998616,-43.995895,-43.955695,-41.548006,-41.468264,-41.500395
1552.4875,-43.998831,-43.997268,-43.998704,-43.998501,-43.995941,-43.957959,-41.569532,-41.442952,-41.518283
1552.4906,-43.998449,-43.997582,-43.998932,-43.998421,-43.996058,-43.959941,-41.590144,-41.418222,-41.53621
1552.4938,-43.998025,-43.997926,-43.999153,-43.998379,-43.996239,-43.961618,-41.609956,-41.393966,-41.554312
1552.4969,-43.997583,-43.998282,-43.999355,-43.998378,-43.996479,-43.962981,-41.629111,-41.370062,-41.572723
1552.5,-43.997146,-43.99863,-43.999528,-43.998418,-43.996767,-43.964031,-41.64778,-41.346376,-41.59157
1552.5031,-43.99674,-43.998951,-43.999661,-43.998497,-43.997091,-43.964781,-41.666149,-41.322768,-41.610974
1552.5062,-43.996387,-43.999227,-43.999748,-43.998608,-43.997439,-43.965255,-41.684416,-41.299093,-41.63104
1552.5094,-43.996106,-43.999444,-43.999784,-43.998747,-43.997796,-43.965486,-41.702784,-41.275208,-41.651858
1552.5125,-43.995914,-43.99959,-43.999768,-43.998905,-43.99815,-43.965513,-41.721456,-41.250976,-41.673502
1552.5156,-43.995819,-43.999656,-43.999701,-43.999074,-43.998489,-43.965385,-41.740623,-41.22627,-41.696023
1552.5187,-43.995828,-43.99964,-43.999587,-43.999243,-43.9988,-43.96515,-41.760461,-41.200977,-41.71945
1552.5219,-43.99594,-43.999543,-43.999433,-43.999405,-43.999074,-43.964861,-41.781125,-41.175003,-41.743792
1552.525,-43.996149,-43.999371,-43.999248,-43.999549,-43.999304,-43.964569,-41.802745,-41.148275,-41.769031
1552.5281,-43.996443,-43.999132,-43.999041,-43.999669,-43.999485,-43.964323,-41.825417,-41.120747,-41.795128
1552.5312,-43.996806,-43.998842,-43.998826,-43.999758,-43.999614,-43.964168,-41.849207,-41.092395,-41.822021
1552.5344,-43.997217,-43.998515,-43.998614,-43.999813,-43.999692,-43.964144,-41.874144,-41.063227,-41.849624
1552.5375,-43.997655,-43.998172,-43.998416,-43.99983,-43.99972,-43.964281,-41.900219,-41.033275,-41.877835
1552.5406,-43.998094,-43.997829,-43.998245,-43.99981,-43.999704,-43.964603,-41.927387,-41.002601,-41.906532
1552.5438,-43.998512,-43.997508,-43.998109,-43.999755,-43.999649,-43.965126,-41.955567,-40.971292,-41.935576
1552.5469,-43.998884,-43.997224,-43.998016,-43.999669,-43.999563,-43.965855,-41.984647,-40.939455,-41.964818
1552.55,-43.999191,-43.996995,-43.997972,-43.999557,-43.999455,-43.966787,-42.014482,-40.907221,-41.994099
1552.5531,-43.999416,-43.996833,-43.997978,-43.999428,-43.999333,-43.967911,-42.044903,-40.874734,-42.023254
1552.5563,-43.999546,-43.996747,-43.998034,-43.999288,-43.999206,-43.969208,-42.075719,-40.842152,-42.052117
1552.5594,-43.999576,-43.996741,-43.998137,-43.999147,-43.999081,-43.970652,-42.106728,-40.809639,-42.080521
1552.5625,-43.999503,-43.996815,-43.998281,-43.999013,-43.998968,-43.972212,-42.137716,-40.777363,-42.108306
1552.5656,-43.999333,-43.996966,-43.998459,-43.998895,-43.99887,-43.973851,-42.168471,-40.745489,-42.13532
1552.5687,-43.999075,-43.997186,-43.99866,-43.998799,-43.998793,-43.975533,-42.198787,-40.714177,-42.161423
1552.5719,-43.998743,-43.997461,-43.998873,-43.998731,-43.99874,-43.977218,-42.228472,-40.683574,-42.18649
1552.575,-43.998357,-43.997777,-43.999086,-43.998695,-43.998712,-43.978868,-42.257353,-40.653816,-42.210411
1552.5781,-43.997938,-43.998116,-43.999288,-43.998694,-43.998709,-43.980446,-42.285286,-40.625019,-42.233098
1552.5812,-43.997509,-43.998459,-43.999467,-43.998727,-43.99873,-43.981919,-42.312155,-40.59728,-42.254481
1552.5844,-43.997094,-43.998789,-43.999614,-43.998792,-43.998771,-43.983257,-42.337883,-40.570672,-42.27451
1552.5875,-43.996717,-43.999086,-43.999721,-43.998885,-43.99883,-43.984438,-42.36243,-40.545244,-42.293157
1552.5906,-43.996398,-43.999334,-43.999781,-43.999001,-43.998901,-43.985443,-42.385794,-40.521022,-42.310416
1552.5938,-43.996155,-43.999521,-43.999792,-43.999133,-43.998981,-43.986261,-42.408013,-40.498002,-42.326296
1552.5969,-43.996001,-43.999635,-43.999754,-43.999273,-43.999065,-43.986887,-42.429163,-40.476159,-42.340826
1552.6,-43.995945,-43.999671,-43.999668,-43.999413,-43.999149,-43.987324,-42.449351,-40.455441,-42.354051
1552.6031,-43.99599,-43.999627,-43.99954,-43.999543,-43.999229,-43.987577,-42.468717,-40.435775,-42.366027
1552.6063,-43.996132,-43.999506,-43.999377,-43.999657,-43.999303,-43.987663,-42.48742,-40.417068,-42.376821
1552.6094,-43.996365,-43.999316,-43.999189,-43.999747,-43.999369,-43.987597,-42.505639,-40.399206,-42.386508
1552.6125,-43.996675,-43.999065,-43.998985,-43.999808,-43.999426,-43.987404,-42.523563,-40.382066,-42.395166
1552.6156,-43.997045,-43.99877,-43.998777,-43.999835,-43.999473,-43.987109,-42.541383,-40.365508,-42.402878
1552.6188,-43.997455,-43.998446,-43.998578,-43.999827,-43.999512,-43.986739,-42.559286,-40.349392,-42.409723
1552.6219,-43.997882,-43.998112,-43.998397,-43.999784,-43.999544,-43.986324,-42.577451,-40.333571,-42.415778
1552.625,-43.998302,-43.997785,-43.998246,-43.999708,-43.99957,-43.985891,-42.596038,-40.317903,-42.421114
1552.6281,-43.998693,-43.997485,-43.998133,-43.999602,-43.999594,-43.98547,-42.615185,-40.302252,-42.425796
1552.6312,-43.999033,-43.997228,-43.998063,-43.999473,-43.999616,-43.985086,-42.635005,-40.286494,-42.429878
1552.6344,-43.999304,-43.997028,-43.998041,-43.999328,-43.999639,-43.984761,-42.655578,-40.27052,-42.433403
1552.6375,-43.99949,-43.996896,-43.998068,-43.999174,-43.999664,-43.984517,-42.676955,-40.25424,-42.436405
1552.6406,-43.999582,-43.99684,-43.998143,-43.999021,-43.999692,-43.98437,-42.69915,-40.237587,-42.438902
1552.6437,-43.999576,-43.996862,-43.998261,-43.998876,-43.999723,-43.984331,-42.722142,-40.220519,-42.440902
1552.6469,-43.999472,-43.996961,-43.998415,-43.998749,-43.999756,-43.984407,-42.745878,-40.20302,-42.442398
1552.65,-43.999275,-43.997131,-43.998597,-43.998646,-43.99979,-43.984603,-42.770273,-40.1851,-42.443371
1552.6531,-43.998998,-43.997364,-43.998798,-43.998573,-43.999822,-43.984916,-42.79521,-40.166797,-42.443786
1552.6562,-43.998656,-43.997646,-43.999005,-43.998535,-43.999849,-43.98534,-42.82055,-40.148174,-42.443599
1552.6594,-43.998269,-43.997962,-43.999207,-43.998533,-43.999868,-43.985866,-42.84613,-40.129318,-42.442752
1552.6625,-43.997857,-43.998294,-43.999393,-43.998569,-43.999876,-43.98648,-42.871775,-40.110336,-42.441179
1552.6656,-43.997444,-43.998624,-43.999554,-43.998639,-43.99987,-43.987166,-42.897296,-40.091352,-42.438799
1552.6688,-43.997053,-43.998933,-43.999679,-43.998741,-43.999846,-43.987905,-42.922504,-40.072505,-42.435529
1552.6719,-43.996705,-43.999206,-43.999762,-43.998868,-43.999801,-43.988677,-42.947213,-40.053942,-42.431274
1552.675,-43.996421,-43.999427,-43.999798,-43.999014,-43.999735,-43.989459,-42.971245,-40.035813,-42.425938
1552.6781,-43.996214,-43.999583,-43.999787,-43.99917,-43.999647,-43.99023,-42.994439,-40.01827,-42.419418
1552.6813,-43.996098,-43.999668,-43.999727,-43.999326,-43.999538,-43.990968,-43.016655,-40.00146,-42.411615
1552.6844,-43.996078,-43.999675,-43.999623,-43.999475,-43.99941,-43.991651,-43.037779,-39.98552,-42.402429
1552.6875,-43.996155,-43.999606,-43.999481,-43.999607,-43.999266,-43.992261,-43.057728,-39.970576,-42.391763
1552.6906,-43.996325,-43.999464,-43.999308,-43.999714,-43.999111,-43.992782,-43.076448,-39.956735,-42.37953
1552.6937,-43.996578,-43.999258,-43.999114,-43.999791,-43.99895,-43.993197,-43.093925,-39.944089,-42.365651
1552.6969,-43.996901,-43.998998,-43.998911,-43.999831,-43.998789,-43.993498,-43.110175,-39.932705,-42.350059
1552.7,-43.997275,-43.9987,-43.998708,-43.999832,-43.998635,-43.993677,-43.125249,-39.922629,-42.332701
1552.7031,-43.99768,-43.998381,-43.998518,-43.999793,-43.998494,-43.99373,-43.139228,-39.91388,-42.313543
1552.7062,-43.998094,-43.998058,-43.998351,-43.999716,-43.998374,-43.993657,-43.152223,-39.906454,-42.292569
1552.7094,-43.998493,-43.997749,-43.998217,-43.999604,-43.998281,-43.993465,-43.164364,-39.900322,-42.269785
1552.7125,-43.998857,-43.997471,-43.998122,-43.999462,-43.998218,-43.99316,-43.175803,-39.895432,-42.245216
1552.7156,-43.999164,-43.99724,-43.998072,-43.999298,-43.998189,-43.992755,-43.186701,-39.891706,-42.218913
1552.7188,-43.999399,-43.997068,-43.998069,-43.99912,-43.998198,-43.992265,-43.197229,-39.889048,-42.190948
1552.7219,-43.999548,-43.996966,-43.998115,-43.998937,-43.998243,-43.991709,-43.207555,-39.887343,-42.161417
1552.725,-43.999604,-43.996937,-43.998206,-43.998759,-43.998324,-43.991107,-43.217844,-39.886463,-42.130435
1552.7281,-43.999565,-43.996985,-43.998337,-43.998595,-43.998436,-43.990481,-43.228249,-39.886265,-42.09814
1552.7313,-43.999431,-43.997106,-43.998501,-43.998455,-43.998575,-43.989853,-43.238907,-39.886603,-42.064683
1552.7344,-43.999212,-43.997294,-43.998689,-43.998344,-43.998734,-43.989247,-43.249937,-39.887323,-42.030232
1552.7375,-43.99892,-43.997538,-43.99889,-43.99827,-43.998904,-43.988683,-43.261433,-39.888277,-41.994966
1552.7406,-43.998571,-43.997824,-43.999094,-43.998236,-43.999077,-43.988184,-43.273463,-39.88932,-41.959069
1552.7438,-43.998185,-43.998137,-43.999289,-43.998245,-43.999244,-43.987766,-43.286069,-39.890319,-41.922733
1552.7469,-43.997783,-43.99846,-43.999464,-43.998295,-43.999394,-43.987446,-43.299262,-39.891155,-41.886144
1552.75,-43.997388,-43.998775,-43.99961,-43.998384,-43.999519,-43.987234,-43.313026,-39.891728,-41.849489
1552.7531,-43.997022,-43.999064,-43.999719,-43.998507,-43.999612,-43.98714,-43.327318,-39.891959,-41.812942
1552.7562,-43.996704,-43.999312,-43.999784,-43.998658,-43.999664,-43.987166,-43.342068,-39.891792,-41.776668
1552.7594,-43.996453,-43.999505,-43.999803,-43.998829,-43.999672,-43.987312,-43.357185,-39.8912,-41.740816
1552.7625,-43.996283,-43.999633,-43.999774,-43.99901,-43.999632,-43.987571,-43.372557,-39.89018,-41.705516
1552.7656,-43.996202,-43.999689,-43.9997,-43.999193,-43.999545,-43.987933,-43.388057,-39.888756,-41.670878
1552.7687,-43.996216,-43.99967,-43.999583,-43.999366,-43.999411,-43.988386,-43.403548,-39.886979,-41.636987
1552.7719,-43.996322,-43.999578,-43.999431,-43.999521,-43.999236,-43.98891,-43.418885,-39.884921,-41.603908
1552.775,-43.996516,-43.999418,-43.999252,-43.999649,-43.999025,-43.989485,-43.433925,-39.882677,-41.571675
1552.7781,-43.996787,-43.999198,-43.999057,-43.999744,-43.998787,-43.990089,-43.448526,-39.880359,-41.540303
1552.7812,-43.997119,-43.998932,-43.998855,-43.999801,-43.998532,-43.990697,-43.462558,-39.878093,-41.509776
1552.7844,-43.997494,-43.998634,-43.998659,-43.999816,-43.998269,-43.991284,-43.475905,-39.876014,-41.48006
1552.7875,-43.997892,-43.998322,-43.998479,-43.999788,-43.998012,-43.991826,-43.488466,-39.874261,-41.451093
1552.7906,-43.99829,-43.998011,-43.998324,-43.99972,-43.997771,-43.992302,-43.500165,-39.872976,-41.422798
1552.7938,-43.998667,-43.997721,-43.998204,-43.999615,-43.997557,-43.99269,-43.51095,-39.872294,-41.395077
1552.7969,-43.999003,-43.997465,-43.998125,-43.999478,-43.99738,-43.992974,-43.520794,-39.872343,-41.367822
1552.8,-43.999278,-43.99726,-43.998092,-43.999317,-43.997247,-43.993141,-43.529698,-39.873238,-41.340911
1552.8031,-43.999478,-43.997116,-43.998105,-43.999141,-43.997166,-43.993184,-43.537691,-39.875078,-41.314219
1552.8063,-43.999592,-43.997041,-43.998165,-43.998959,-43.99714,-43.993099,-43.544825,-39.877943,-41.287618
1552.8094,-43.999614,-43.99704,-43.998269,-43.998781,-43.99717,-43.992888,-43.551178,-39.881893,-41.260985
1552.8125,-43.999543,-43.997111,-43.998409,-43.998616,-43.997254,-43.992559,-43.556848,-39.886962,-41.234201
1552.8156,-43.999384,-43.997252,-43.99858,-43.998473,-43.997389,-43.992123,-43.56195,-39.893162,-41.207161
1552.8187,-43.999146,-43.997454,-43.99877,-43.998361,-43.997569,-43.991598,-43.566611,-39.900478,-41.179775
1552.8219,-43.998842,-43.997706,-43.99897,-43.998284,-43.997784,-43.991003,-43.570967,-39.908872,-41.151972
1552.825,-43.998489,-43.997994,-43.999169,-43.998247,-43.998024,-43.990364,-43.575157,-39.918281,-41.123704
1552.8281,-43.998107,-43.998303,-43.999356,-43.998252,-43.998278,-43.989704,-43.579319,-39.92862,-41.094944
1552.8312,-43.997717,-43.998615,-43.999521,-43.998298,-43.998533,-43.989051,-43.583583,-39.939781,-41.065692
1552.8344,-43.997341,-43.998913,-43.999654,-43.998384,-43.998778,-43.988431,-43.588071,-39.951642,-41.035975
1552.8375,-43.997001,-43.999181,-43.999748,-43.998504,-43.999001,-43.987871,-43.592888,-39.964065,-41.005843
1552.8406,-43.996713,-43.999405,-43.999799,-43.998652,-43.99919,-43.987392,-43.598124,-39.976899,-40.975372
1552.8438,-43.996496,-43.999571,-43.999803,-43.99882,-43.999337,-43.987015,-43.603846,-39.989991,-40.944656
1552.8469,-43.99636,-43.999671,-43.999761,-43.998999,-43.999435,-43.986756,-43.6101,-40.003184,-40.913812
1552.85,-43.996313,-43.999701,-43.999675,-43.99918,-43.99948,-43.986627,-43.61691,-40.016323,-40.882969
1552.8531,-43.996357,-43.999658,-43.99955,-43.999353,-43.999469,-43.986633,-43.624273,-40.029263,-40.85227
1552.8563,-43.996491,-43.999545,-43.999392,-43.99951,-43.999404,-43.986775,-43.632165,-40.041869,-40.821862
1552.8594,-43.996706,-43.999368,-43.999211,-43.999642,-43.999287,-43.987049,-43.640539,-40.054026,-40.791898
1552.8625,-43.99699,-43.999138,-43.999017,-43.999743,-43.999126,-43.987444,-43.649328,-40.065636,-40.762527
1552.8656,-43.997329,-43.998868,-43.99882,-43.999807,-43.998929,-43.987945,-43.658448,-40.076627,-40.733892
1552.8688,-43.997702,-43.998573,-43.998631,-43.999832,-43.998704,-43.988534,-43.6678,-40.086954,-40.706127
1552.8719,-43.998091,-43.998268,-43.998461,-43.999817,-43.998464,-43.989187,-43.677274,-40.096598,-40.679351
1552.875,-43.998472,-43.997972,-43.998319,-43.999764,-43.998221,-43.989881,-43.686756,-40.105569,-40.653665
1552.8781,-43.998826,-43.9977,-43.998213,-43.999676,-43.997987,-43.990588,-43.696125,-40.113905,-40.629153
1552.8812,-43.999133,-43.997468,-43.998149,-43.999557,-43.997774,-43.991282,-43.705268,-40.121671,-40.605876
1552.8844,-43.999376,-43.997289,-43.998129,-43.999416,-43.997591,-43.991937,-43.714073,-40.128956,-40.583869
1552.8875,-43.999542,-43.997172,-43.998156,-43.999261,-43.997448,-43.992529,-43.722442,-40.13587,-40.563146
1552.8906,-43.999622,-43.997123,-43.998227,-43.999099,-43.997353,-43.993038,-43.730291,-40.142541,-40.543694
1552.8937,-43.999612,-43.997146,-43.998339,-43.998941,-43.997309,-43.993447,-43.73755,-40.149111,-40.525476
1552.8969,-43.999514,-43.997239,-43.998486,-43.998794,-43.997319,-43.993742,-43.744172,-40.155727,-40.508432
1552.9,-43.999332,-43.997396,-43.998659,-43.998668,-43.997383,-43.993918,-43.75013,-40.162542,-40.49248
1552.9031,-43.999077,-43.99761,-43.998849,-43.998569,-43.997497,-43.99397,-43.755419,-40.169709,-40.477517
1552.9062,-43.998764,-43.997868,-43.999046,-43.998503,-43.997657,-43.993904,-43.760055,-40.177371,-40.463424
1552.9094,-43.998409,-43.998157,-43.999238,-43.998472,-43.997854,-43.993726,-43.764077,-40.185663,-40.450067
1552.9125,-43.998034,-43.998459,-43.999416,-43.99848,-43.99808,-43.993451,-43.767542,-40.194705,-40.437303
1552.9156,-43.997659,-43.998759,-43.999569,-43.998524,-43.998323,-43.993095,-43.770523,-40.204598,-40.424982
1552.9188,-43.997304,-43.999039,-43.99969,-43.998603,-43.998574,-43.992678,-43.773109,-40.215422,-40.41295
1552.9219,-43.996989,-43.999286,-43.999772,-43.998712,-43.998821,-43.992225,-43.775397,-40.227233,-40.401058
1552.925,-43.996732,-43.999485,-43.999811,-43.998846,-43.999053,-43.991758,-43.777492,-40.240063,-40.389161
1552.9281,-43.996547,-43.999625,-43.999804,-43.998996,-43.999261,-43.991303,-43.7795,-40.253915,-40.377127
1552.9313,-43.996445,-43.999699,-43.999753,-43.999155,-43.999436,-43.990884,-43.781526,-40.268768,-40.364837
1552.9344,-43.996429,-43.999703,-43.999661,-43.999314,-43.999571,-43.990521,-43.78367,-40.284572,-40.352192
1552.9375,-43.996502,-43.999638,-43.999532,-43.999465,-43.999663,-43.990235,-43.786023,-40.301254,-40.339114
1552.9406,-43.99666,-43.999506,-43.999374,-43.999599,-43.999709,-43.990041,-43.788662,-40.318719,-40.325548
1552.9437,-43.996893,-43.999316,-43.999197,-43.99971,-43.999709,-43.98995,-43.791651,-40.336848,-40.311466
1552.9469,-43.997189,-43.999079,-43.999009,-43.999791,-43.999666,-43.989971,-43.795038,-40.355509,-40.296865
1552.95,-43.997531,-43.998806,-43.998822,-43.99984,-43.999585,-43.990105,-43.798851,-40.374555,-40.281769
1552.9531,-43.9979,-43.998515,-43.998645,-43.999853,-43.999472,-43.990351,-43.8031,-40.393831,-40.266226
1552.9562,-43.998276,-43.998221,-43.99849,-43.999831,-43.999334,-43.9907,-43.807776,-40.413179,-40.250309
1552.9594,-43.998639,-43.99794,-43.998363,-43.999775,-43.999181,-43.991143,-43.812853,-40.432441,-40.234111
1552.9625,-43.998969,-43.997688,-43.998273,-43.999689,-43.999022,-43.991663,-43.818287,-40.451466,-40.217741
1552.9656,-43.999247,-43.997479,-43.998223,-43.999578,-43.998867,-43.992245,-43.824019,-40.470117,-40.201325
1552.9688,-43.999458,-43.997325,-43.998218,-43.99945,-43.998724,-43.992867,-43.82998,-40.488273,-40.184996
1552.9719,-43.999592,-43.997233,-43.998257,-43.999311,-43.998601,-43.99351,-43.836089,-40.505831,-40.168895
1552.975,-43.99964,-43.997209,-43.998337,-43.999169,-43.998504,-43.994152,-43.842259,-40.522717,-40.153162
1552.9781,-43.999601,-43.997255,-43.998455,-43.999033,-43.99844,-43.994772,-43.848402,-40.538884,-40.137936
1552.9813,-43.999477,-43.997367,-43.998604,-43.998911,-43.998411,-43.995351,-43.854429,-40.554311,-40.123346
1552.9844,-43.999275,-43.99754,-43.998775,-43.998809,-43.998419,-43.995874,-43.860254,-40.569013,-40.109512
1552.9875,-43.999007,-43.997763,-43.99896,-43.998734,-43.998462,-43.996324,-43.865798,-40.583031,-40.096538
1552.9906,-43.998687,-43.998025,-43.999148,-43.998689,-43.998539,-43.996694,-43.870995,-40.596438,-40.084514
1552.9938,-43.998334,-43.998311,-43.999328,-43.998677,-43.998644,-43.996974,-43.875787,-40.609331,-40.073506
1552.9969,-43.997968,-43.998605,-43.999492,-43.998698,-43.998773,-43.997163,-43.880132,-40.621832,-40.06356
1553,-43.997608,-43.998892,-43.999629,-43.998752,-43.998919,-43.997262,-43.884004,-40.634081,-40.0547
1553.0031,-43.997275,-43.999154,-43.999733,-43.998835,-43.999074,-43.997275,-43.887392,-40.646235,-40.046927
1553.0062,-43.996987,-43.999379,-43.999799,-43.998942,-43.999231,-43.997211,-43.890302,-40.658457,-40.040217
1553.0094,-43.996761,-43.999553,-43.999821,-43.999068,-43.999383,-43.99708,-43.892754,-40.670915,-40.034524
1553.0125,-43.996607,-43.999668,-43.999801,-43.999204,-43.999522,-43.996895,-43.894785,-40.683778,-40.02978
1553.0156,-43.996536,-43.999717,-43.999738,-43.999345,-43.999643,-43.996671,-43.896441,-40.697205,-40.025899
1553.0187,-43.99655,-43.999698,-43.999637,-43.999481,-43.999741,-43.996424,-43.897781,-40.711345,-40.022777
1553.0219,-43.99665,-43.999612,-43.999504,-43.999605,-43.999813,-43.99617,-43.898872,-40.726329,-40.020294
1553.025,-43.996828,-43.999464,-43.999346,-43.99971,-43.999857,-43.995924,-43.899785,-40.742269,-40.018321
1553.0281,-43.997077,-43.999263,-43.999171,-43.99979,-43.999874,-43.995701,-43.900593,-40.759253,-40.016723
1553.0312,-43.997381,-43.999019,-43.99899,-43.999841,-43.999864,-43.995514,-43.901369,-40.777341,-40.01536
1553.0344,-43.997723,-43.998747,-43.998813,-43.99986,-43.999831,-43.995372,-43.902184,-40.796567,-40.014094
1553.0375,-43.998086,-43.998462,-43.99865,-43.999847,-43.999778,-43.995284,-43.903101,-40.816934,-40.012792
1553.0406,-43.998449,-43.998179,-43.998509,-43.999801,-43.999711,-43.995255,-43.904177,-40.838415,-40.011333
1553.0438,-43.998793,-43.997914,-43.998399,-43.999726,-43.999636,-43.995289,-43.905459,-40.860954,-40.009607
1553.0469,-43.999097,-43.997683,-43.998325,-43.999626,-43.999558,-43.995384,-43.906981,-40.884467,-40.007524
1553.05,-43.999347,-43.997497,-43.998292,-43.999507,-43.999482,-43.995538,-43.908767,-40.908845,-40.005014
1553.0531,-43.999527,-43.997367,-43.998302,-43.999376,-43.999415,-43.995747,-43.910828,-40.933957,-40.002029
1553.0563,-43.999629,-43.9973,-43.998353,-43.99924,-43.99936,-43.996004,-43.913162,-40.959654,-39.998547
1553.0594,-43.999647,-43.9973,-43.998443,-43.999106,-43.999321,-43.996299,-43.915755,-40.98577,-39.994573
1553.0625,-43.999581,-43.997366,-43.998568,-43.998983,-43.999301,-43.996624,-43.918582,-41.012135,-39.990134
1553.0656,-43.999434,-43.997496,-43.998719,-43.998878,-43.9993,-43.996968,-43.921609,-41.038571,-39.985286
1553.0687,-43.999215,-43.997681,-43.998889,-43.998795,-43.999317,-43.997321,-43.924793,-41.064907,-39.980104
1553.0719,-43.998936,-43.997912,-43.999068,-43.998741,-43.999352,-43.997672,-43.928084,-41.090975,-39.974688
1553.075,-43.998613,-43.998176,-43.999246,-43.998718,-43.999401,-43.998012,-43.931427,-41.116626,-39.969151
1553.0781,-43.998264,-43.998457,-43.999415,-43.998728,-43.999461,-43.998332,-43.934768,-41.141728,-39.963622
1553.0812,-43.997909,-43.998742,-43.999563,-43.998769,-43.999528,-43.998624,-43.938049,-41.166173,-39.95824
1553.0844,-43.997566,-43.999014,-43.999684,-43.99884,-43.999596,-43.998883,-43.941217,-41.18988,-39.953147
1553.0875,-43.997256,-43.999258,-43.999771,-43.998937,-43.99966,-43.999104,-43.94422,-41.212801,-39.948489
1553.0906,-43.996995,-43.99946,-43.999819,-43.999054,-43.999717,-43.999283,-43.947014,-41.234919,-39.944405
1553.0938,-43.996797,-43.999611,-43.999826,-43.999184,-43.999762,-43.999419,-43.949561,-41.256249,-39.941029
1553.0969,-43.996674,-43.999701,-43.999791,-43.99932,-43.999791,-43.999512,-43.951832,-41.276842,-39.938482
1553.1,-43.996633,-43.999727,-43.999717,-43.999455,-43.999803,-43.999564,-43.953807,-41.296776,-39.936869
1553.1031,-43.996675,-43.999686,-43.999608,-43.99958,-43.999796,-43.999575,-43.955475,-41.316158,-39.936281
1553.1063,-43.996798,-43.999582,-43.99947,-43.999689,-43.99977,-43.99955,-43.956834,-41.335118,-39.936783
1553.1094,-43.996995,-43.99942,-43.999311,-43.999775,-43.999727,-43.999492,-43.957894,-41.353806,-39.938421
1553.1125,-43.997256,-43.999209,-43.99914,-43.999834,-43.99967,-43.999406,-43.958673,-41.372382,-39.941218
1553.1156,-43.997566,-43.998962,-43.998966,-43.999861,-43.999601,-43.999297,-43.959195,-41.391017,-39.94517
1553.1188,-43.997907,-43.998691,-43.9988,-43.999856,-43.999525,-43.999169,-43.959494,-41.409882,-39.95025
1553.1219,-43.998262,-43.998413,-43.99865,-43.999818,-43.999447,-43.999027,-43.959606,-41.429142,-39.956409
1553.125,-43.99861,-43.998143,-43.998525,-43.999748,-43.999372,-43.998877,-43.959574,-41.448954,-39.963575
1553.1281,-43.998932,-43.997895,-43.998431,-43.999652,-43.999304,-43.998722,-43.959443,-41.469458,-39.971654
1553.1312,-43.999212,-43.997684,-43.998375,-43.999534,-43.999249,-43.998568,-43.959257,-41.490775,-39.980537
1553.1344,-43.999432,-43.997521,-43.998358,-43.9994,-43.99921,-43.998419,-43.959061,-41.513001,-39.990099
1553.1375,-43.999583,-43.997414,-43.998383,-43.999257,-43.99919,-43.998277,-43.958896,-41.536205,-40.000205
1553.1406,-43.999655,-43.997371,-43.998447,-43.999114,-43.999191,-43.998148,-43.958803,-41.560424,-40.010713
1553.1437,-43.999645,-43.997393,-43.998547,-43.998979,-43.999212,-43.998034,-43.958813,-41.585668,-40.021479
1553.1469,-43.999554,-43.997478,-43.998677,-43.998858,-43.999254,-43.997937,-43.958956,-41.611911,-40.032359
1553.15,-43.999387,-43.997623,-43.99883,-43.998758,-43.999314,-43.997862,-43.959253,-41.639098,-40.04322
1553.1531,-43.999153,-43.997819,-43.998998,-43.998685,-43.999388,-43.997808,-43.959719,-41.667142,-40.053935
1553.1562,-43.998866,-43.998055,-43.999172,-43.998643,-43.999472,-43.997779,-43.96036,-41.695931,-40.064396
1553.1594,-43.998542,-43.998319,-43.999341,-43.998635,-43.999561,-43.997776,-43.961177,-41.725326,-40.074513
1553.1625,-43.998199,-43.998595,-43.999496,-43.99866,-43.999649,-43.997798,-43.962162,-41.755169,-40.084216
1553.1656,-43.997856,-43.998869,-43.99963,-43.998717,-43.999731,-43.997846,-43.963302,-41.785285,-40.093463
1553.1688,-43.997532,-43.999125,-43.999733,-43.998804,-43.9998,-43.99792,-43.964577,-41.815489,-40.102236
1553.1719,-43.997245,-43.99935,-43.999802,-43.998914,-43.999851,-43.998017,-43.965962,-41.845593,-40.110543
1553.175,-43.99701,-43.999531,-43.999832,-43.999044,-43.999881,-43.998135,-43.967428,-41.87541,-40.11842
1553.1781,-43.996842,-43.999658,-43.999822,-43.999184,-43.999885,-43.998272,-43.968943,-41.904758,-40.125927
1553.1813,-43.996748,-43.999726,-43.999771,-43.999328,-43.999862,-43.998422,-43.970472,-41.933472,-40.133146
1553.1844,-43.996735,-43.999729,-43.999684,-43.999468,-43.999812,-43.998582,-43.971981,-41.961406,-40.140182
1553.1875,-43.996802,-43.999668,-43.999565,-43.999595,-43.999735,-43.998746,-43.973435,-41.988438,-40.147153
1553.1906,-43.996947,-43.999547,-43.999421,-43.999703,-43.999634,-43.998908,-43.974802,-42.014473,-40.154192
1553.1937,-43.99716,-43.999373,-43.99926,-43.999786,-43.999514,-43.999061,-43.976051,-42.039451,-40.161439
1553.1969,-43.997431,-43.999155,-43.99909,-43.999839,-43.999379,-43.999198,-43.977157,-42.063343,-40.169035
1553.2,-43.997744,-43.998906,-43.998922,-43.999859,-43.999236,-43.999314,-43.978098,-42.086155,-40.177123
1553.2031,-43.998082,-43.998639,-43.998764,-43.999845,-43.999091,-43.999402,-43.978858,-42.107928,-40.185839
1553.2062,-43.998426,-43.99837,-43.998626,-43.999797,-43.998952,-43.999455,-43.979426,-42.128734,-40.195306
1553.2094,-43.998758,-43.998113,-43.998514,-43.999719,-43.998825,-43.999471,-43.9798,-42.148673,-40.205637
1553.2125,-43.999059,-43.997883,-43.998436,-43.999613,-43.998717,-43.999445,-43.97998,-42.167873,-40.216923
1553.2156,-43.999313,-43.997692,-43.998395,-43.999487,-43.998633,-43.999375,-43.979976,-42.186479,-40.229237
1553.2188,-43.999505,-43.997551,-43.998394,-43.999347,-43.998578,-43.999261,-43.979802,-42.204651,-40.242628
1553.2219,-43.999627,-43.997468,-43.998433,-43.999199,-43.998556,-43.999103,-43.979477,-42.222559,-40.257121
1553.225,-43.999671,-43.997446,-43.998509,-43.999053,-43.998566,-43.998906,-43.979026,-42.240374,-40.272715
1553.2281,-43.999635,-43.997488,-43.998619,-43.998916,-43.998609,-43.998673,-43.978478,-42.258265,-40.289381
1553.2313,-43.999521,-43.997591,-43.998756,-43.998796,-43.998682,-43.998411,-43.977862,-42.27639,-40.307068
1553.2344,-43.999336,-43.997749,-43.998912,-43.998699,-43.998783,-43.998128,-43.977212,-42.294894,-40.325698
1553.2375,-43.99909,-43.997954,-43.99908,-43.99863,-43.998905,-43.997832,-43.976561,-42.313901,-40.345173
1553.2406,-43.998798,-43.998194,-43.999249,-43.998593,-43.999043,-43.997535,-43.975941,-42.333512,-40.365372
1553.2438,-43.998475,-43.998455,-43.999411,-43.99859,-43.999189,-43.997246,-43.975384,-42.353803,-40.38616
1553.2469,-43.998139,-43.998724,-43.999557,-43.998622,-43.999334,-43.996975,-43.974917,-42.374819,-40.40739
1553.25,-43.99781,-43.998986,-43.999678,-43.998685,-43.999472,-43.996733,-43.974566,-42.396576,-40.428903
1553.2531,-43.997505,-43.999226,-43.999767,-43.998778,-43.999595,-43.996529,-43.974349,-42.419059,-40.45054
1553.2562,-43.997242,-43.999432,-43.999821,-43.998895,-43.999695,-43.99637,-43.974282,-42.442222,-40.472142
1553.2594,-43.997034,-43.999592,-43.999836,-43.999029,-43.999766,-43.996263,-43.974372,-42.46599,-40.493555
1553.2625,-43.996894,-43.999697,-43.999812,-43.999174,-43.999805,-43.996212,-43.974624,-42.490264,-40.514637
1553.2656,-43.996828,-43.999741,-43.999749,-43.999321,-43.999809,-43.996219,-43.975033,-42.514919,-40.535264
1553.2687,-43.996841,-43.999724,-43.999651,-43.999463,-43.999777,-43.996283,-43.975589,-42.539812,-40.555329
1553.2719,-43.996932,-43.999645,-43.999524,-43.999592,-43.999709,-43.996402,-43.976278,-42.564785,-40.574749
1553.275,-43.997095,-43.99951,-43.999375,-43.999701,-43.999608,-43.996569,-43.977079,-42.589671,-40.59347
1553.2781,-43.997322,-43.999325,-43.999213,-43.999785,-43.99948,-43.996778,-43.977968,-42.614298,-40.611463
1553.2812,-43.997601,-43.999102,-43.999045,-43.999839,-43.999329,-43.997018,-43.978917,-42.638498,-40.628729
1553.2844,-43.997914,-43.998853,-43.998881,-43.999861,-43.999164,-43.99728,-43.979894,-42.662108,-40.645301
1553.2875,-43.998247,-43.998591,-43.998732,-43.999849,-43.998992,-43.99755,-43.98087,-42.684982,-40.661235
1553.2906,-43.998579,-43.998332,-43.998603,-43.999804,-43.998821,-43.997817,-43.981812,-42.70699,-40.676616
1553.2938,-43.998893,-43.99809,-43.998504,-43.999729,-43.998661,-43.998067,-43.98269,-42.728025,-40.691549
1553.2969,-43.999172,-43.997877,-43.998439,-43.999629,-43.998518,-43.998288,-43.983477,-42.748009,-40.70616
1553.3,-43.999401,-43.997707,-43.998411,-43.999509,-43.998401,-43.99847,-43.984147,-42.766893,-40.720587
1553.3031,-43.999566,-43.997587,-43.998423,-43.999376,-43.998315,-43.998604,-43.984682,-42.784658,-40.734979
1553.3063,-43.99966,-43.997526,-43.998474,-43.999237,-43.998264,-43.998681,-43.985066,-42.801319,-40.749487
1553.3094,-43.999677,-43.997525,-43.99856,-43.9991,-43.998251,-43.998698,-43.985292,-42.816922,-40.764263
1553.3125,-43.999617,-43.997586,-43.998677,-43.998972,-43.998276,-43.998652,-43.985357,-42.831542,-40.779453
1553.3156,-43.999482,-43.997704,-43.998819,-43.998861,-43.998339,-43.998545,-43.985264,-42.845281,-40.795192
1553.3187,-43.999282,-43.997874,-43.998978,-43.998773,-43.998436,-43.998379,-43.985023,-42.858265,-40.811598
1553.3219,-43.999027,-43.998085,-43.999145,-43.998712,-43.998562,-43.998161,-43.984651,-42.870636,-40.828773
1553.325,-43.998731,-43.998326,-43.99931,-43.998682,-43.998711,-43.997901,-43.984169,-42.882552,-40.846796
1553.3281,-43.998411,-43.998585,-43.999466,-43.998684,-43.998876,-43.997608,-43.983601,-42.894175,-40.86572
1553.3312,-43.998085,-43.998845,-43.999602,-43.998718,-43.999048,-43.997296,-43.982976,-42.905672,-40.885572
1553.3344,-43.997771,-43.999094,-43.999713,-43.998783,-43.999218,-43.996976,-43.982325,-42.917205,-40.906354
1553.3375,-43.997486,-43.999318,-43.999791,-43.998874,-43.999379,-43.996665,-43.98168,-42.928928,-40.928036
1553.3406,-43.997247,-43.999504,-43.999833,-43.998988,-43.999522,-43.996374,-43.981071,-42.940979,-40.950565
1553.3438,-43.997065,-43.999643,-43.999837,-43.999116,-43.999641,-43.996117,-43.980529,-42.953479,-40.973859
1553.3469,-43.996952,-43.999726,-43.999801,-43.999253,-43.99973,-43.995905,-43.980081,-42.966526,-40.997815
1553.35,-43.996913,-43.99975,-43.999729,-43.999391,-43.999786,-43.995748,-43.979748,-42.980195,-41.022306
1553.3531,-43.996951,-43.999713,-43.999625,-43.999523,-43.999805,-43.995652,-43.979551,-42.994532,-41.047193
1553.3563,-43.997063,-43.999618,-43.999494,-43.999641,-43.999788,-43.995622,-43.979501,-43.009555,-41.072319
1553.3594,-43.997243,-43.999469,-43.999343,-43.999739,-43.999736,-43.995659,-43.979605,-43.025252,-41.097523
1553.3625,-43.997481,-43.999277,-43.999182,-43.999812,-43.999652,-43.995763,-43.979865,-43.041587,-41.122639
1553.3656,-43.997765,-43.99905,-43.999018,-43.999857,-43.999542,-43.995928,-43.980274,-43.058493,-41.147504
1553.3688,-43.998077,-43.998803,-43.998862,-43.999871,-43.999412,-43.996148,-43.980822,-43.075882,-41.171963
1553.3719,-43.998402,-43.998548,-43.998721,-43.999853,-43.999269,-43.996413,-43.981491,-43.093643,-41.195875
1553.375,-43.998721,-43.9983,-43.998603,-43.999806,-43.999121,-43.996713,-43.98226,-43.11165,-41.219117
1553.3781,-43.999017,-43.998072,-43.998515,-43.999731,-43.998976,-43.997034,-43.983104,-43.129763,-41.241588
1553.3812,-43.999274,-43.997878,-43.998462,-43.999633,-43.998841,-43.997364,-43.983994,-43.147833,-41.263213
1553.3844,-43.999477,-43.997727,-43.998446,-43.999519,-43.998725,-43.997688,-43.984902,-43.165711,-41.283949
1553.3875,-43.999616,-43.997629,-43.998469,-43.999393,-43.998633,-43.997994,-43.985797,-43.18325,-41.303779
1553.3906,-43.999683,-43.997588,-43.998529,-43.999265,-43.99857,-43.99827,-43.986651,-43.200309,-41.322723
1553.3937,-43.999675,-43.997607,-43.998623,-43.99914,-43.998539,-43.998505,-43.987436,-43.216763,-41.340826
1553.3969,-43.999593,-43.997685,-43.998745,-43.999026,-43.998541,-43.99869,-43.988129,-43.232503,-41.358168
1553.4,-43.99944,-43.997817,-43.99889,-43.998929,-43.998578,-43.99882,-43.988711,-43.247442,-41.37485
1553.4031,-43.999227,-43.997996,-43.999048,-43.998854,-43.998646,-43.998891,-43.989166,-43.261517,-41.391001
1553.4062,-43.998964,-43.998212,-43.999211,-43.998807,-43.998741,-43.998903,-43.989486,-43.274693,-41.406765
1553.4094,-43.998667,-43.998454,-43.999371,-43.998788,-43.99886,-43.998857,-43.989668,-43.286962,-41.422301
1553.4125,-43.998352,-43.998707,-43.999518,-43.9988,-43.998996,-43.998759,-43.989713,-43.298346,-41.437775
1553.4156,-43.998037,-43.998958,-43.999645,-43.998842,-43.999141,-43.998616,-43.98963,-43.308892,-41.453356
1553.4188,-43.997739,-43.999194,-43.999745,-43.99891,-43.99929,-43.998436,-43.989432,-43.318673,-41.469211
1553.4219,-43.997475,-43.9994,-43.999812,-43.999002,-43.999433,-43.99823,-43.989137,-43.327785,-41.485498
1553.425,-43.997259,-43.999567,-43.999842,-43.999113,-43.999565,-43.998009,-43.988767,-43.336341,-41.502359
1553.4281,-43.997103,-43.999685,-43.999835,-43.999235,-43.99968,-43.997787,-43.988346,-43.34447,-41.519921
1553.4313,-43.997016,-43.999748,-43.999791,-43.999363,-43.999771,-43.997573,-43.987901,-43.352307,-41.538289
1553.4344,-43.997002,-43.999752,-43.999712,-43.999488,-43.999836,-43.997381,-43.987457,-43.359994,-41.55754
1553.4375,-43.997063,-43.999697,-43.999603,-43.999606,-43.999871,-43.997219,-43.987042,-43.367673,-41.577726
1553.4406,-43.997194,-43.999587,-43.99947,-43.999708,-43.999877,-43.997096,-43.98668,-43.375476,-41.598869
1553.4437,-43.997389,-43.999428,-43.99932,-43.99979,-43.999854,-43.997018,-43.986393,-43.383528,-41.620961
1553.4469,-43.997636,-43.999228,-43.999162,-43.999846,-43.999805,-43.996989,-43.986199,-43.391939,-41.643963
1553.45,-43.997923,-43.999,-43.999004,-43.999874,-43.999733,-43.997012,-43.986114,-43.400798,-41.66781
1553.4531,-43.998232,-43.998756,-43.998856,-43.999873,-43.999644,-43.997086,-43.986145,-43.410177,-41.692408
1553.4562,-43.998548,-43.998508,-43.998725,-43.999843,-43.999542,-43.997208,-43.986299,-43.420122,-41.71764
1553.4594,-43.998853,-43.998272,-43.998618,-43.999786,-43.999436,-43.997372,-43.986574,-43.430655,-41.743368
1553.4625,-43.99913,-43.99806,-43.998543,-43.999704,-43.99933,-43.997573,-43.986965,-43.441772,-41.769439
1553.4656,-43.999364,-43.997884,-43.998501,-43.999603,-43.999232,-43.997803,-43.987463,-43.453448,-41.795689
1553.4688,-43.999543,-43.997753,-43.998497,-43.999488,-43.999147,-43.998051,-43.988053,-43.46563,-41.821947
1553.4719,-43.999656,-43.997675,-43.99853,-43.999366,-43.999079,-43.998309,-43.988717,-43.478248,-41.848042
1553.475,-43.999698,-43.997654,-43.998597,-43.999244,-43.999034,-43.998566,-43.989436,-43.491211,-41.873811
1553.4781,-43.999666,-43.997692,-43.998697,-43.999129,-43.999013,-43.998814,-43.990187,-43.504414,-41.899101
1553.4813,-43.999563,-43.997785,-43.998822,-43.999027,-43.999017,-43.999044,-43.990949,-43.517739,-41.923776
1553.4844,-43.999395,-43.997929,-43.998967,-43.998943,-43.999045,-43.999248,-43.991697,-43.531063,-41.947722
1553.4875,-43.99917,-43.998116,-43.999122,-43.998883,-43.999097,-43.999421,-43.992412,-43.544258,-41.97085
1553.4906,-43.998902,-43.998335,-43.99928,-43.99885,-43.999169,-43.999559,-43.993073,-43.557202,-41.993104
1553.4938,-43.998606,-43.998575,-43.999433,-43.998846,-43.999256,-43.999659,-43.993663,-43.569775,-42.014455
1553.4969,-43.998298,-43.998822,-43.99957,-43.99887,-43.999354,-43.999721,-43.99417,-43.58187,-42.034909
1553.5,-43.997995,-43.999063,-43.999687,-43.998922,-43.999458,-43.999746,-43.994583,-43.593394,-42.054502
1553.5031,-43.997714,-43.999284,-43.999775,-43.998998,-43.99956,-43.999737,-43.994897,-43.604271,-42.073305
1553.5062,-43.997471,-43.999474,-43.99983,-43.999095,-43.999656,-43.999698,-43.995109,-43.614447,-42.091411
1553.5094,-43.997279,-43.999622,-43.99985,-43.999207,-43.99974,-43.999635,-43.995222,-43.623888,-42.108943
1553.5125,-43.997148,-43.999719,-43.999833,-43.999327,-43.999808,-43.999553,-43.995243,-43.632584,-42.126039
1553.5156,-43.997085,-43.999762,-43.999781,-43.999449,-43.999857,-43.999459,-43.995179,-43.640545,-42.142857
1553.5187,-43.997095,-43.999747,-43.999696,-43.999567,-43.999883,-43.99936,-43.995045,-43.647808,-42.159559
1553.5219,-43.997177,-43.999676,-43.999584,-43.999673,-43.999887,-43.999262,-43.994855,-43.654425,-42.176313
1553.525,-43.997325,-43.999553,-43.999451,-43.999761,-43.999868,-43.999172,-43.994624,-43.660467,-42.193283
1553.5281,-43.997532,-43.999385,-43.999305,-43.999828,-43.999827,-43.999093,-43.99437,-43.666022,-42.210627
1553.5312,-43.997787,-43.999181,-43.999152,-43.999868,-43.999769,-43.99903,-43.99411,-43.671187,-42.228487
1553.5344,-43.998074,-43.998952,-43.999003,-43.999881,-43.999696,-43.998986,-43.99386,-43.676065,-42.246986
1553.5375,-43.998379,-43.998712,-43.998865,-43.999864,-43.999613,-43.998962,-43.993637,-43.680765,-42.266227
1553.5406,-43.998685,-43.998473,-43.998746,-43.999819,-43.999526,-43.998959,-43.993453,-43.685392,-42.286285
1553.5438,-43.998974,-43.99825,-43.998653,-43.999749,-43.999439,-43.998976,-43.99332,-43.690049,-42.307207
1553.5469,-43.999232,-43.998054,-43.99859,-43.999658,-43.999359,-43.999012,-43.993248,-43.69483,-42.329011
1553.55,-43.999444,-43.997895,-43.998562,-43.999549,-43.99929,-43.999062,-43.993241,-43.699816,-42.351683
1553.5531,-43.999598,-43.997784,-43.998569,-43.999431,-43.999236,-43.999126,-43.993303,-43.705076,-42.37518
1553.5563,-43.999686,-43.997726,-43.998611,-43.999308,-43.999201,-43.999198,-43.993435,-43.710662,-42.399429
1553.5594,-43.999704,-43.997724,-43.998686,-43.999188,-43.999186,-43.999275,-43.993634,-43.716609,-42.424331
1553.5625,-43.999651,-43.997777,-43.99879,-43.999078,-43.999192,-43.999354,-43.993894,-43.722932,-42.449763
1553.5656,-43.999529,-43.997885,-43.998917,-43.998984,-43.99922,-43.999431,-43.994209,-43.72963,-42.475583
1553.5687,-43.999347,-43.998039,-43.99906,-43.99891,-43.999267,-43.999504,-43.99457,-43.736682,-42.501632
1553.5719,-43.999113,-43.998232,-43.999211,-43.998861,-43.999331,-43.99957,-43.994966,-43.744052,-42.527743
1553.575,-43.998842,-43.998453,-43.999362,-43.99884,-43.999408,-43.999628,-43.995385,-43.751688,-42.553742
1553.5781,-43.998549,-43.99869,-43.999504,-43.998848,-43.999492,-43.999677,-43.995817,-43.759524,-42.57946
1553.5812,-43.998249,-43.99893,-43.999629,-43.998884,-43.99958,-43.999717,-43.996249,-43.767486,-42.60473
1553.5844,-43.997959,-43.99916,-43.999732,-43.998946,-43.999665,-43.999748,-43.996669,-43.775492,-42.629402
1553.5875,-43.997696,-43.999366,-43.999806,-43.999032,-43.999743,-43.999772,-43.997067,-43.783453,-42.653342
1553.5906,-43.997474,-43.999539,-43.999847,-43.999135,-43.999809,-43.999789,-43.997434,-43.791284,-42.676439
1553.5938,-43.997305,-43.999668,-43.999853,-43.999251,-43.999857,-43.999802,-43.997761,-43.798897,-42.698606
1553.5969,-43.997198,-43.999746,-43.999824,-43.999373,-43.999886,-43.999812,-43.998042,-43.806213,-42.719789
1553.6,-43.99716,-43.99977,-43.999762,-43.999495,-43.999893,-43.99982,-43.998271,-43.813158,-42.739961
1553.6031,-43.997192,-43.999738,-43.99967,-43.999609,-43.999878,-43.999829,-43.998446,-43.819671,-42.759128
1553.6063,-43.997292,-43.999652,-43.999554,-43.999709,-43.99984,-43.999838,-43.998565,-43.825702,-42.777327
1553.6094,-43.997456,-43.999518,-43.999419,-43.99979,-43.999782,-43.999847,-43.998628,-43.831216,-42.794623
1553.6125,-43.997673,-43.999342,-43.999274,-43.999846,-43.999706,-43.999858,-43.998637,-43.836192,-42.811107
1553.6156,-43.997932,-43.999134,-43.999127,-43.999876,-43.999617,-43.999869,-43.998596,-43.840624,-42.826892
1553.6188,-43.998219,-43.998907,-43.998985,-43.999878,-43.999519,-43.999878,-43.998508,-43.844525,-42.842108
1553.6219,-43.998518,-43.998672,-43.998857,-43.99985,-43.999418,-43.999885,-43.998381,-43.847917,-42.8569
1553.625,-43.998812,-43.998443,-43.99875,-43.999795,-43.999319,-43.999888,-43.998219,-43.850841,-42.871416
1553.6281,-43.999086,-43.998233,-43.998669,-43.999716,-43.999228,-43.999884,-43.99803,-43.853345,-42.885809
1553.6312,-43.999324,-43.998053,-43.99862,-43.999617,-43.99915,-43.999872,-43.997822,-43.855489,-42.900227
1553.6344,-43.999513,-43.997912,-43.998604,-43.999503,-43.999089,-43.999849,-43.997602,-43.857341,-42.914807
1553.6375,-43.999643,-43.99782,-43.998623,-43.999381,-43.999049,-43.999815,-43.997379,-43.858972,-42.929675
1553.6406,-43.999708,-43.99778,-43.998676,-43.999257,-43.999032,-43.999769,-43.997159,-43.860456,-42.944938
1553.6437,-43.999703,-43.997795,-43.998759,-43.999138,-43.999039,-43.999711,-43.996951,-43.861866,-42.96068
1553.6469,-43.99963,-43.997865,-43.998868,-43.999031,-43.99907,-43.999641,-43.99676,-43.863275,-42.976962
1553.65,-43.999492,-43.997984,-43.998997,-43.998941,-43.999123,-43.999561,-43.996594,-43.864746,-42.99382
1553.6531,-43.999297,-43.998147,-43.999139,-43.998873,-43.999196,-43.999472,-43.996456,-43.866338,-43.011261
1553.6562,-43.999057,-43.998345,-43.999287,-43.998832,-43.999284,-43.999379,-43.996353,-43.868101,-43.029267
1553.6594,-43.998785,-43.998566,-43.999431,-43.998819,-43.999383,-43.999284,-43.996286,-43.870073,-43.047793
1553.6625,-43.998495,-43.998799,-43.999564,-43.998834,-43.999486,-43.999191,-43.996259,-43.872282,-43.06677
1553.6656,-43.998205,-43.999031,-43.999678,-43.998878,-43.999588,-43.999104,-43.996272,-43.874744,-43.086105
1553.6688,-43.997929,-43.999249,-43.999769,-43.998948,-43.999682,-43.999028,-43.996326,-43.877463,-43.105689
1553.6719,-43.997684,-43.99944,-43.999829,-43.99904,-43.999765,-43.998966,-43.996419,-43.880429,-43.125397
1553.675,-43.997483,-43.999596,-43.999857,-43.999148,-43.999829,-43.998921,-43.996548,-43.883624,-43.145091
1553.6781,-43.997337,-43.999706,-43.999851,-43.999267,-43.999872,-43.998897,-43.996709,-43.887018,-43.16463
1553.6813,-43.997253,-43.999766,-43.999811,-43.999391,-43.999891,-43.998894,-43.996897,-43.890571,-43.18387
1553.6844,-43.997238,-43.999772,-43.99974,-43.999513,-43.999884,-43.998915,-43.997107,-43.894239,-43.202671
1553.6875,-43.99729,-43.999724,-43.999641,-43.999626,-43.99985,-43.998957,-43.997331,-43.89797,-43.2209
1553.6906,-43.997408,-43.999625,-43.99952,-43.999723,-43.999791,-43.99902,-43.997561,-43.901707,-43.23844
1553.6937,-43.997585,-43.99948,-43.999385,-43.999801,-43.999711,-43.999101,-43.997789,-43.905395,-43.25519
1553.6969,-43.99781,-43.999298,-43.999241,-43.999854,-43.999612,-43.999196,-43.998006,-43.908977,-43.271067
1553.7,-43.998073,-43.999089,-43.999099,-43.999879,-43.999499,-43.9993,-43.998205,-43.9124,-43.286015
1553.7031,-43.998358,-43.998864,-43.998964,-43.999876,-43.999379,-43.999408,-43.998377,-43.915613,-43.300001
1553.7062,-43.998649,-43.998636,-43.998846,-43.999845,-43.999257,-43.999513,-43.998513,-43.918573,-43.313019
1553.7094,-43.99893,-43.998418,-43.998749,-43.999787,-43.99914,-43.99961,-43.998609,-43.921245,-43.325086
1553.7125,-43.999187,-43.998221,-43.998681,-43.999706,-43.999034,-43.999693,-43.998657,-43.923601,-43.336248
1553.7156,-43.999405,-43.998057,-43.998644,-43.999606,-43.998944,-43.999756,-43.998655,-43.925623,-43.346573
1553.7188,-43.999572,-43.997934,-43.99864,-43.999493,-43.998876,-43.999794,-43.9986,-43.927306,-43.356146
1553.7219,-43.999679,-43.99786,-43.99867,-43.999372,-43.998833,-43.999804,-43.998491,-43.928651,-43.365073
1553.725,-43.999721,-43.997838,-43.998732,-43.999252,-43.998816,-43.999783,-43.998331,-43.929672,-43.37347
1553.7281,-43.999695,-43.997869,-43.998823,-43.999137,-43.998828,-43.99973,-43.998122,-43.930391,-43.381465
1553.7313,-43.999604,-43.997953,-43.998937,-43.999036,-43.998867,-43.999647,-43.997871,-43.930841,-43.389187
1553.7344,-43.999451,-43.998083,-43.999068,-43.998952,-43.998931,-43.999534,-43.997583,-43.93106,-43.396767
1553.7375,-43.999247,-43.998253,-43.99921,-43.998891,-43.999018,-43.999396,-43.997269,-43.931092,-43.40433
1553.7406,-43.999002,-43.998454,-43.999353,-43.998856,-43.999122,-43.999237,-43.996938,-43.930989,-43.411993
1553.7438,-43.99873,-43.998675,-43.999491,-43.998848,-43.999238,-43.999063,-43.9966,-43.9308,-43.41986
1553.7469,-43.998446,-43.998902,-43.999615,-43.998869,-43.999359,-43.998883,-43.996269,-43.93058,-43.428021
1553.75,-43.998166,-43.999125,-43.99972,-43.998917,-43.99948,-43.998702,-43.995955,-43.930381,-43.436546
1553.7531,-43.997905,-43.99933,-43.999798,-43.99899,-43.999594,-43.99853,-43.995669,-43.930251,-43.445485
1553.7562,-43.997679,-43.999507,-43.999846,-43.999083,-43.999695,-43.998372,-43.995421,-43.930236,-43.454868
1553.7594,-43.997499,-43.999645,-43.999862,-43.999191,-43.999777,-43.998237,-43.995222,-43.930374,-43.464702
1553.7625,-43.997375,-43.999738,-43.999844,-43.999308,-43.999836,-43.998131,-43.995077,-43.930698,-43.474972
1553.7656,-43.997314,-43.99978,-43.999793,-43.999429,-43.999869,-43.998058,-43.994993,-43.931231,-43.485644
1553.7687,-43.997319,-43.999769,-43.999713,-43.999547,-43.999875,-43.998021,-43.994972,-43.931989,-43.496662
1553.7719,-43.99739,-43.999707,-43.999608,-43.999654,-43.999852,-43.998023,-43.995014,-43.932977,-43.507954
1553.775,-43.997524,-43.999596,-43.999483,-43.999746,-43.999803,-43.998063,-43.995118,-43.934191,-43.519435
1553.7781,-43.997712,-43.999442,-43.999346,-43.999818,-43.999729,-43.99814,-43.995279,-43.93562,-43.531006
1553.7812,-43.997944,-43.999256,-43.999204,-43.999865,-43.999635,-43.998249,-43.99549,-43.937241,-43.542563
1553.7844,-43.998208,-43.999046,-43.999066,-43.999886,-43.999526,-43.998385,-43.995741,-43.939028,-43.553996
1553.7875,-43.998489,-43.998824,-43.998937,-43.999879,-43.999408,-43.998542,-43.996022,-43.940944,-43.565195
1553.7906,-43.998771,-43.998604,-43.998827,-43.999845,-43.999287,-43.998713,-43.99632,-43.94295,-43.576056
1553.7938,-43.999039,-43.998397,-43.998741,-43.999787,-43.999169,-43.998889,-43.996623,-43.945002,-43.586481
1553.7969,-43.999279,-43.998214,-43.998683,-43.999707,-43.999061,-43.999061,-43.996916,-43.947055,-43.596384
1553.8,-43.999477,-43.998066,-43.998656,-43.99961,-43.998968,-43.999221,-43.997187,-43.949063,-43.605692
1553.8031,-43.999622,-43.99796,-43.998663,-43.999502,-43.998896,-43.999362,-43.997423,-43.950982,-43.61435
1553.8063,-43.999708,-43.997903,-43.998703,-43.999388,-43.998848,-43.999476,-43.997614,-43.952772,-43.622322
1553.8094,-43.999728,-43.997898,-43.998774,-43.999275,-43.998827,-43.999559,-43.99775,-43.954395,-43.629592
1553.8125,-43.999682,-43.997945,-43.998871,-43.99917,-43.998834,-43.999605,-43.997825,-43.955822,-43.636164
1553.8156,-43.999574,-43.998041,-43.998989,-43.999078,-43.998868,-43.999613,-43.997835,-43.957031,-43.642063
1553.8187,-43.999409,-43.998181,-43.999122,-43.999004,-43.998928,-43.999582,-43.997779,-43.958005,-43.647331
1553.8219,-43.999196,-43.998357,-43.999263,-43.998953,-43.999011,-43.999514,-43.997657,-43.95874,-43.652032
1553.825,-43.998948,-43.99856,-43.999404,-43.998926,-43.999111,-43.999411,-43.997476,-43.959238,-43.656241
1553.8281,-43.998678,-43.998778,-43.999536,-43.998927,-43.999224,-43.99928,-43.997242,-43.959509,-43.660046
1553.8312,-43.998401,-43.998999,-43.999654,-43.998954,-43.999344,-43.999127,-43.996964,-43.959574,-43.663547
1553.8344,-43.998132,-43.999212,-43.999749,-43.999005,-43.999464,-43.998958,-43.996655,-43.959458,-43.666847
1553.8375,-43.997887,-43.999404,-43.999818,-43.999079,-43.999579,-43.998782,-43.996327,-43.959195,-43.67005
1553.8406,-43.997679,-43.999566,-43.999857,-43.999171,-43.999682,-43.998608,-43.995994,-43.958822,-43.67326
1553.8438,-43.99752,-43.999687,-43.999863,-43.999276,-43.999768,-43.998445,-43.995672,-43.95838,-43.676576
1553.8469,-43.997418,-43.999763,-43.999836,-43.999388,-43.999833,-43.998299,-43.995373,-43.957913,-43.680086
1553.85,-43.997378,-43.999788,-43.999778,-43.999501,-43.999873,-43.998179,-43.99511,-43.957463,-43.683869
1553.8531,-43.997403,-43.999762,-43.999692,-43.999609,-43.999888,-43.99809,-43.994896,-43.957071,-43.68799
1553.8563,-43.997492,-43.999686,-43.999582,-43.999706,-43.999876,-43.998036,-43.994739,-43.956777,-43.692495
1553.8594,-43.997639,-43.999564,-43.999456,-43.999786,-43.999838,-43.998021,-43.994647,-43.956615,-43.697415
1553.8625,-43.997837,-43.999404,-43.99932,-43.999846,-43.999778,-43.998044,-43.994624,-43.956612,-43.702764
1553.8656,-43.998074,-43.999213,-43.999181,-43.999882,-43.999698,-43.998105,-43.994672,-43.956791,-43.708535
1553.8688,-43.998338,-43.999004,-43.999047,-43.999892,-43.999603,-43.998201,-43.994789,-43.957164,-43.714706
1553.8719,-43.998613,-43.998788,-43.998926,-43.999876,-43.999499,-43.998327,-43.99497,-43.957739,-43.721237
1553.875,-43.998886,-43.998576,-43.998824,-43.999835,-43.999392,-43.998479,-43.995208,-43.958512,-43.728073
1553.8781,-43.99914,-43.99838,-43.998746,-43.999771,-43.999287,-43.998648,-43.995495,-43.959475,-43.735146
1553.8812,-43.999362,-43.998211,-43.998698,-43.999688,-43.99919,-43.998827,-43.995818,-43.96061,-43.74238
1553.8844,-43.99954,-43.998079,-43.998681,-43.999591,-43.999107,-43.999009,-43.996164,-43.961892,-43.749689
1553.8875,-43.999664,-43.99799,-43.998697,-43.999485,-43.999043,-43.999185,-43.996522,-43.963293,-43.756985
1553.8906,-43.999728,-43.99795,-43.998745,-43.999376,-43.999,-43.999347,-43.996875,-43.964779,-43.764178
1553.8937,-43.999728,-43.997961,-43.998822,-43.99927,-43.998981,-43.99949,-43.997212,-43.966312,-43.77118
1553.8969,-43.999665,-43.998022,-43.998923,-43.999174,-43.998987,-43.999608,-43.997519,-43.967854,-43.777912
1553.9,-43.999541,-43.998129,-43.999044,-43.999092,-43.999018,-43.999695,-43.997785,-43.969367,-43.7843
1553.9031,-43.999365,-43.998277,-43.999177,-43.999029,-43.999071,-43.999751,-43.998003,-43.970814,-43.790282
1553.9062,-43.999146,-43.998458,-43.999316,-43.998988,-43.999145,-43.999773,-43.998164,-43.972161,-43.795813
1553.9094,-43.998896,-43.998661,-43.999452,-43.998972,-43.999234,-43.999763,-43.998265,-43.97338,-43.800858
1553.9125,-43.998629,-43.998876,-43.999578,-43.998982,-43.999334,-43.999722,-43.998306,-43.974445,-43.805403
1553.9156,-43.99836,-43.99909,-43.999688,-43.999017,-43.99944,-43.999655,-43.998286,-43.97534,-43.809446
1553.9188,-43.998104,-43.999292,-43.999775,-43.999075,-43.999546,-43.999566,-43.998211,-43.976054,-43.813005
1553.9219,-43.997875,-43.999472,-43.999835,-43.999153,-43.999646,-43.999462,-43.998087,-43.976582,-43.816112
1553.925,-43.997686,-43.999618,-43.999865,-43.999247,-43.999735,-43.999348,-43.997922,-43.97693,-43.818813
1553.9281,-43.997547,-43.999723,-43.999863,-43.99935,-43.999808,-43.999231,-43.997727,-43.977106,-43.821165
1553.9313,-43.997465,-43.999782,-43.999828,-43.999459,-43.999862,-43.999119,-43.997512,-43.977129,-43.823236
1553.9344,-43.997446,-43.999791,-43.999764,-43.999566,-43.999894,-43.999017,-43.997291,-43.977021,-43.825102
1553.9375,-43.99749,-43.99975,-43.999674,-43.999665,-43.999903,-43.998932,-43.997074,-43.97681,-43.82684
1553.9406,-43.997594,-43.999662,-43.999563,-43.999752,-43.999889,-43.998867,-43.996874,-43.976525,-43.82853
1553.9437,-43.997754,-43.999531,-43.999437,-43.999821,-43.999852,-43.998826,-43.996701,-43.976199,-43.830249
1553.9469,-43.99796,-43.999365,-43.999304,-43.999869,-43.999796,-43.998811,-43.996564,-43.975866,-43.83207
1553.95,-43.9982,-43.999173,-43.99917,-43.999893,-43.999724,-43.998823,-43.99647,-43.975558,-43.834059
1553.9531,-43.998462,-43.998965,-43.999042,-43.999891,-43.99964,-43.998861,-43.996425,-43.975307,-43.836272
1553.9562,-43.998731,-43.998755,-43.998929,-43.999865,-43.999549,-43.998922,-43.996431,-43.975138,-43.838752
1553.9594,-43.998992,-43.998552,-43.998836,-43.999815,-43.999457,-43.999004,-43.99649,-43.975077,-43.841531
1553.9625,-43.999232,-43.998368,-43.998769,-43.999744,-43.999368,-43.999103,-43.996599,-43.975142,-43.844627
1553.9656,-43.999436,-43.998213,-43.99873,-43.999656,-43.999288,-43.999212,-43.996755,-43.975345,-43.848044
1553.9688,-43.999595,-43.998097,-43.998723,-43.999557,-43.999222,-43.999328,-43.996953,-43.975694,-43.851771
1553.9719,-43.999698,-43.998024,-43.998747,-43.999451,-43.999173,-43.999445,-43.997185,-43.976188,-43.855785
1553.975,-43.999742,-43.998,-43.998802,-43.999345,-43.999144,-43.999556,-43.997442,-43.976824,-43.860052
1553.9781,-43.999723,-43.998026,-43.998883,-43.999244,-43.999137,-43.999658,-43.997715,-43.97759,-43.864524
1553.9813,-43.999642,-43.998099,-43.998988,-43.999154,-43.999151,-43.999747,-43.997996,-43.97847,-43.869149
1553.9844,-43.999506,-43.998217,-43.999109,-43.99908,-43.999186,-43.999818,-43.998273,-43.979444,-43.873863
1553.9875,-43.99932,-43.998371,-43.99924,-43.999027,-43.999241,-43.99987,-43.998539,-43.980488,-43.878604
1553.9906,-43.999096,-43.998555,-43.999374,-43.998996,-43.999311,-43.999903,-43.998785,-43.981577,-43.883304
1553.9938,-43.998846,-43.998758,-43.999505,-43.998991,-43.999393,-43.999915,-43.999004,-43.982683,-43.887898
1553.9969,-43.998583,-43.998968,-43.999623,-43.99901,-43.999483,-43.999908,-43.999191,-43.983779,-43.892323
1554,-43.998324,-43.999175,-43.999724,-43.999053,-43.999574,-43.999884,-43.999342,-43.984837,-43.896525
1554.0031,-43.998081,-43.999366,-43.999802,-43.999118,-43.999663,-43.999847,-43.999454,-43.985835,-43.900453
1554.0062,-43.997868,-43.999532,-43.999852,-43.999201,-43.999743,-43.999799,-43.999528,-43.986748,-43.904069
1554.0094,-43.997698,-43.999663,-43.999872,-43.999298,-43.999811,-43.999745,-43.999564,-43.987561,-43.907344
1554.0125,-43.997578,-43.999752,-43.99986,-43.999402,-43.999863,-43.999689,-43.999565,-43.988257,-43.91026
1554.0156,-43.997517,-43.999795,-43.999819,-43.999509,-43.999896,-43.999635,-43.999535,-43.988829,-43.912813
1554.0187,-43.997517,-43.999789,-43.999749,-43.999612,-43.999908,-43.999586,-43.999479,-43.989271,-43.915008
1554.0219,-43.997578,-43.999735,-43.999656,-43.999705,-43.999898,-43.999547,-43.999402,-43.989584,-43.916863
1554.025,-43.997697,-43.999636,-43.999544,-43.999785,-43.999868,-43.999519,-43.999312,-43.989773,-43.918406
1554.0281,-43.997867,-43.999497,-43.999419,-43.999845,-43.999819,-43.999503,-43.999213,-43.989847,-43.919673
1554.0312,-43.998079,-43.999326,-43.999289,-43.999883,-43.999753,-43.999501,-43.999113,-43.989819,-43.920708
1554.0344,-43.998321,-43.999134,-43.99916,-43.999897,-43.999676,-43.999512,-43.999017,-43.989707,-43.921562
1554.0375,-43.99858,-43.998929,-43.99904,-43.999885,-43.99959,-43.999536,-43.998929,-43.989528,-43.922285
1554.0406,-43.998841,-43.998725,-43.998936,-43.99985,-43.999501,-43.999569,-43.998854,-43.989302,-43.922934
1554.0438,-43.999091,-43.998531,-43.998853,-43.999791,-43.999415,-43.99961,-43.998796,-43.989052,-43.923561
1554.0469,-43.999316,-43.99836,-43.998796,-43.999714,-43.999335,-43.999656,-43.998756,-43.988798,-43.924217
1554.05,-43.999502,-43.99822,-43.998767,-43.999621,-43.999267,-43.999703,-43.998736,-43.98856,-43.92495
1554.0531,-43.999641,-43.998119,-43.998769,-43.999519,-43.999214,-43.999747,-43.998735,-43.988357,-43.925799
1554.0563,-43.999725,-43.998062,-43.998802,-43.999412,-43.99918,-43.999787,-43.998753,-43.988206,-43.926799
1554.0594,-43.999749,-43.998053,-43.998862,-43.999307,-43.999167,-43.999818,-43.998789,-43.988119,-43.927975
1554.0625,-43.999712,-43.998092,-43.998948,-43.99921,-43.999174,-43.999839,-43.998841,-43.988108,-43.929343
1554.0656,-43.999617,-43.998177,-43.999055,-43.999125,-43.999202,-43.999848,-43.998905,-43.98818,-43.930911
1554.0687,-43.999468,-43.998303,-43.999176,-43.999058,-43.999249,-43.999845,-43.99898,-43.988338,-43.932676
1554.0719,-43.999275,-43.998464,-43.999304,-43.999011,-43.999313,-43.999829,-43.999063,-43.988581,-43.93463
1554.075,-43.999047,-43.99865,-43.999434,-43.998989,-43.99939,-43.999802,-43.99915,-43.988908,-43.936752
1554.0781,-43.998798,-43.998851,-43.999557,-43.998991,-43.999475,-43.999765,-43.999239,-43.989311,-43.939017
1554.0812,-43.998542,-43.999056,-43.999667,-43.999018,-43.999564,-43.999721,-43.999328,-43.989781,-43.941394
1554.0844,-43.998292,-43.999254,-43.999759,-43.999069,-43.999651,-43.999672,-43.999414,-43.990306,-43.943845
1554.0875,-43.998063,-43.999434,-43.999826,-43.99914,-43.999732,-43.999622,-43.999497,-43.990874,-43.946333
1554.0906,-43.997867,-43.999586,-43.999866,-43.999227,-43.999802,-43.999574,-43.999575,-43.991468,-43.948814
1554.0938,-43.997715,-43.999702,-43.999876,-43.999326,-43.999857,-43.999532,-43.999646,-43.992075,-43.951248
1554.0969,-43.997615,-43.999776,-43.999856,-43.999432,-43.999893,-43.999498,-43.999712,-43.992678,-43.953596
1554.1,-43.997573,-43.999804,-43.999807,-43.999538,-43.999909,-43.999475,-43.99977,-43.993262,-43.955818
1554.1031,-43.997591,-43.999784,-43.999732,-43.999639,-43.999903,-43.999465,-43.999821,-43.993813,-43.957884
1554.1063,-43.997668,-43.999717,-43.999635,-43.999729,-43.999876,-43.999468,-43.999864,-43.994318,-43.959764
1554.1094,-43.997799,-43.999608,-43.999522,-43.999804,-43.999828,-43.999486,-43.9999,-43.994765,-43.961437
1554.1125,-43.997978,-43.999462,-43.999399,-43.999858,-43.999762,-43.999516,-43.999928,-43.995146,-43.962887
1554.1156,-43.998195,-43.999289,-43.999273,-43.99989,-43.999683,-43.999558,-43.999948,-43.995453,-43.964107
1554.1188,-43.998437,-43.999096,-43.99915,-43.999897,-43.999593,-43.999609,-43.999959,-43.995682,-43.965094
1554.1219,-43.998692,-43.998896,-43.999038,-43.999879,-43.999498,-43.999666,-43.999961,-43.995831,-43.965856
1554.125,-43.998945,-43.998698,-43.998944,-43.999837,-43.999403,-43.999725,-43.999953,-43.995899,-43.966405
1554.1281,-43.999182,-43.998515,-43.998871,-43.999774,-43.999313,-43.999783,-43.999935,-43.995892,-43.96676
1554.1312,-43.999391,-43.998356,-43.998824,-43.999693,-43.999234,-43.999835,-43.999905,-43.995812,-43.966944
1554.1344,-43.999561,-43.99823,-43.998806,-43.999598,-43.999168,-43.999877,-43.999863,-43.995667,-43.966985
1554.1375,-43.999681,-43.998144,-43.998817,-43.999494,-43.999121,-43.999906,-43.99981,-43.995467,-43.966915
1554.1406,-43.999745,-43.998103,-43.998858,-43.999388,-43.999094,-43.99992,-43.999745,-43.995221,-43.966768
1554.1437,-43.999751,-43.998108,-43.998925,-43.999285,-43.99909,-43.999916,-43.999668,-43.994941,-43.966576
1554.1469,-43.999697,-43.99816,-43.999015,-43.999191,-43.999107,-43.999894,-43.999581,-43.994639,-43.966376
1554.15,-43.999588,-43.998255,-43.999123,-43.99911,-43.999147,-43.999852,-43.999486,-43.994327,-43.966198
1554.1531,-43.999429,-43.998389,-43.999244,-43.999048,-43.999205,-43.999793,-43.999384,-43.994019,-43.966073
1554.1562,-43.999229,-43.998554,-43.999369,-43.999007,-43.99928,-43.999718,-43.999278,-43.993725,-43.966027
1554.1594,-43.999,-43.998741,-43.999493,-43.998991,-43.999366,-43.999631,-43.999171,-43.993457,-43.966084
1554.1625,-43.998754,-43.998939,-43.999609,-43.998999,-43.99946,-43.999534,-43.999067,-43.993226,-43.966259
1554.1656,-43.998504,-43.999138,-43.99971,-43.999031,-43.999556,-43.999433,-43.998968,-43.993041,-43.966566
1554.1688,-43.998265,-43.999327,-43.999791,-43.999086,-43.999649,-43.999332,-43.998879,-43.992907,-43.967011
1554.1719,-43.99805,-43.999495,-43.999847,-43.999161,-43.999733,-43.999236,-43.998804,-43.992832,-43.967595
1554.175,-43.99787,-43.999634,-43.999876,-43.999251,-43.999804,-43.99915,-43.998745,-43.992817,-43.968313
1554.1781,-43.997736,-43.999736,-43.999875,-43.999351,-43.999859,-43.999078,-43.998705,-43.992865,-43.969155
1554.1813,-43.997655,-43.999795,-43.999845,-43.999457,-43.999893,-43.999024,-43.998687,-43.992974,-43.970106
1554.1844,-43.997632,-43.999808,-43.999788,-43.999561,-43.999906,-43.998991,-43.998691,-43.99314,-43.971148
1554.1875,-43.997666,-43.999774,-43.999707,-43.99966,-43.999896,-43.998981,-43.998718,-43.99336,-43.972258
1554.1906,-43.997758,-43.999697,-43.999606,-43.999747,-43.999863,-43.998994,-43.998767,-43.993625,-43.97341
1554.1937,-43.997901,-43.999579,-43.999491,-43.999817,-43.99981,-43.99903,-43.998836,-43.993927,-43.974578
1554.1969,-43.998088,-43.999428,-43.999369,-43.999867,-43.999739,-43.999086,-43.998923,-43.994255,-43.975733
1554.2,-43.998308,-43.999252,-43.999246,-43.999895,-43.999654,-43.999161,-43.999023,-43.994599,-43.976849
1554.2031,-43.998549,-43.999061,-43.999128,-43.999898,-43.99956,-43.99925,-43.999132,-43.994945,-43.977899
1554.2062,-43.998798,-43.998865,-43.999023,-43.999877,-43.999461,-43.999349,-43.999245,-43.995282,-43.978858
1554.2094,-43.999042,-43.998676,-43.998937,-43.999833,-43.999364,-43.999452,-43.999356,-43.995598,-43.979705
1554.2125,-43.999266,-43.998503,-43.998873,-43.999769,-43.999272,-43.999554,-43.999459,-43.995879,-43.980424
1554.2156,-43.99946,-43.998357,-43.998836,-43.999688,-43.999192,-43.999649,-43.999548,-43.996117,-43.980999
1554.2188,-43.999611,-43.998245,-43.998828,-43.999594,-43.999127,-43.999732,-43.999618,-43.996301,-43.981423
1554.2219,-43.999713,-43.998173,-43.998849,-43.999493,-43.999082,-43.999798,-43.999663,-43.996423,-43.981692
1554.225,-43.999759,-43.998146,-43.998897,-43.999391,-43.999057,-43.999843,-43.999681,-43.996478,-43.981808
1554.2281,-43.999747,-43.998165,-43.998971,-43.999293,-43.999056,-43.999865,-43.999669,-43.996463,-43.981777
1554.2313,-43.999679,-43.998228,-43.999065,-43.999205,-43.999077,-43.999861,-43.999624,-43.996376,-43.981612
1554.2344,-43.999557,-43.998333,-43.999176,-43.999131,-43.999121,-43.999831,-43.999548,-43.99622,-43.981327
1554.2375,-43.999389,-43.998473,-43.999296,-43.999075,-43.999183,-43.999777,-43.999441,-43.995999,-43.980944
1554.2406,-43.999185,-43.998641,-43.99942,-43.999041,-43.999262,-43.9997,-43.999307,-43.99572,-43.980485
1554.2438,-43.998955,-43.998828,-43.99954,-43.99903,-43.999352,-43.999604,-43.99915,-43.995391,-43.979975
1554.2469,-43.998712,-43.999023,-43.999649,-43.999043,-43.999449,-43.999494,-43.998975,-43.995025,-43.979442
1554.25,-43.99847,-43.999215,-43.999743,-43.999079,-43.999548,-43.999373,-43.998789,-43.994632,-43.978912
1554.2531,-43.998243,-43.999394,-43.999815,-43.999137,-43.999643,-43.99925,-43.9986,-43.994228,-43.978412
1554.2562,-43.998042,-43.999551,-43.999862,-43.999212,-43.999729,-43.999128,-43.998414,-43.993827,-43.977968
1554.2594,-43.997879,-43.999676,-43.999881,-43.999301,-43.999802,-43.999015,-43.99824,-43.993442,-43.977603
1554.2625,-43.997763,-43.999764,-43.999872,-43.9994,-43.999857,-43.998916,-43.998085,-43.993089,-43.977335
1554.2656,-43.9977,-43.999808,-43.999834,-43.999501,-43.999892,-43.998836,-43.997954,-43.992779,-43.977181
1554.2687,-43.997693,-43.999807,-43.99977,-43.999601,-43.999906,-43.998778,-43.997854,-43.992526,-43.977152
1554.2719,-43.997744,-43.999762,-43.999684,-43.999694,-43.999896,-43.998746,-43.99779,-43.992337,-43.977254
1554.275,-43.997849,-43.999674,-43.99958,-43.999774,-43.999865,-43.998742,-43.997763,-43.99222,-43.977489
1554.2781,-43.998001,-43.999549,-43.999465,-43.999837,-43.999813,-43.998765,-43.997775,-43.992179,-43.977854
1554.2812,-43.998194,-43.999393,-43.999343,-43.999881,-43.999744,-43.998814,-43.997825,-43.992215,-43.978338
1554.2844,-43.998416,-43.999216,-43.999224,-43.999902,-43.999662,-43.998888,-43.997911,-43.992328,-43.978929
1554.2875,-43.998655,-43.999027,-43.999111,-43.9999,-43.99957,-43.998981,-43.998029,-43.992511,-43.97961
1554.2906,-43.998898,-43.998837,-43.999013,-43.999875,-43.999475,-43.99909,-43.998173,-43.992758,-43.980359
1554.2938,-43.999132,-43.998656,-43.998935,-43.999828,-43.999381,-43.99921,-43.998337,-43.993059,-43.981153
1554.2969,-43.999343,-43.998494,-43.99888,-43.999762,-43.999293,-43.999333,-43.998514,-43.993401,-43.981967
1554.3,-43.999521,-43.998361,-43.998852,-43.999682,-43.999216,-43.999454,-43.998694,-43.993771,-43.982774
1554.3031,-43.999655,-43.998262,-43.998852,-43.999591,-43.999155,-43.999568,-43.998871,-43.994154,-43.98355
1554.3063,-43.999739,-43.998205,-43.998881,-43.999494,-43.999113,-43.999668,-43.999035,-43.994533,-43.984269
1554.3094,-43.999768,-43.998191,-43.998936,-43.999398,-43.999092,-43.99975,-43.999179,-43.994893,-43.984911
1554.3125,-43.99974,-43.998223,-43.999015,-43.999307,-43.999092,-43.999809,-43.999296,-43.995221,-43.985455
1554.3156,-43.999657,-43.998297,-43.999113,-43.999226,-43.999115,-43.999844,-43.999381,-43.995502,-43.985886
1554.3187,-43.999524,-43.99841,-43.999225,-43.99916,-43.999158,-43.999852,-43.999431,-43.995725,-43.986195
1554.3219,-43.999349,-43.998556,-43.999344,-43.999113,-43.99922,-43.999834,-43.999442,-43.995881,-43.986375
1554.325,-43.999141,-43.998726,-43.999465,-43.999087,-43.999297,-43.999791,-43.999415,-43.995965,-43.986425
1554.3281,-43.998911,-43.998911,-43.999581,-43.999083,-43.999385,-43.999726,-43.999351,-43.995972,-43.986351
1554.3312,-43.998673,-43.999102,-43.999684,-43.999103,-43.999479,-43.999642,-43.999254,-43.995904,-43.986161
1554.3344,-43.99844,-43.999287,-43.99977,-43.999143,-43.999574,-43.999544,-43.999128,-43.995764,-43.98587
1554.3375,-43.998225,-43.999456,-43.999835,-43.999204,-43.999665,-43.999437,-43.998979,-43.995558,-43.985495
1554.3406,-43.998038,-43.999601,-43.999873,-43.99928,-43.999747,-43.999327,-43.998814,-43.995296,-43.985058
1554.3438,-43.997892,-43.999713,-43.999884,-43.999368,-43.999816,-43.99922,-43.998642,-43.994989,-43.984582
1554.3469,-43.997793,-43.999786,-43.999866,-43.999463,-43.999868,-43.999122,-43.998471,-43.994651,-43.984092
1554.35,-43.997748,-43.999817,-43.999822,-43.999559,-43.9999,-43.999037,-43.998309,-43.994298,-43.983614
1554.3531,-43.997758,-43.999804,-43.999752,-43.999652,-43.999911,-43.998971,-43.998163,-43.993944,-43.983172
1554.3563,-43.997823,-43.999747,-43.999662,-43.999737,-43.999901,-43.998926,-43.998042,-43.993607,-43.98279
1554.3594,-43.997939,-43.99965,-43.999556,-43.999808,-43.999871,-43.998904,-43.99795,-43.9933,-43.982488
1554.3625,-43.998101,-43.999518,-43.99944,-43.999862,-43.999821,-43.998908,-43.997892,-43.993038,-43.982284
1554.3656,-43.998298,-43.999359,-43.999321,-43.999896,-43.999756,-43.998936,-43.997871,-43.992833,-43.982191
1554.3688,-43.998521,-43.999182,-43.999205,-43.999907,-43.999678,-43.998988,-43.997888,-43.992695,-43.982218
1554.3719,-43.998757,-43.998996,-43.999098,-43.999897,-43.999593,-43.99906,-43.997943,-43.99263,-43.982369
1554.375,-43.998992,-43.998812,-43.999006,-43.999865,-43.999504,-43.999148,-43.998033,-43.992642,-43.982643
1554.3781,-43.999215,-43.99864,-43.998935,-43.999812,-43.999418,-43.999249,-43.998154,-43.992733,-43.983034
1554.3812,-43.999413,-43.998489,-43.998888,-43.999743,-43.999338,-43.999357,-43.998301,-43.9929,-43.983533
1554.3844,-43.999575,-43.998368,-43.998868,-43.999661,-43.99927,-43.999468,-43.998468,-43.993136,-43.984124
1554.3875,-43.999693,-43.998283,-43.998876,-43.99957,-43.999217,-43.999574,-43.998647,-43.993435,-43.984789
1554.3906,-43.999759,-43.998239,-43.998911,-43.999476,-43.999182,-43.999672,-43.998832,-43.993785,-43.985509
1554.3937,-43.999771,-43.998239,-43.998972,-43.999384,-43.999166,-43.999758,-43.999013,-43.994173,-43.986259
1554.3969,-43.999728,-43.998282,-43.999055,-43.999299,-43.999172,-43.999826,-43.999185,-43.994586,-43.987018
1554.4,-43.999632,-43.998366,-43.999156,-43.999225,-43.999197,-43.999875,-43.999341,-43.995009,-43.987761
1554.4031,-43.99949,-43.998486,-43.999268,-43.999167,-43.999242,-43.999903,-43.999474,-43.995426,-43.988466
1554.4062,-43.999309,-43.998636,-43.999387,-43.999129,-43.999303,-43.999909,-43.99958,-43.995823,-43.989113
1554.4094,-43.999098,-43.998808,-43.999505,-43.999111,-43.999377,-43.999894,-43.999657,-43.996188,-43.989683
1554.4125,-43.99887,-43.998991,-43.999616,-43.999116,-43.99946,-43.999859,-43.999701,-43.996507,-43.990163
1554.4156,-43.998638,-43.999176,-43.999714,-43.999142,-43.999547,-43.999808,-43.999715,-43.996773,-43.990541
1554.4188,-43.998414,-43.999354,-43.999793,-43.999189,-43.999634,-43.999744,-43.999698,-43.996977,-43.990812
1554.4219,-43.998211,-43.999513,-43.99985,-43.999253,-43.999716,-43.999671,-43.999653,-43.997115,-43.990974
1554.425,-43.998039,-43.999646,-43.999881,-43.999332,-43.999788,-43.999593,-43.999586,-43.997187,-43.99103
1554.4281,-43.997909,-43.999745,-43.999885,-43.99942,-43.999847,-43.999516,-43.9995,-43.997192,-43.990987
1554.4313,-43.997827,-43.999805,-43.999861,-43.999513,-43.999889,-43.999444,-43.999401,-43.997137,-43.990856
1554.4344,-43.997798,-43.999822,-43.999811,-43.999606,-43.999912,-43.999381,-43.999296,-43.997027,-43.990652
1554.4375,-43.997824,-43.999797,-43.999738,-43.999694,-43.999916,-43.999331,-43.999191,-43.996872,-43.990391
1554.4406,-43.997902,-43.999729,-43.999646,-43.999772,-43.999899,-43.999296,-43.999092,-43.996682,-43.990093
1554.4437,-43.998029,-43.999624,-43.99954,-43.999835,-43.999863,-43.999279,-43.999004,-43.996468,-43.989778
1554.4469,-43.998198,-43.999487,-43.999425,-43.99988,-43.99981,-43.99928,-43.998932,-43.996245,-43.989466
1554.45,-43.998399,-43.999326,-43.999309,-43.999905,-43.999744,-43.999299,-43.99888,-43.996024,-43.989178
1554.4531,-43.998621,-43.99915,-43.999198,-43.999908,-43.999667,-43.999335,-43.998851,-43.995817,-43.988931
1554.4562,-43.998853,-43.998968,-43.999097,-43.999889,-43.999585,-43.999385,-43.998846,-43.995637,-43.988743
1554.4594,-43.999081,-43.99879,-43.999013,-43.99985,-43.999502,-43.999447,-43.998864,-43.995493,-43.988627
1554.4625,-43.999292,-43.998627,-43.99895,-43.999792,-43.999422,-43.999517,-43.998906,-43.995393,-43.988593
1554.4656,-43.999477,-43.998488,-43.998911,-43.999718,-43.999351,-43.999592,-43.998968,-43.995344,-43.988649
1554.4688,-43.999623,-43.998379,-43.998898,-43.999634,-43.999292,-43.999666,-43.999049,-43.995348,-43.988797
1554.4719,-43.999724,-43.998307,-43.998913,-43.999543,-43.999248,-43.999736,-43.999143,-43.995409,-43.989037
1554.475,-43.999774,-43.998277,-43.998954,-43.99945,-43.999221,-43.999799,-43.999247,-43.995525,-43.989364
1554.4781,-43.99977,-43.998288,-43.999019,-43.999361,-43.999214,-43.999851,-43.999355,-43.995692,-43.989771
1554.4813,-43.999713,-43.998342,-43.999105,-43.99928,-43.999227,-43.999889,-43.999464,-43.995907,-43.990246
1554.4844,-43.999606,-43.998435,-43.999207,-43.999213,-43.999259,-43.999911,-43.999568,-43.99616,-43.990777
1554.4875,-43.999455,-43.998561,-43.999318,-43.999162,-43.999308,-43.999918,-43.999664,-43.996446,-43.991348
1554.4906,-43.999268,-43.998714,-43.999434,-43.999131,-43.999371,-43.999908,-43.999748,-43.996753,-43.991942
1554.4938,-43.999057,-43.998886,-43.999548,-43.999121,-43.999445,-43.999884,-43.999818,-43.997073,-43.992544
1554.4969,-43.998832,-43.999067,-43.999653,-43.999133,-43.999526,-43.999846,-43.999872,-43.997395,-43.993135
1554.5,-43.998606,-43.999247,-43.999744,-43.999166,-43.999609,-43.999798,-43.999909,-43.99771,-43.9937
1554.5031,-43.998392,-43.999416,-43.999816,-43.999218,-43.99969,-43.999742,-43.999929,-43.998008,-43.994224
1554.5062,-43.998202,-43.999565,-43.999865,-43.999287,-43.999764,-43.999683,-43.999934,-43.998281,-43.994695
1554.5094,-43.998045,-43.999685,-43.999888,-43.999368,-43.999826,-43.999624,-43.999925,-43.998523,-43.995102
1554.5125,-43.99793,-43.999772,-43.999884,-43.999458,-43.999875,-43.999569,-43.999904,-43.998728,-43.995438
1554.5156,-43.997865,-43.999818,-43.999854,-43.99955,-43.999906,-43.999521,-43.999874,-43.998893,-43.995698
1554.5187,-43.997852,-43.999824,-43.9998,-43.999641,-43.999919,-43.999483,-43.999839,-43.999015,-43.995881
1554.5219,-43.997892,-43.999787,-43.999724,-43.999725,-43.999912,-43.999458,-43.999801,-43.999095,-43.995988
1554.525,-43.997982,-43.99971,-43.99963,-43.999797,-43.999886,-43.999447,-43.999764,-43.999134,-43.996023
1554.5281,-43.998119,-43.999598,-43.999524,-43.999854,-43.999843,-43.999451,-43.99973,-43.999135,-43.995992
1554.5312,-43.998293,-43.999457,-43.999413,-43.999892,-43.999784,-43.999469,-43.999701,-43.999102,-43.995905
1554.5344,-43.998497,-43.999294,-43.999301,-43.99991,-43.999713,-43.999501,-43.99968,-43.99904,-43.995771
1554.5375,-43.998718,-43.999119,-43.999195,-43.999905,-43.999634,-43.999544,-43.999666,-43.998954,-43.995603
1554.5406,-43.998944,-43.998942,-43.999101,-43.999879,-43.999552,-43.999596,-43.999661,-43.998852,-43.995412
1554.5438,-43.999163,-43.998772,-43.999025,-43.999834,-43.99947,-43.999654,-43.999664,-43.998739,-43.995212
1554.5469,-43.999363,-43.998618,-43.99897,-43.99977,-43.999394,-43.999713,-43.999675,-43.998623,-43.995014
1554.55,-43.999534,-43.99849,-43.998939,-43.999693,-43.999328,-43.999771,-43.999691,-43.998508,-43.994831
1554.5531,-43.999665,-43.998393,-43.998934,-43.999606,-43.999275,-43.999824,-43.999711,-43.998401,-43.994673
1554.5563,-43.999749,-43.998334,-43.998956,-43.999514,-43.999238,-43.999868,-43.999733,-43.998306,-43.994548
1554.5594,-43.999783,-43.998316,-43.999003,-43.999422,-43.99922,-43.9999,-43.999754,-43.998227,-43.994466
1554.5625,-43.999765,-43.998339,-43.999072,-43.999335,-43.999221,-43.999919,-43.999774,-43.998168,-43.99443
1554.5656,-43.999695,-43.998403,-43.99916,-43.999258,-43.999241,-43.999922,-43.999789,-43.998131,-43.994444
1554.5687,-43.999577,-43.998503,-43.999262,-43.999196,-43.999279,-43.999909,-43.999798,-43.998116,-43.99451
1554.5719,-43.999419,-43.998635,-43.999372,-43.99915,-43.999333,-43.999881,-43.999801,-43.998124,-43.994627
1554.575,-43.999229,-43.998791,-43.999484,-43.999125,-43.999401,-43.999839,-43.999796,-43.998155,-43.994792
1554.5781,-43.999018,-43.998962,-43.999592,-43.999122,-43.999477,-43.999784,-43.999784,-43.998206,-43.995002
1554.5812,-43.998797,-43.999139,-43.999691,-43.999139,-43.999559,-43.99972,-43.999766,-43.998278,-43.995251
1554.5844,-43.998578,-43.999312,-43.999774,-43.999178,-43.999641,-43.999651,-43.999743,-43.998366,-43.995532
1554.5875,-43.998374,-43.999473,-43.999837,-43.999235,-43.99972,-43.999579,-43.999715,-43.998469,-43.995836
1554.5906,-43.998196,-43.999611,-43.999878,-43.999307,-43.99979,-43.999508,-43.999687,-43.998583,-43.996156
1554.5938,-43.998054,-43.99972,-43.999893,-43.999391,-43.999847,-43.999444,-43.999659,-43.998706,-43.996483
1554.5969,-43.997955,-43.999794,-43.999882,-43.999482,-43.99989,-43.999389,-43.999633,-43.998833,-43.996809
1554.6,-43.997906,-43.999828,-43.999845,-43.999574,-43.999914,-43.999346,-43.999613,-43.998964,-43.997124
1554.6031,-43.997907,-43.999822,-43.999786,-43.999663,-43.99992,-43.999318,-43.9996,-43.999093,-43.99742
1554.6063,-43.997961,-43.999774,-43.999706,-43.999744,-43.999906,-43.999307,-43.999595,-43.999218,-43.997691
1554.6094,-43.998062,-43.999689,-43.999611,-43.999813,-43.999873,-43.999313,-43.999599,-43.999337,-43.997929
1554.6125,-43.998207,-43.999571,-43.999506,-43.999865,-43.999824,-43.999336,-43.999613,-43.999447,-43.998131
1554.6156,-43.998387,-43.999426,-43.999396,-43.999899,-43.999761,-43.999375,-43.999636,-43.999545,-43.99829
1554.6188,-43.998591,-43.999263,-43.999288,-43.999911,-43.999687,-43.999427,-43.999668,-43.99963,-43.998406
1554.6219,-43.99881,-43.999091,-43.999188,-43.999902,-43.999606,-43.99949,-43.999706,-43.999699,-43.998475
1554.625,-43.99903,-43.998918,-43.999102,-43.999872,-43.999524,-43.999561,-43.999749,-43.999752,-43.998499
1554.6281,-43.99924,-43.998756,-43.999033,-43.999822,-43.999443,-43.999635,-43.999793,-43.999785,-43.998477
1554.6312,-43.999428,-43.998612,-43.998986,-43.999756,-43.99937,-43.999707,-43.999836,-43.999799,-43.998412
1554.6344,-43.999585,-43.998495,-43.998964,-43.999677,-43.999308,-43.999775,-43.999875,-43.999793,-43.998308
1554.6375,-43.9997,-43.99841,-43.998967,-43.99959,-43.99926,-43.999834,-43.999907,-43.999766,-43.998168
1554.6406,-43.99977,-43.998364,-43.998995,-43.999498,-43.999229,-43.999879,-43.999928,-43.999718,-43.997999
1554.6437,-43.999788,-43.998357,-43.999048,-43.999408,-43.999216,-43.999909,-43.999937,-43.99965,-43.997806
1554.6469,-43.999756,-43.998391,-43.999121,-43.999324,-43.999223,-43.999922,-43.999931,-43.999564,-43.997595
1554.65,-43.999674,-43.998464,-43.999211,-43.999251,-43.999249,-43.999916,-43.99991,-43.99946,-43.997375
1554.6531,-43.999547,-43.998571,-43.999313,-43.999192,-43.999292,-43.999891,-43.999872,-43.999341,-43.997151
1554.6562,-43.999383,-43.998707,-43.999421,-43.999152,-43.999351,-43.999848,-43.999819,-43.999209,-43.996932
1554.6594,-43.999191,-43.998864,-43.99953,-43.999132,-43.999422,-43.999789,-43.999752,-43.999069,-43.996724
1554.6625,-43.99898,-43.999034,-43.999633,-43.999133,-43.9995,-43.999716,-43.999673,-43.998923,-43.996535
1554.6656,-43.998764,-43.999207,-43.999725,-43.999155,-43.999583,-43.999635,-43.999585,-43.998776,-43.99637
1554.6688,-43.998553,-43.999374,-43.999801,-43.999197,-43.999664,-43.999547,-43.999492,-43.998632,-43.996235
1554.6719,-43.99836,-43.999525,-43.999856,-43.999257,-43.99974,-43.999459,-43.999397,-43.998495,-43.996135
1554.675,-43.998195,-43.999653,-43.999888,-43.999331,-43.999807,-43.999374,-43.999305,-43.998371,-43.996072
1554.6781,-43.998067,-43.999751,-43.999895,-43.999415,-43.999861,-43.999297,-43.99922,-43.998262,-43.996049
1554.6813,-43.997984,-43.999812,-43.999876,-43.999505,-43.999898,-43.999232,-43.999147,-43.998174,-43.996067
1554.6844,-43.997949,-43.999834,-43.999833,-43.999596,-43.999918,-43.999183,-43.999088,-43.998109,-43.996125
1554.6875,-43.997965,-43.999817,-43.999769,-43.999683,-43.999918,-43.999151,-43.999046,-43.998069,-43.996222
1554.6906,-43.998031,-43.99976,-43.999686,-43.999761,-43.999899,-43.999139,-43.999025,-43.998057,-43.996353
1554.6937,-43.998142,-43.999667,-43.99959,-43.999827,-43.999862,-43.999147,-43.999024,-43.998073,-43.996515
1554.6969,-43.998294,-43.999544,-43.999485,-43.999875,-43.999809,-43.999176,-43.999045,-43.998117,-43.996701
1554.7,-43.998477,-43.999396,-43.999378,-43.999905,-43.999743,-43.999223,-43.999086,-43.998186,-43.996904
1554.7031,-43.998682,-43.999234,-43.999274,-43.999913,-43.999667,-43.999286,-43.999145,-43.998279,-43.997118
1554.7062,-43.998897,-43.999064,-43.99918,-43.999901,-43.999586,-43.999361,-43.999219,-43.998391,-43.997333
1554.7094,-43.999111,-43.998898,-43.9991,-43.999869,-43.999504,-43.999445,-43.999305,-43.998517,-43.99754
1554.7125,-43.999311,-43.998743,-43.999039,-43.999818,-43.999425,-43.999534,-43.999398,-43.998653,-43.997732
1554.7156,-43.999487,-43.998609,-43.999,-43.999752,-43.999354,-43.999621,-43.999494,-43.998791,-43.9979
1554.7188,-43.99963,-43.998503,-43.998986,-43.999674,-43.999296,-43.999704,-43.999586,-43.998926,-43.998036
1554.7219,-43.999731,-43.99843,-43.998996,-43.999589,-43.999252,-43.999777,-43.999671,-43.999051,-43.998135
1554.725,-43.999785,-43.998395,-43.999031,-43.999501,-43.999225,-43.999837,-43.999743,-43.999159,-43.998189
1554.7281,-43.999789,-43.9984,-43.999089,-43.999415,-43.999217,-43.999879,-43.999798,-43.999245,-43.998197
1554.7313,-43.999744,-43.998444,-43.999166,-43.999336,-43.999229,-43.999903,-43.999833,-43.999303,-43.998155
1554.7344,-43.999651,-43.998525,-43.999258,-43.999268,-43.999259,-43.999906,-43.999846,-43.999329,-43.998064
1554.7375,-43.999517,-43.998638,-43.99936,-43.999215,-43.999306,-43.999888,-43.999834,-43.999321,-43.997924
1554.7406,-43.999347,-43.998777,-43.999467,-43.99918,-43.999367,-43.999851,-43.999799,-43.999277,-43.99774
1554.7438,-43.999153,-43.998935,-43.999572,-43.999165,-43.99944,-43.999796,-43.999741,-43.999198,-43.997517
1554.7469,-43.998945,-43.999103,-43.99967,-43.999171,-43.999519,-43.999725,-43.999662,-43.999084,-43.997262
1554.75,-43.998734,-43.999271,-43.999756,-43.999196,-43.999601,-43.999644,-43.999565,-43.998939,-43.996983
1554.7531,-43.998532,-43.999431,-43.999824,-43.999241,-43.999682,-43.999555,-43.999456,-43.998768,-43.99669
1554.7562,-43.99835,-43.999573,-43.999871,-43.999302,-43.999756,-43.999464,-43.999338,-43.998577,-43.996394
1554.7594,-43.998198,-43.999691,-43.999895,-43.999376,-43.99982,-43.999375,-43.999218,-43.998372,-43.996104
1554.7625,-43.998084,-43.999777,-43.999894,-43.999459,-43.999871,-43.999294,-43.999101,-43.998161,-43.995831
1554.7656,-43.998015,-43.999826,-43.999868,-43.999546,-43.999905,-43.999223,-43.998992,-43.997952,-43.995586
1554.7687,-43.997995,-43.999837,-43.999819,-43.999633,-43.99992,-43.999168,-43.998897,-43.997754,-43.995378
1554.7719,-43.998024,-43.999809,-43.999749,-43.999715,-43.999917,-43.99913,-43.99882,-43.997574,-43.995214
1554.775,-43.998101,-43.999744,-43.999663,-43.999787,-43.999895,-43.999112,-43.998765,-43.99742,-43.9951
1554.7781,-43.998222,-43.999644,-43.999565,-43.999846,-43.999856,-43.999115,-43.998734,-43.997298,-43.995042
1554.7812,-43.998379,-43.999516,-43.999461,-43.999889,-43.999801,-43.999138,-43.998729,-43.997212,-43.99504
1554.7844,-43.998565,-43.999367,-43.999356,-43.999912,-43.999734,-43.999181,-43.998751,-43.997167,-43.995096
1554.7875,-43.99877,-43.999206,-43.999256,-43.999916,-43.999658,-43.999241,-43.998797,-43.997164,-43.995205
1554.7906,-43.99898,-43.99904,-43.999167,-43.999899,-43.999578,-43.999315,-43.998867,-43.997203,-43.995365
1554.7938,-43.999187,-43.998879,-43.999093,-43.999864,-43.999498,-43.999399,-43.998956,-43.997283,-43.995567
1554.7969,-43.999377,-43.998733,-43.999039,-43.999811,-43.999422,-43.999488,-43.999061,-43.997399,-43.995805
1554.8,-43.999541,-43.998609,-43.999007,-43.999744,-43.999355,-43.999579,-43.999176,-43.997548,-43.996067
1554.8031,-43.99967,-43.998513,-43.999,-43.999667,-43.9993,-43.999666,-43.999295,-43.997721,-43.996342
1554.8063,-43.999756,-43.998452,-43.999017,-43.999584,-43.99926,-43.999745,-43.999414,-43.997912,-43.996621
1554.8094,-43.999796,-43.998429,-43.999058,-43.9995,-43.999238,-43.999813,-43.999525,-43.998113,-43.996889
1554.8125,-43.999787,-43.998444,-43.99912,-43.999419,-43.999234,-43.999865,-43.999625,-43.998314,-43.997138
1554.8156,-43.999729,-43.998497,-43.999201,-43.999346,-43.999249,-43.999899,-43.999709,-43.998506,-43.997356
1554.8187,-43.999627,-43.998586,-43.999295,-43.999285,-43.999282,-43.999915,-43.999772,-43.998683,-43.997534
1554.8219,-43.999485,-43.998704,-43.999397,-43.999239,-43.999331,-43.99991,-43.999813,-43.998835,-43.997665
1554.825,-43.999312,-43.998846,-43.999503,-43.999211,-43.999394,-43.999887,-43.999829,-43.998957,-43.997744
1554.8281,-43.999117,-43.999004,-43.999605,-43.999202,-43.999466,-43.999846,-43.99982,-43.999043,-43.997768
1554.8312,-43.998912,-43.999169,-43.999699,-43.999213,-43.999545,-43.99979,-43.999788,-43.999091,-43.997736
1554.8344,-43.998707,-43.999332,-43.999779,-43.999243,-43.999625,-43.999723,-43.999734,-43.999098,-43.99765
1554.8375,-43.998513,-43.999484,-43.999841,-43.99929,-43.999703,-43.999647,-43.999661,-43.999065,-43.997515
1554.8406,-43.998343,-43.999617,-43.999882,-43.999353,-43.999774,-43.999569,-43.999574,-43.998993,-43.997336
1554.8438,-43.998204,-43.999724,-43.999899,-43.999427,-43.999835,-43.999491,-43.999477,-43.998888,-43.997123
1554.8469,-43.998104,-43.999799,-43.999891,-43.999508,-43.999881,-43.999418,-43.999376,-43.998754,-43.996884
1554.85,-43.99805,-43.999837,-43.99986,-43.999592,-43.999911,-43.999355,-43.999276,-43.998597,-43.996632
1554.8531,-43.998043,-43.999837,-43.999807,-43.999674,-43.999924,-43.999305,-43.999183,-43.998426,-43.996376
1554.8563,-43.998084,-43.9998,-43.999734,-43.99975,-43.999918,-43.999269,-43.9991,-43.998249,-43.99613
1554.8594,-43.998172,-43.999726,-43.999646,-43.999816,-43.999893,-43.999252,-43.999033,-43.998074,-43.995904
1554.8625,-43.998301,-43.99962,-43.999548,-43.999868,-43.999852,-43.999252,-43.998984,-43.99791,-43.995709
1554.8656,-43.998463,-43.999489,-43.999445,-43.999902,-43.999797,-43.99927,-43.998957,-43.997764,-43.995553
1554.8688,-43.998651,-43.999339,-43.999342,-43.999918,-43.999731,-43.999306,-43.998953,-43.997644,-43.995445
1554.8719,-43.998853,-43.999179,-43.999246,-43.999915,-43.999657,-43.999357,-43.998971,-43.997556,-43.995389
1554.875,-43.999059,-43.999018,-43.999162,-43.999893,-43.99958,-43.99942,-43.999011,-43.997503,-43.995388
1554.8781,-43.999258,-43.998864,-43.999095,-43.999852,-43.999504,-43.999492,-43.999072,-43.997489,-43.995444
1554.8812,-43.999438,-43.998726,-43.999047,-43.999796,-43.999432,-43.999569,-43.999148,-43.997514,-43.995555
1554.8844,-43.999589,-43.998611,-43.999022,-43.999727,-43.99937,-43.999647,-43.999239,-43.997578,-43.995717
1554.8875,-43.999705,-43.998527,-43.999021,-43.99965,-43.999321,-43.999722,-43.999337,-43.997679,-43.995924
1554.8906,-43.999777,-43.998477,-43.999044,-43.999568,-43.999286,-43.999789,-43.99944,-43.997812,-43.996169
1554.8937,-43.999803,-43.998464,-43.99909,-43.999487,-43.999269,-43.999846,-43.999542,-43.997971,-43.996442
1554.8969,-43.999781,-43.998489,-43.999156,-43.99941,-43.99927,-43.99989,-43.999639,-43.998152,-43.996734
1554.9,-43.999712,-43.998551,-43.999239,-43.999343,-43.999288,-43.999918,-43.999726,-43.998346,-43.997033
1554.9031,-43.999601,-43.998646,-43.999334,-43.999288,-43.999324,-43.99993,-43.999799,-43.998545,-43.997329
1554.9062,-43.999453,-43.998768,-43.999435,-43.999249,-43.999374,-43.999924,-43.999856,-43.998743,-43.997611
1554.9094,-43.999277,-43.998912,-43.999538,-43.999227,-43.999437,-43.999902,-43.999896,-43.998932,-43.99787
1554.9125,-43.999083,-43.999069,-43.999637,-43.999225,-43.999509,-43.999865,-43.999916,-43.999105,-43.998097
1554.9156,-43.998881,-43.999231,-43.999726,-43.999242,-43.999585,-43.999816,-43.999917,-43.999256,-43.998286
1554.9188,-43.998683,-43.999388,-43.999801,-43.999277,-43.999662,-43.999758,-43.999899,-43.999381,-43.998432
1554.9219,-43.998499,-43.999533,-43.999856,-43.999329,-43.999735,-43.999694,-43.999866,-43.999476,-43.99853
1554.925,-43.998339,-43.999657,-43.999891,-43.999394,-43.999801,-43.999627,-43.99982,-43.999539,-43.998581
1554.9281,-43.998213,-43.999753,-43.999901,-43.999468,-43.999855,-43.999563,-43.999763,-43.99957,-43.998586
1554.9313,-43.998127,-43.999817,-43.999888,-43.999549,-43.999896,-43.999504,-43.999701,-43.99957,-43.998548
1554.9344,-43.998086,-43.999844,-43.999852,-43.999631,-43.99992,-43.999454,-43.999636,-43.999541,-43.998471
1554.9375,-43.998093,-43.999835,-43.999794,-43.999709,-43.999927,-43.999416,-43.999573,-43.999487,-43.998363
1554.9406,-43.998146,-43.999788,-43.999719,-43.99978,-43.999915,-43.999391,-43.999516,-43.999413,-43.99823
1554.9437,-43.998243,-43.999707,-43.99963,-43.99984,-43.999887,-43.999382,-43.999468,-43.999324,-43.998081
1554.9469,-43.998378,-43.999596,-43.999532,-43.999885,-43.999844,-43.999389,-43.999431,-43.999226,-43.997925
1554.95,-43.998545,-43.999462,-43.999431,-43.999912,-43.999787,-43.999411,-43.999408,-43.999124,-43.997771
1554.9531,-43.998733,-43.999312,-43.999332,-43.999921,-43.99972,-43.999447,-43.9994,-43.999025,-43.997628
1554.9562,-43.998933,-43.999154,-43.999241,-43.999911,-43.999647,-43.999495,-43.999407,-43.998935,-43.997502
1554.9594,-43.999134,-43.998998,-43.999162,-43.999882,-43.999573,-43.999553,-43.999428,-43.998858,-43.997402
1554.9625,-43.999324,-43.998851,-43.999101,-43.999837,-43.9995,-43.999616,-43.999463,-43.998798,-43.997333
1554.9656,-43.999493,-43.998721,-43.999059,-43.999777,-43.999433,-43.999681,-43.999508,-43.998758,-43.997298
1554.9688,-43.999633,-43.998617,-43.999041,-43.999706,-43.999376,-43.999745,-43.999562,-43.998741,-43.997299
1554.9719,-43.999735,-43.998543,-43.999046,-43.999628,-43.999332,-43.999804,-43.999621,-43.998746,-43.997339
1554.975,-43.999793,-43.998504,-43.999074,-43.999547,-43.999303,-43.999855,-43.999682,-43.998775,-43.997415
1554.9781,-43.999806,-43.998501,-43.999124,-43.999467,-43.999292,-43.999895,-43.999742,-43.998825,-43.997526
1554.9813,-43.999772,-43.998535,-43.999193,-43.999394,-43.999297,-43.999921,-43.999797,-43.998894,-43.997667
1554.9844,-43.999693,-43.998605,-43.999278,-43.999331,-43.99932,-43.999932,-43.999844,-43.998979,-43.997833
1554.9875,-43.999574,-43.998706,-43.999372,-43.999281,-43.999359,-43.999928,-43.999881,-43.999076,-43.99802
1554.9906,-43.999421,-43.998832,-43.999473,-43.999248,-43.999411,-43.999909,-43.999907,-43.999182,-43.99822
1554.9938,-43.999244,-43.998977,-43.999573,-43.999233,-43.999475,-43.999876,-43.999921,-43.999293,-43.998427
1554.9969,-43.999051,-43.999132,-43.999668,-43.999237,-43.999546,-43.999831,-43.999922,-43.999403,-43.998634
1555,-43.998853,-43.99929,-43.999752,-43.999259,-43.99962,-43.999776,-43.99991,-43.99951,-43.998835
1555.0031,-43.998662,-43.999441,-43.99982,-43.999299,-43.999694,-43.999715,-43.999888,-43.99961,-43.999024
1555.0062,-43.998487,-43.999578,-43.99987,-43.999355,-43.999763,-43.999651,-43.999856,-43.9997,-43.999196
1555.0094,-43.998339,-43.999693,-43.999898,-43.999422,-43.999824,-43.999588,-43.999818,-43.999777,-43.999346
1555.0125,-43.998226,-43.999779,-43.999903,-43.999499,-43.999873,-43.99953,-43.999776,-43.999841,-43.999473
1555.0156,-43.998153,-43.999832,-43.999885,-43.999579,-43.999907,-43.999479,-43.999732,-43.99989,-43.999574
1555.0187,-43.998125,-43.999849,-43.999844,-43.999659,-43.999926,-43.999439,-43.999691,-43.999925,-43.999647
1555.0219,-43.998144,-43.99983,-43.999784,-43.999735,-43.999927,-43.999412,-43.999654,-43.999947,-43.999695
1555.025,-43.998208,-43.999775,-43.999707,-43.999802,-43.999912,-43.999399,-43.999625,-43.999955,-43.999716
1555.0281,-43.998313,-43.999687,-43.999618,-43.999857,-43.99988,-43.999402,-43.999604,-43.999953,-43.999714
1555.0312,-43.998455,-43.999572,-43.999521,-43.999896,-43.999834,-43.999419,-43.999594,-43.999942,-43.999692
1555.0344,-43.998624,-43.999436,-43.999423,-43.999918,-43.999776,-43.999451,-43.999595,-43.999924,-43.999653
1555.0375,-43.998812,-43.999287,-43.999328,-43.999921,-43.999709,-43.999495,-43.999607,-43.999901,-43.999599
1555.0406,-43.999009,-43.999132,-43.999242,-43.999905,-43.999638,-43.999549,-43.999629,-43.999876,-43.999537
1555.0438,-43.999204,-43.99898,-43.99917,-43.999871,-43.999566,-43.99961,-43.99966,-43.99985,-43.999468
1555.0469,-43.999385,-43.99884,-43.999115,-43.999821,-43.999497,-43.999674,-43.999698,-43.999824,-43.999397
1555.05,-43.999544,-43.998719,-43.99908,-43.999757,-43.999435,-43.999738,-43.99974,-43.999801,-43.999327
1555.0531,-43.999671,-43.998624,-43.999068,-43.999684,-43.999384,-43.999797,-43.999784,-43.99978,-43.99926
1555.0563,-43.99976,-43.998561,-43.999079,-43.999605,-43.999346,-43.999849,-43.999826,-43.999761,-43.999201
1555.0594,-43.999806,-43.998532,-43.999112,-43.999524,-43.999323,-43.999891,-43.999864,-43.999746,-43.99915
1555.0625,-43.999806,-43.998539,-43.999166,-43.999446,-43.999317,-43.999919,-43.999895,-43.999734,-43.999108
1555.0656,-43.999761,-43.998582,-43.999237,-43.999375,-43.999328,-43.999933,-43.999917,-43.999723,-43.999077
1555.0687,-43.999673,-43.998659,-43.999322,-43.999315,-43.999355,-43.999931,-43.999928,-43.999713,-43.999058
1555.0719,-43.999547,-43.998764,-43.999416,-43.99927,-43.999397,-43.999913,-43.999927,-43.999704,-43.999049
1555.075,-43.99939,-43.998893,-43.999514,-43.999242,-43.999452,-43.99988,-43.999914,-43.999695,-43.999052
1555.0781,-43.999211,-43.999039,-43.999611,-43.999231,-43.999516,-43.999833,-43.999888,-43.999684,-43.999065
1555.0812,-43.99902,-43.999192,-43.9997,-43.99924,-43.999586,-43.999776,-43.999851,-43.999672,-43.999088
1555.0844,-43.998827,-43.999346,-43.999778,-43.999267,-43.999658,-43.999711,-43.999805,-43.999659,-43.999119
1555.0875,-43.998643,-43.999491,-43.99984,-43.999311,-43.999728,-43.999641,-43.999752,-43.999644,-43.999158
1555.0906,-43.998479,-43.999619,-43.999883,-43.99937,-43.999793,-43.999571,-43.999695,-43.999629,-43.999203
1555.0938,-43.998342,-43.999724,-43.999904,-43.99944,-43.999848,-43.999503,-43.999636,-43.999613,-43.999255
1555.0969,-43.998241,-43.999801,-43.999903,-43.999517,-43.99989,-43.999443,-43.999579,-43.999598,-43.999311
1555.1,-43.998182,-43.999843,-43.999879,-43.999598,-43.999918,-43.999392,-43.999528,-43.999586,-43.99937
1555.1031,-43.998167,-43.999851,-43.999834,-43.999677,-43.99993,-43.999354,-43.999484,-43.999577,-43.999432
1555.1063,-43.998197,-43.999822,-43.99977,-43.999751,-43.999925,-43.999331,-43.999451,-43.999572,-43.999496
1555.1094,-43.99827,-43.99976,-43.999692,-43.999816,-43.999903,-43.999325,-43.999431,-43.999573,-43.999559
1555.1125,-43.998383,-43.999667,-43.999603,-43.999867,-43.999866,-43.999335,-43.999424,-43.999581,-43.999622
1555.1156,-43.99853,-43.999548,-43.999508,-43.999903,-43.999816,-43.99936,-43.999432,-43.999596,-43.999683
1555.1188,-43.998701,-43.999411,-43.999412,-43.999921,-43.999755,-43.999401,-43.999454,-43.999618,-43.99974
1555.1219,-43.998889,-43.999262,-43.999322,-43.99992,-43.999686,-43.999454,-43.999488,-43.999646,-43.999792
1555.125,-43.999081,-43.999111,-43.999241,-43.9999,-43.999615,-43.999516,-43.999534,-43.999681,-43.999836
1555.1281,-43.999269,-43.998964,-43.999175,-43.999863,-43.999544,-43.999585,-43.999588,-43.99972,-43.999873
1555.1312,-43.999442,-43.998832,-43.999127,-43.999811,-43.999477,-43.999656,-43.999648,-43.999762,-43.999899
1555.1344,-43.99959,-43.99872,-43.999099,-43.999746,-43.999419,-43.999725,-43.999709,-43.999805,-43.999913
1555.1375,-43.999705,-43.998635,-43.999093,-43.999672,-43.999372,-43.999789,-43.999769,-43.999846,-43.999913
1555.1406,-43.999781,-43.998581,-43.99911,-43.999593,-43.999338,-43.999844,-43.999824,-43.999882,-43.9999
1555.1437,-43.999814,-43.998562,-43.999148,-43.999514,-43.999321,-43.999888,-43.999871,-43.999912,-43.999871
1555.1469,-43.999803,-43.998579,-43.999206,-43.999438,-43.99932,-43.999917,-43.999905,-43.999931,-43.999826
1555.15,-43.999747,-43.99863,-43.999279,-43.99937,-43.999336,-43.999929,-43.999926,-43.999938,-43.999765
1555.1531,-43.999651,-43.998712,-43.999365,-43.999314,-43.999368,-43.999925,-43.999932,-43.999932,-43.99969
1555.1562,-43.999519,-43.998822,-43.999458,-43.999272,-43.999414,-43.999905,-43.999921,-43.99991,-43.9996
1555.1594,-43.999359,-43.998953,-43.999554,-43.999248,-43.999471,-43.999868,-43.999893,-43.999873,-43.999499
1555.1625,-43.99918,-43.999098,-43.999646,-43.999242,-43.999537,-43.999818,-43.99985,-43.99982,-43.999388
1555.1656,-43.998991,-43.999249,-43.999731,-43.999254,-43.999608,-43.999757,-43.999793,-43.999752,-43.99927
1555.1688,-43.998804,-43.999398,-43.999803,-43.999284,-43.99968,-43.999688,-43.999725,-43.999671,-43.99915
1555.1719,-43.998628,-43.999537,-43.999858,-43.999331,-43.999748,-43.999614,-43.999649,-43.999579,-43.99903
1555.175,-43.998474,-43.999657,-43.999894,-43.999391,-43.99981,-43.999541,-43.999568,-43.999479,-43.998915
1555.1781,-43.998348,-43.999753,-43.999908,-43.999461,-43.999862,-43.999471,-43.999487,-43.999376,-43.998809
1555.1813,-43.99826,-43.999819,-43.9999,-43.999539,-43.9999,-43.999408,-43.999409,-43.999273,-43.998715
1555.1844,-43.998213,-43.999852,-43.999871,-43.999618,-43.999924,-43.999356,-43.999339,-43.999173,-43.998638
1555.1875,-43.998209,-43.99985,-43.999821,-43.999696,-43.999931,-43.999318,-43.99928,-43.999082,-43.99858
1555.1906,-43.99825,-43.999813,-43.999754,-43.999767,-43.999922,-43.999296,-43.999235,-43.999003,-43.998543
1555.1937,-43.998333,-43.999744,-43.999674,-43.999829,-43.999896,-43.99929,-43.999206,-43.99894,-43.99853
1555.1969,-43.998452,-43.999646,-43.999584,-43.999877,-43.999855,-43.999301,-43.999195,-43.998895,-43.99854
1555.2,-43.998603,-43.999524,-43.999491,-43.999909,-43.999802,-43.999329,-43.999203,-43.99887,-43.998574
1555.2031,-43.998776,-43.999386,-43.999398,-43.999924,-43.99974,-43.999372,-43.999228,-43.998868,-43.99863
1555.2062,-43.998962,-43.999239,-43.999312,-43.99992,-43.999671,-43.999428,-43.999271,-43.998887,-43.998706
1555.2094,-43.99915,-43.999091,-43.999237,-43.999899,-43.9996,-43.999493,-43.999328,-43.998927,-43.998798
1555.2125,-43.999331,-43.998951,-43.999176,-43.99986,-43.999531,-43.999564,-43.999396,-43.998987,-43.998903
1555.2156,-43.999494,-43.998826,-43.999134,-43.999807,-43.999466,-43.999638,-43.999473,-43.999063,-43.999014
1555.2188,-43.999631,-43.998723,-43.999113,-43.999743,-43.999411,-43.999711,-43.999554,-43.999152,-43.999127
1555.2219,-43.999735,-43.998647,-43.999113,-43.99967,-43.999368,-43.999778,-43.999635,-43.999249,-43.999237
1555.225,-43.999799,-43.998603,-43.999136,-43.999594,-43.999339,-43.999835,-43.999711,-43.99935,-43.999338
1555.2281,-43.99982,-43.998594,-43.999179,-43.999518,-43.999326,-43.999881,-43.999779,-43.999449,-43.999424
1555.2313,-43.999797,-43.998619,-43.99924,-43.999446,-43.999329,-43.999913,-43.999836,-43.999541,-43.99949
1555.2344,-43.999732,-43.998677,-43.999316,-43.999382,-43.999349,-43.999928,-43.999877,-43.999622,-43.999533
1555.2375,-43.999628,-43.998765,-43.999402,-43.999331,-43.999385,-43.999927,-43.999901,-43.999687,-43.99955
1555.2406,-43.999491,-43.998879,-43.999495,-43.999294,-43.999433,-43.999908,-43.999907,-43.999733,-43.999538
1555.2438,-43.999328,-43.999012,-43.999588,-43.999274,-43.999492,-43.999875,-43.999893,-43.999756,-43.999497
1555.2469,-43.99915,-43.999156,-43.999677,-43.999272,-43.999559,-43.999827,-43.999862,-43.999755,-43.999427
1555.25,-43.998965,-43.999304,-43.999757,-43.999288,-43.99963,-43.999768,-43.999814,-43.999729,-43.999331
1555.2531,-43.998783,-43.999447,-43.999823,-43.99932,-43.9997,-43.999702,-43.999752,-43.99968,-43.999211
1555.2562,-43.998616,-43.999579,-43.999873,-43.999368,-43.999767,-43.999631,-43.999679,-43.999608,-43.999071
1555.2594,-43.998471,-43.999691,-43.999902,-43.999429,-43.999826,-43.999561,-43.999599,-43.999517,-43.998918
1555.2625,-43.998357,-43.999778,-43.99991,-43.999499,-43.999874,-43.999493,-43.999516,-43.99941,-43.998757
1555.2656,-43.998281,-43.999835,-43.999896,-43.999574,-43.999909,-43.999433,-43.999434,-43.999292,-43.998594
1555.2687,-43.998246,-43.999858,-43.999862,-43.99965,-43.999928,-43.999383,-43.999358,-43.999168,-43.998436
1555.2719,-43.998254,-43.999847,-43.999808,-43.999724,-43.999931,-43.999347,-43.999291,-43.999044,-43.998291
1555.275,-43.998304,-43.999803,-43.999738,-43.999791,-43.999918,-43.999325,-43.999237,-43.998925,-43.998163
1555.2781,-43.998395,-43.999727,-43.999656,-43.999847,-43.999889,-43.99932,-43.999199,-43.998818,-43.998058
1555.2812,-43.998521,-43.999624,-43.999567,-43.99989,-43.999845,-43.999331,-43.999178,-43.998726,-43.997981
1555.2844,-43.998675,-43.999501,-43.999474,-43.999917,-43.99979,-43.999359,-43.999176,-43.998654,-43.997935
1555.2875,-43.998848,-43.999363,-43.999385,-43.999927,-43.999727,-43.9994,-43.999193,-43.998606,-43.997923
1555.2906,-43.999031,-43.999218,-43.999302,-43.999919,-43.999658,-43.999454,-43.999227,-43.998583,-43.997944
1555.2938,-43.999215,-43.999074,-43.999232,-43.999895,-43.999588,-43.999517,-43.999278,-43.998587,-43.997997
1555.2969,-43.999388,-43.99894,-43.999177,-43.999854,-43.99952,-43.999586,-43.999343,-43.998618,-43.998081
1555.3,-43.999542,-43.998822,-43.999141,-43.9998,-43.999458,-43.999657,-43.999417,-43.998673,-43.998192
1555.3031,-43.999669,-43.998728,-43.999125,-43.999735,-43.999406,-43.999726,-43.999498,-43.998752,-43.998324
1555.3063,-43.99976,-43.998662,-43.999132,-43.999664,-43.999366,-43.99979,-43.999581,-43.998849,-43.998472
1555.3094,-43.999812,-43.998627,-43.999159,-43.99959,-43.999341,-43.999845,-43.999663,-43.998961,-43.99863
1555.3125,-43.999822,-43.998626,-43.999206,-43.999517,-43.999331,-43.999889,-43.999738,-43.999082,-43.99879
1555.3156,-43.999789,-43.99866,-43.999271,-43.99945,-43.999338,-43.999918,-43.999805,-43.999207,-43.998946
1555.3187,-43.999715,-43.998725,-43.999349,-43.999392,-43.999362,-43.999933,-43.999858,-43.999331,-43.999091
1555.3219,-43.999604,-43.998818,-43.999436,-43.999346,-43.9994,-43.999932,-43.999896,-43.999447,-43.999218
1555.325,-43.999463,-43.998934,-43.999527,-43.999315,-43.99945,-43.999914,-43.999918,-43.999552,-43.999323
1555.3281,-43.999299,-43.999068,-43.999619,-43.9993,-43.999511,-43.999883,-43.999922,-43.999639,-43.999402
1555.3312,-43.999122,-43.999211,-43.999704,-43.999302,-43.999578,-43.999838,-43.999909,-43.999707,-43.99945
1555.3344,-43.99894,-43.999355,-43.99978,-43.999322,-43.999648,-43.999784,-43.99988,-43.999751,-43.999468
1555.3375,-43.998765,-43.999494,-43.999841,-43.999358,-43.999717,-43.999722,-43.999836,-43.999772,-43.999454
1555.3406,-43.998606,-43.999618,-43.999884,-43.999408,-43.999782,-43.999657,-43.999781,-43.999768,-43.99941
1555.3438,-43.998472,-43.999722,-43.999908,-43.999469,-43.999838,-43.999592,-43.999718,-43.999741,-43.999339
1555.3469,-43.998369,-43.9998,-43.99991,-43.999538,-43.999883,-43.999531,-43.999651,-43.999692,-43.999245
1555.35,-43.998304,-43.999847,-43.999891,-43.999611,-43.999915,-43.999477,-43.999582,-43.999626,-43.999133
1555.3531,-43.99828,-43.999862,-43.999852,-43.999685,-43.999931,-43.999433,-43.999517,-43.999545,-43.999009
1555.3563,-43.998299,-43.999842,-43.999795,-43.999754,-43.999931,-43.999401,-43.999458,-43.999454,-43.998879
1555.3594,-43.998359,-43.999791,-43.999723,-43.999816,-43.999915,-43.999384,-43.999409,-43.999359,-43.99875
1555.3625,-43.998457,-43.999709,-43.99964,-43.999867,-43.999884,-43.999382,-43.999373,-43.999264,-43.998627
1555.3656,-43.998588,-43.999603,-43.99955,-43.999904,-43.999839,-43.999395,-43.999352,-43.999174,-43.998518
1555.3688,-43.998744,-43.999478,-43.99946,-43.999925,-43.999784,-43.999423,-43.999346,-43.999095,-43.998428
1555.3719,-43.998917,-43.99934,-43.999372,-43.999929,-43.99972,-43.999463,-43.999356,-43.999029,-43.99836
1555.375,-43.999098,-43.999198,-43.999294,-43.999916,-43.999652,-43.999515,-43.999381,-43.998982,-43.998319
1555.3781,-43.999276,-43.999059,-43.999228,-43.999887,-43.999584,-43.999574,-43.99942,-43.998954,-43.998307
1555.3812,-43.999442,-43.998931,-43.999178,-43.999843,-43.999518,-43.999638,-43.999471,-43.998948,-43.998324
1555.3844,-43.999586,-43.998821,-43.999147,-43.999787,-43.99946,-43.999703,-43.999531,-43.998963,-43.99837
1555.3875,-43.999702,-43.998735,-43.999137,-43.999722,-43.999411,-43.999766,-43.999597,-43.998999,-43.998442
1555.3906,-43.999782,-43.998678,-43.999149,-43.999651,-43.999375,-43.999822,-43.999664,-43.999054,-43.998539
1555.3937,-43.999823,-43.998653,-43.999181,-43.999579,-43.999353,-43.99987,-43.999731,-43.999126,-43.998655
1555.3969,-43.999821,-43.99866,-43.999231,-43.999509,-43.999347,-43.999907,-43.999793,-43.999211,-43.998787
1555.4,-43.999778,-43.998701,-43.999298,-43.999446,-43.999357,-43.99993,-43.999846,-43.999306,-43.998928
1555.4031,-43.999696,-43.998772,-43.999378,-43.999393,-43.999383,-43.999939,-43.99989,-43.999405,-43.999073
1555.4062,-43.99958,-43.99887,-43.999465,-43.999352,-43.999422,-43.999932,-43.99992,-43.999505,-43.999217
1555.4094,-43.999435,-43.998989,-43.999555,-43.999326,-43.999474,-43.999912,-43.999937,-43.999602,-43.999353
1555.4125,-43.99927,-43.999122,-43.999644,-43.999317,-43.999535,-43.999878,-43.999939,-43.99969,-43.999477
1555.4156,-43.999095,-43.999263,-43.999727,-43.999325,-43.999601,-43.999833,-43.999927,-43.999768,-43.999585
1555.4188,-43.998918,-43.999404,-43.999798,-43.999349,-43.999669,-43.99978,-43.999902,-43.999832,-43.999673
1555.4219,-43.99875,-43.999537,-43.999855,-43.999388,-43.999736,-43.999721,-43.999865,-43.999881,-43.999739
1555.425,-43.998599,-43.999654,-43.999893,-43.999441,-43.999798,-43.99966,-43.999819,-43.999912,-43.999782
1555.4281,-43.998475,-43.99975,-43.999912,-43.999503,-43.999851,-43.999601,-43.999768,-43.999926,-43.999801
1555.4313,-43.998383,-43.999819,-43.99991,-43.999572,-43.999893,-43.999546,-43.999713,-43.999924,-43.999799
1555.4344,-43.99833,-43.999857,-43.999887,-43.999644,-43.999921,-43.999498,-43.999658,-43.999907,-43.999776
1555.4375,-43.998317,-43.999863,-43.999844,-43.999715,-43.999934,-43.999462,-43.999607,-43.999876,-43.999735
1555.4406,-43.998346,-43.999836,-43.999785,-43.999781,-43.999932,-43.999437,-43.999563,-43.999836,-43.999681
1555.4437,-43.998414,-43.999777,-43.999711,-43.999838,-43.999914,-43.999427,-43.999527,-43.999789,-43.999617
1555.4469,-43.998519,-43.999691,-43.999628,-43.999883,-43.999881,-43.999431,-43.999502,-43.999738,-43.999547
1555.45,-43.998654,-43.999582,-43.99954,-43.999914,-43.999836,-43.999449,-43.99949,-43.999687,-43.999477
1555.4531,-43.998812,-43.999455,-43.999452,-43.999929,-43.999781,-43.99948,-43.999491,-43.999639,-43.999409
1555.4562,-43.998984,-43.999319,-43.999369,-43.999928,-43.999719,-43.999522,-43.999506,-43.999597,-43.999348
1555.4594,-43.999161,-43.99918,-43.999294,-43.99991,-43.999653,-43.999574,-43.999532,-43.999563,-43.999298
1555.4625,-43.999333,-43.999046,-43.999233,-43.999876,-43.999588,-43.999632,-43.999568,-43.999539,-43.99926
1555.4656,-43.999491,-43.998924,-43.999189,-43.999828,-43.999527,-43.999692,-43.999614,-43.999526,-43.999236
1555.4688,-43.999626,-43.998822,-43.999163,-43.99977,-43.999472,-43.999752,-43.999665,-43.999526,-43.999229
1555.4719,-43.999731,-43.998744,-43.999159,-43.999703,-43.999428,-43.999809,-43.999719,-43.999537,-43.999237
1555.475,-43.9998,-43.998696,-43.999174,-43.999632,-43.999396,-43.999858,-43.999772,-43.999558,-43.99926
1555.4781,-43.99983,-43.998679,-43.99921,-43.999561,-43.999379,-43.999897,-43.999822,-43.999589,-43.999297
1555.4813,-43.999818,-43.998695,-43.999264,-43.999494,-43.999377,-43.999925,-43.999867,-43.999626,-43.999346
1555.4844,-43.999766,-43.998743,-43.999332,-43.999434,-43.99939,-43.999938,-43.999902,-43.999669,-43.999404
1555.4875,-43.999677,-43.998819,-43.999412,-43.999385,-43.999418,-43.999938,-43.999927,-43.999714,-43.999468
1555.4906,-43.999555,-43.998921,-43.999498,-43.999349,-43.999459,-43.999923,-43.99994,-43.999759,-43.999536
1555.4938,-43.999408,-43.999041,-43.999587,-43.999328,-43.999511,-43.999895,-43.999939,-43.999801,-43.999605
1555.4969,-43.999243,-43.999175,-43.999672,-43.999324,-43.999571,-43.999855,-43.999927,-43.999838,-43.999672
1555.5,-43.99907,-43.999313,-43.999751,-43.999336,-43.999635,-43.999805,-43.999902,-43.999868,-43.999734
1555.5031,-43.998898,-43.99945,-43.999817,-43.999365,-43.999701,-43.999747,-43.999867,-43.999891,-43.99979
1555.5062,-43.998737,-43.999577,-43.999869,-43.999408,-43.999764,-43.999686,-43.999823,-43.999905,-43.999838
1555.5094,-43.998595,-43.999687,-43.999902,-43.999463,-43.999821,-43.999625,-43.999773,-43.99991,-43.999876
1555.5125,-43.998481,-43.999774,-43.999915,-43.999527,-43.999869,-43.999566,-43.99972,-43.999906,-43.999906
1555.5156,-43.9984,-43.999835,-43.999908,-43.999596,-43.999906,-43.999514,-43.999667,-43.999895,-43.999925
1555.5187,-43.998357,-43.999864,-43.999881,-43.999668,-43.999929,-43.99947,-43.999618,-43.999877,-43.999936
1555.5219,-43.998355,-43.999862,-43.999835,-43.999737,-43.999937,-43.999438,-43.999574,-43.999855,-43.99994
1555.525,-43.998393,-43.999828,-43.999774,-43.9998,-43.999931,-43.999419,-43.999538,-43.999831,-43.999937
1555.5281,-43.998469,-43.999763,-43.9997,-43.999853,-43.999909,-43.999414,-43.999513,-43.999805,-43.999929
1555.5312,-43.99858,-43.999673,-43.999617,-43.999894,-43.999874,-43.999424,-43.9995,-43.999782,-43.999918
1555.5344,-43.998718,-43.999561,-43.999531,-43.999921,-43.999827,-43.999448,-43.9995,-43.999762,-43.999906
1555.5375,-43.998877,-43.999434,-43.999445,-43.999931,-43.999772,-43.999484,-43.999512,-43.999747,-43.999894
1555.5406,-43.999048,-43.999299,-43.999365,-43.999925,-43.999711,-43.999531,-43.999537,-43.999738,-43.999882
1555.5438,-43.999221,-43.999163,-43.999296,-43.999902,-43.999647,-43.999587,-43.999572,-43.999737,-43.999873
1555.5469,-43.999387,-43.999034,-43.99924,-43.999865,-43.999585,-43.999647,-43.999616,-43.999742,-43.999866
1555.55,-43.999537,-43.998919,-43.999201,-43.999814,-43.999527,-43.999708,-43.999666,-43.999755,-43.999862
1555.5531,-43.999663,-43.998825,-43.999181,-43.999753,-43.999477,-43.999769,-43.999719,-43.999773,-43.99986
1555.5563,-43.999757,-43.998756,-43.999181,-43.999685,-43.999437,-43.999824,-43.999773,-43.999797,-43.99986
1555.5594,-43.999815,-43.998716,-43.999201,-43.999614,-43.999411,-43.999871,-43.999823,-43.999823,-43.999862
1555.5625,-43.999834,-43.998707,-43.999241,-43.999544,-43.999398,-43.999907,-43.999868,-43.999851,-43.999863
1555.5656,-43.999813,-43.998731,-43.999297,-43.999478,-43.999401,-43.99993,-43.999904,-43.999877,-43.999863
1555.5687,-43.999753,-43.998784,-43.999367,-43.999421,-43.999418,-43.99994,-43.999929,-43.999901,-43.999861
1555.5719,-43.999657,-43.998866,-43.999446,-43.999374,-43.999449,-43.999935,-43.999942,-43.999919,-43.999856
1555.575,-43.999531,-43.99897,-43.999532,-43.999342,-43.999492,-43.999915,-43.999941,-43.99993,-43.999846
1555.5781,-43.999381,-43.999092,-43.999618,-43.999325,-43.999545,-43.999882,-43.999927,-43.999932,-43.999832
1555.5812,-43.999217,-43.999225,-43.9997,-43.999325,-43.999604,-43.999838,-43.999901,-43.999926,-43.999813
1555.5844,-43.999047,-43.999361,-43.999774,-43.999341,-43.999667,-43.999785,-43.999862,-43.999909,-43.999789
1555.5875,-43.99888,-43.999493,-43.999836,-43.999373,-43.999731,-43.999725,-43.999814,-43.999883,-43.999762
1555.5906,-43.998726,-43.999614,-43.999882,-43.999419,-43.99979,-43.999662,-43.999758,-43.999849,-43.999731
1555.5938,-43.998593,-43.999717,-43.999909,-43.999476,-43.999843,-43.9996,-43.999698,-43.999806,-43.999698
1555.5969,-43.998489,-43.999796,-43.999918,-43.999542,-43.999886,-43.999541,-43.999637,-43.999759,-43.999665
1555.6,-43.998419,-43.999848,-43.999906,-43.999612,-43.999918,-43.99949,-43.999579,-43.999708,-43.999634
1555.6031,-43.998386,-43.99987,-43.999875,-43.999683,-43.999935,-43.999448,-43.999525,-43.999656,-43.999606
1555.6063,-43.998394,-43.999859,-43.999826,-43.999751,-43.999938,-43.999419,-43.99948,-43.999606,-43.999583
1555.6094,-43.998441,-43.999818,-43.999763,-43.999812,-43.999927,-43.999403,-43.999445,-43.999561,-43.999566
1555.6125,-43.998524,-43.999749,-43.999688,-43.999863,-43.999901,-43.999402,-43.999424,-43.999523,-43.999558
1555.6156,-43.99864,-43.999654,-43.999606,-43.999901,-43.999862,-43.999415,-43.999415,-43.999494,-43.999559
1555.6188,-43.998781,-43.99954,-43.999522,-43.999925,-43.999813,-43.999442,-43.999422,-43.999475,-43.999569
1555.6219,-43.998941,-43.999413,-43.999439,-43.999932,-43.999756,-43.999482,-43.999442,-43.99947,-43.999588
1555.625,-43.999109,-43.99928,-43.999364,-43.999923,-43.999695,-43.999532,-43.999475,-43.999476,-43.999616
1555.6281,-43.999278,-43.999148,-43.999299,-43.999898,-43.999632,-43.999589,-43.999519,-43.999495,-43.999652
1555.6312,-43.999438,-43.999025,-43.999248,-43.999858,-43.999572,-43.999651,-43.999572,-43.999526,-43.999693
1555.6344,-43.999579,-43.998916,-43.999215,-43.999806,-43.999517,-43.999714,-43.999631,-43.999567,-43.999738
1555.6375,-43.999695,-43.998829,-43.9992,-43.999744,-43.999471,-43.999774,-43.999692,-43.999615,-43.999784
1555.6406,-43.99978,-43.998768,-43.999206,-43.999677,-43.999436,-43.999829,-43.999752,-43.999669,-43.999828
1555.6437,-43.999827,-43.998737,-43.99923,-43.999607,-43.999414,-43.999875,-43.999809,-43.999724,-43.999868
1555.6469,-43.999836,-43.998736,-43.999273,-43.999538,-43.999406,-43.99991,-43.999858,-43.999779,-43.999901
1555.65,-43.999806,-43.998766,-43.999332,-43.999475,-43.999413,-43.999932,-43.999897,-43.999829,-43.999924
1555.6531,-43.999738,-43.998826,-43.999402,-43.99942,-43.999435,-43.99994,-43.999924,-43.999872,-43.999934
1555.6562,-43.999636,-43.998912,-43.999482,-43.999377,-43.999469,-43.999933,-43.999937,-43.999905,-43.999931
1555.6594,-43.999506,-43.999019,-43.999566,-43.999348,-43.999515,-43.999911,-43.999935,-43.999925,-43.999914
1555.6625,-43.999355,-43.999142,-43.999649,-43.999335,-43.999569,-43.999877,-43.999919,-43.99993,-43.999881
1555.6656,-43.999192,-43.999273,-43.999728,-43.999337,-43.999629,-43.999832,-43.999889,-43.99992,-43.999833
1555.6688,-43.999025,-43.999406,-43.999797,-43.999357,-43.999692,-43.999778,-43.999846,-43.999895,-43.999772
1555.6719,-43.998864,-43.999534,-43.999853,-43.999391,-43.999753,-43.999718,-43.999793,-43.999854,-43.999699
1555.675,-43.998718,-43.999648,-43.999893,-43.999438,-43.99981,-43.999655,-43.999732,-43.9998,-43.999617
1555.6781,-43.998594,-43.999744,-43.999916,-43.999496,-43.99986,-43.999594,-43.999667,-43.999735,-43.99953
1555.6813,-43.998499,-43.999816,-43.999918,-43.999561,-43.999899,-43.999537,-43.999601,-43.99966,-43.999439
1555.6844,-43.998439,-43.999859,-43.999901,-43.999631,-43.999926,-43.999487,-43.999538,-43.999581,-43.999351
1555.6875,-43.998417,-43.999873,-43.999866,-43.9997,-43.999939,-43.999448,-43.99948,-43.999499,-43.999267
1555.6906,-43.998434,-43.999855,-43.999814,-43.999766,-43.999937,-43.99942,-43.999432,-43.999419,-43.999192
1555.6937,-43.998489,-43.999808,-43.999749,-43.999825,-43.99992,-43.999407,-43.999395,-43.999345,-43.99913
1555.6969,-43.998579,-43.999733,-43.999673,-43.999873,-43.99989,-43.999408,-43.999371,-43.999281,-43.999082
1555.7,-43.998699,-43.999635,-43.999592,-43.999908,-43.999848,-43.999423,-43.999362,-43.999229,-43.999052
1555.7031,-43.998843,-43.99952,-43.999509,-43.999929,-43.999796,-43.999452,-43.999369,-43.999192,-43.999041
1555.7062,-43.999002,-43.999394,-43.99943,-43.999933,-43.999738,-43.999493,-43.99939,-43.999171,-43.999049
1555.7094,-43.999168,-43.999263,-43.999358,-43.999922,-43.999676,-43.999544,-43.999425,-43.999169,-43.999077
1555.7125,-43.999332,-43.999135,-43.999298,-43.999895,-43.999613,-43.999601,-43.999472,-43.999184,-43.999122
1555.7156,-43.999485,-43.999017,-43.999252,-43.999855,-43.999554,-43.999663,-43.999528,-43.999217,-43.999182
1555.7188,-43.999618,-43.998915,-43.999224,-43.999802,-43.999501,-43.999725,-43.99959,-43.999265,-43.999255
1555.7219,-43.999725,-43.998836,-43.999215,-43.999742,-43.999458,-43.999784,-43.999656,-43.999327,-43.999337
1555.725,-43.999799,-43.998783,-43.999225,-43.999675,-43.999426,-43.999837,-43.999722,-43.999399,-43.999424
1555.7281,-43.999837,-43.998759,-43.999254,-43.999608,-43.999407,-43.999882,-43.999783,-43.999477,-43.999512
1555.7313,-43.999836,-43.998766,-43.9993,-43.999542,-43.999404,-43.999915,-43.999837,-43.999558,-43.999595
1555.7344,-43.999797,-43.998803,-43.999361,-43.999482,-43.999414,-43.999935,-43.999882,-43.999637,-43.999671
1555.7375,-43.999722,-43.998868,-43.999433,-43.999431,-43.999439,-43.999941,-43.999914,-43.999711,-43.999734
1555.7406,-43.999615,-43.998958,-43.999513,-43.999392,-43.999477,-43.999933,-43.999932,-43.999776,-43.999783
1555.7438,-43.999482,-43.999067,-43.999595,-43.999367,-43.999525,-43.999911,-43.999936,-43.999829,-43.999813
1555.7469,-43.99933,-43.99919,-43.999676,-43.999358,-43.999581,-43.999876,-43.999925,-43.999866,-43.999823
1555.75,-43.999169,-43.999319,-43.999751,-43.999364,-43.999642,-43.999831,-43.999899,-43.999886,-43.999813
1555.7531,-43.999006,-43.999449,-43.999816,-43.999385,-43.999705,-43.999778,-43.999861,-43.999889,-43.999782
1555.7562,-43.998851,-43.999571,-43.999868,-43.999421,-43.999766,-43.99972,-43.999812,-43.999873,-43.999732
1555.7594,-43.998712,-43.99968,-43.999903,-43.999469,-43.999822,-43.99966,-43.999755,-43.99984,-43.999664
1555.7625,-43.998597,-43.999768,-43.99992,-43.999527,-43.999869,-43.999601,-43.999694,-43.999791,-43.999583
1555.7656,-43.998512,-43.999832,-43.999917,-43.999592,-43.999906,-43.999547,-43.99963,-43.99973,-43.999492
1555.7687,-43.998462,-43.999868,-43.999896,-43.999659,-43.99993,-43.999501,-43.999569,-43.999659,-43.999394
1555.7719,-43.998449,-43.999874,-43.999856,-43.999725,-43.999939,-43.999465,-43.999514,-43.999581,-43.999295
1555.775,-43.998475,-43.999849,-43.999802,-43.999788,-43.999935,-43.99944,-43.999466,-43.999501,-43.999199
1555.7781,-43.998537,-43.999796,-43.999734,-43.999842,-43.999915,-43.99943,-43.999429,-43.999423,-43.99911
1555.7812,-43.998633,-43.999717,-43.999658,-43.999886,-43.999883,-43.999433,-43.999406,-43.99935,-43.999034
1555.7844,-43.998757,-43.999617,-43.999577,-43.999917,-43.999839,-43.99945,-43.999396,-43.999287,-43.998973
1555.7875,-43.998902,-43.999501,-43.999496,-43.999934,-43.999786,-43.99948,-43.999401,-43.999237,-43.998931
1555.7906,-43.99906,-43.999375,-43.999419,-43.999934,-43.999726,-43.999522,-43.99942,-43.999202,-43.998909
1555.7938,-43.999224,-43.999247,-43.999351,-43.99992,-43.999664,-43.999572,-43.999452,-43.999183,-43.998909
1555.7969,-43.999382,-43.999123,-43.999295,-43.99989,-43.999602,-43.999628,-43.999496,-43.999183,-43.99893
1555.8,-43.999528,-43.999011,-43.999254,-43.999848,-43.999544,-43.999688,-43.999549,-43.9992,-43.998972
1555.8031,-43.999653,-43.998916,-43.999231,-43.999795,-43.999493,-43.999747,-43.999609,-43.999235,-43.999033
1555.8063,-43.999751,-43.998844,-43.999227,-43.999735,-43.999452,-43.999803,-43.999671,-43.999284,-43.999109
1555.8094,-43.999815,-43.998799,-43.999241,-43.99967,-43.999423,-43.999853,-43.999733,-43.999347,-43.999198
1555.8125,-43.999843,-43.998783,-43.999274,-43.999605,-43.999407,-43.999894,-43.999792,-43.999419,-43.999295
1555.8156,-43.999833,-43.998797,-43.999324,-43.999542,-43.999406,-43.999923,-43.999844,-43.999497,-43.999395
1555.8187,-43.999786,-43.99884,-43.999387,-43.999486,-43.999419,-43.99994,-43.999887,-43.999578,-43.999495
1555.8219,-43.999705,-43.998909,-43.99946,-43.99944,-43.999446,-43.999943,-43.999919,-43.999657,-43.999589
1555.825,-43.999593,-43.999002,-43.999539,-43.999405,-43.999486,-43.999932,-43.999938,-43.999731,-43.999675
1555.8281,-43.999458,-43.999113,-43.999621,-43.999385,-43.999535,-43.999908,-43.999943,-43.999797,-43.999747
1555.8312,-43.999306,-43.999236,-43.999699,-43.999379,-43.999592,-43.999873,-43.999934,-43.99985,-43.999803
1555.8344,-43.999147,-43.999364,-43.999771,-43.999389,-43.999653,-43.999828,-43.999911,-43.999891,-43.999841
1555.8375,-43.998988,-43.99949,-43.999832,-43.999413,-43.999716,-43.999776,-43.999877,-43.999916,-43.999861
1555.8406,-43.998839,-43.999607,-43.99988,-43.999451,-43.999776,-43.999719,-43.999834,-43.999924,-43.999861
1555.8438,-43.998708,-43.999709,-43.99991,-43.999501,-43.99983,-43.999662,-43.999783,-43.999917,-43.999842
1555.8469,-43.998602,-43.99979,-43.999922,-43.999559,-43.999876,-43.999606,-43.999728,-43.999895,-43.999806
1555.85,-43.998526,-43.999846,-43.999915,-43.999622,-43.999911,-43.999556,-43.999671,-43.99986,-43.999756
1555.8531,-43.998486,-43.999875,-43.99989,-43.999687,-43.999933,-43.999513,-43.999617,-43.999814,-43.999695
1555.8563,-43.998482,-43.999873,-43.999848,-43.999751,-43.999941,-43.999481,-43.999567,-43.99976,-43.999626
1555.8594,-43.998516,-43.999843,-43.99979,-43.99981,-43.999934,-43.999461,-43.999526,-43.999702,-43.999554
1555.8625,-43.998586,-43.999784,-43.999722,-43.99986,-43.999914,-43.999455,-43.999494,-43.999642,-43.999482
1555.8656,-43.998687,-43.999701,-43.999645,-43.999899,-43.999881,-43.999461,-43.999475,-43.999584,-43.999414
1555.8688,-43.998814,-43.999599,-43.999566,-43.999925,-43.999837,-43.999481,-43.999468,-43.999532,-43.999354
1555.8719,-43.99896,-43.999482,-43.999486,-43.999937,-43.999784,-43.999513,-43.999474,-43.999487,-43.999306
1555.875,-43.999117,-43.999357,-43.999413,-43.999933,-43.999726,-43.999555,-43.999494,-43.999454,-43.999271
1555.8781,-43.999277,-43.999232,-43.999348,-43.999915,-43.999666,-43.999605,-43.999525,-43.999433,-43.999252
1555.8812,-43.99943,-43.999113,-43.999296,-43.999883,-43.999606,-43.99966,-43.999566,-43.999426,-43.999249
1555.8844,-43.999569,-43.999007,-43.99926,-43.999838,-43.999551,-43.999717,-43.999615,-43.999432,-43.999262
1555.8875,-43.999685,-43.998919,-43.999241,-43.999784,-43.999503,-43.999774,-43.999668,-43.999452,-43.999291
1555.8906,-43.999774,-43.998854,-43.999241,-43.999724,-43.999465,-43.999826,-43.999724,-43.999484,-43.999335
1555.8937,-43.999829,-43.998816,-43.99926,-43.99966,-43.999438,-43.999871,-43.999779,-43.999527,-43.999391
1555.8969,-43.999847,-43.998807,-43.999296,-43.999597,-43.999426,-43.999907,-43.99983,-43.999578,-43.999456
1555.9,-43.999829,-43.998828,-43.999348,-43.999537,-43.999427,-43.999932,-43.999874,-43.999634,-43.999527
1555.9031,-43.999775,-43.998876,-43.999412,-43.999485,-43.999442,-43.999944,-43.99991,-43.999693,-43.999601
1555.9062,-43.999687,-43.998951,-43.999486,-43.999443,-43.999471,-43.999943,-43.999934,-43.999751,-43.999674
1555.9094,-43.999572,-43.999046,-43.999565,-43.999413,-43.999511,-43.999928,-43.999946,-43.999806,-43.999743
1555.9125,-43.999435,-43.999158,-43.999645,-43.999397,-43.99956,-43.999901,-43.999945,-43.999854,-43.999806
1555.9156,-43.999284,-43.99928,-43.999721,-43.999395,-43.999616,-43.999864,-43.999931,-43.999894,-43.999859
1555.9188,-43.999127,-43.999406,-43.99979,-43.999409,-43.999676,-43.999817,-43.999906,-43.999924,-43.9999
1555.9219,-43.998973,-43.999528,-43.999847,-43.999437,-43.999736,-43.999765,-43.99987,-43.999942,-43.999929
1555.925,-43.99883,-43.99964,-43.99989,-43.999477,-43.999794,-43.999709,-43.999826,-43.999948,-43.999945
1555.9281,-43.998706,-43.999735,-43.999916,-43.999528,-43.999845,-43.999653,-43.999777,-43.999942,-43.999947
1555.9313,-43.998609,-43.99981,-43.999924,-43.999587,-43.999887,-43.9996,-43.999724,-43.999926,-43.999938
1555.9344,-43.998543,-43.999859,-43.999913,-43.99965,-43.999919,-43.999553,-43.999672,-43.9999,-43.999917
1555.9375,-43.998511,-43.999879,-43.999884,-43.999713,-43.999938,-43.999515,-43.999622,-43.999866,-43.999888
1555.9406,-43.998517,-43.999871,-43.999839,-43.999774,-43.999943,-43.999487,-43.999579,-43.999827,-43.999852
1555.9437,-43.998558,-43.999835,-43.999781,-43.99983,-43.999934,-43.999471,-43.999543,-43.999786,-43.999812
1555.9469,-43.998634,-43.999771,-43.999711,-43.999876,-43.999912,-43.999468,-43.999518,-43.999744,-43.999771
1555.95,-43.99874,-43.999685,-43.999635,-43.999911,-43.999878,-43.999479,-43.999505,-43.999705,-43.999732
1555.9531,-43.998869,-43.999581,-43.999556,-43.999932,-43.999833,-43.999502,-43.999504,-43.999671,-43.999697
1555.9562,-43.999016,-43.999464,-43.99948,-43.999939,-43.999781,-43.999536,-43.999515,-43.999644,-43.999668
1555.9594,-43.999171,-43.999341,-43.999409,-43.99993,-43.999725,-43.99958,-43.999538,-43.999625,-43.999647
1555.9625,-43.999327,-43.999219,-43.999348,-43.999908,-43.999666,-43.99963,-43.999572,-43.999616,-43.999634
1555.9656,-43.999475,-43.999105,-43.9993,-43.999872,-43.99961,-43.999685,-43.999614,-43.999618,-43.999632
1555.9688,-43.999606,-43.999004,-43.999268,-43.999825,-43.999558,-43.999741,-43.999662,-43.999629,-43.999639
1555.9719,-43.999715,-43.998923,-43.999254,-43.99977,-43.999513,-43.999795,-43.999714,-43.99965,-43.999655
1555.975,-43.999794,-43.998865,-43.999258,-43.999708,-43.999479,-43.999845,-43.999767,-43.999679,-43.999678
1555.9781,-43.99984,-43.998834,-43.99928,-43.999645,-43.999456,-43.999887,-43.999817,-43.999714,-43.999708
1555.9813,-43.999852,-43.99883,-43.999318,-43.999583,-43.999446,-43.999919,-43.999862,-43.999752,-43.999742
1555.9844,-43.999831,-43.998853,-43.999369,-43.999525,-43.999449,-43.999941,-43.999901,-43.999793,-43.999777
1555.9875,-43.999782,-43.998897,-43.99943,-43.999474,-43.999462,-43.999952,-43.999931,-43.999832,-43.999813
1555.9906,-43.999715,-43.998954,-43.999493,-43.999432,-43.999482,-43.999955,-43.999953,-43.999868,-43.999845
1555.9938,-43.999644,-43.999015,-43.99955,-43.999401,-43.999505,-43.999951,-43.999967,-43.999897,-43.999872
1555.9969,-43.999585,-43.999064,-43.999595,-43.99938,-43.999525,-43.999946,-43.999975,-43.999918,-43.999891
1556,-43.99955,-43.999093,-43.999619,-43.99937,-43.999537,-43.999942,-43.999978,-43.999929,-43.999902
